$ bun scripts/sync-ai-catalog.ts && bun scripts/generate-theme-css.ts && bun run test:theme && bun run test:links && bun test scripts/seo-contract.test.ts scripts/sitemap.test.ts scripts/mdx-literal-tags.test.ts scripts/mcp-docs.test.ts && bun test scripts/kaana-brand.test.ts && bun run test:ai && bun scripts/generate-bloom-catalog.ts && bun scripts/generate-bloom-live-scope.ts && bun scripts/sync-docs.ts && bun scripts/sync-changelog.ts && bun scripts/build-help-og-images.ts && rm -rf node_modules/.tmp
[ai-catalog] OXY_PUBLIC_CATALOG_URL unset — keeping the committed snapshot (0 entries, source "placeholder")
[generate-theme-css] wrote /home/nate/Oxy/website/.worktrees/1519-final-sdk-adoption-20261003/src/styles/theme.generated.css
$ bun test scripts/theme-contract.test.ts
bun test v1.3.14 (0d9b296a)

scripts/theme-contract.test.ts:
(pass) Bloom theme contract > publishes every preset name exactly once [0.12ms]
(pass) Bloom theme contract > groups the same recipes that the website picker renders [0.13ms]
(pass) Bloom theme contract > offers only free recipes without inventing entitlement state [0.08ms]
(pass) Bloom theme contract > generates prepaint selectors for exactly the public presets [11.04ms]
(pass) Bloom theme contract > keeps the website brand presets in Bloom [0.03ms]
(pass) Bloom theme contract > resolves the paired light and dark roles used by the settings previews [1516.68ms]
(pass) Bloom theme contract > keeps the color lab role projection on Bloom resolved tokens [2935.63ms]
(pass) Bloom theme contract > does not add a local palette to the color lab chrome [0.37ms]
(pass) Bloom theme contract > keeps color lab media on versioned local assets [0.15ms]
(pass) Bloom theme contract > provisions Chromium before Cloudflare runs the browser-gated build [0.34ms]

 10 pass
 0 fail
 1812 expect() calls
Ran 10 tests across 1 file. [4.56s]
$ bun scripts/internal-links.test.ts
[internal-links] ok — every internal link points at its canonical URL
bun test v1.3.14 (0d9b296a)

scripts/seo-contract.test.ts:
(pass) internal links point at the canonical URL > adds the trailing slash Cloudflare would 308 to [0.31ms]
(pass) internal links point at the canonical URL > keeps the slash outside the query and the fragment [0.05ms]
(pass) internal links point at the canonical URL > leaves alone what Cloudflare serves verbatim or does not serve at all [0.09ms]
(pass) internal links point at the canonical URL > normalises the object form react-router also accepts [0.03ms]
(pass) internal links point at the canonical URL > canonicalHref covers prose links rendered outside the router [0.04ms]
(pass) locale mirrors only where a translation exists > marketing and content routes are mirrored [0.04ms]
(pass) locale mirrors only where a translation exists > synced developer documentation is not — it has no translated source [0.03ms]
(pass) locale mirrors only where a translation exists > the prefix match is on a whole segment [0.02ms]
(pass) locale mirrors only where a translation exists > the sitemap drops the alternates for a route with no mirror [0.24ms]
(pass) _redirects > ends in a real 404, not a 200 copy of the home page [0.04ms]
(pass) _redirects > contains no rewrite rule that could shadow a document [0.10ms]
(pass) _redirects > the only splat that can reach a document is the catch-all Pages skips [0.09ms]
(pass) _redirects > covers the trailing-slash form of every literal rule [0.05ms]
(pass) _redirects > collapses locale prefixes this build wrote no documents for [0.02ms]
(pass) _redirects > sends the unmirrored docs tree back to its single English copy [0.01ms]
(pass) _redirects > keeps the asset guards ahead of everything else
(pass) _redirects > retires the old ecosystem URLs at the edge
(pass) _redirects > redirects the retired Bloom playground and versioned aliases to the catalog [0.02ms]
(pass) _redirects > sends Bloom surfaces removed in 2.0 to their named successor only [0.09ms]
(pass) _redirects > never 301s a locale away because the readiness API timed out [0.27ms]
(pass) _redirects > stays inside Cloudflare’s ceiling for dynamic rules [0.07ms]
(pass) _redirects > the real locale list stays well inside the ceiling [0.39ms]
(pass) _redirects > refuses to emit a file Cloudflare would reject [1.55ms]
(pass) synced docs links > rewrites a source repo’s own root-relative link onto this site [0.11ms]
(pass) synced docs links > leaves a link that is not a sibling page alone [0.02ms]
(pass) SPA fallback (edge middleware) > claims the surfaces that have no build-time document [0.22ms]
(pass) SPA fallback (edge middleware) > leaves everything else to the 404 [0.08ms]
(pass) synced docs links that name a version this site does not serve > repoints an upstream branch name onto the synced version [0.10ms]
(pass) synced docs links that name a version this site does not serve > leaves a link alone when dropping the segment does not name a page [0.07ms]
(pass) synced docs links that name a version this site does not serve > a link already on the right version is normalised, not mangled [0.01ms]
(pass) synced docs links that name a version this site does not serve > recovers a link that dropped the package segment [0.02ms]
(pass) synced docs links that name a version this site does not serve > never captures a genuine cross-package link
(pass) cross-package documentation roots > repoints a branch-named package root using the complete synced index [0.04ms]
(pass) cross-package documentation roots > does not invent a destination for an unsynced package or nested page
(pass) academy titles come from the dictionary the SPA reads > the default-locale strings are the ones prerender has always emitted [0.05ms]
(pass) academy titles come from the dictionary the SPA reads > every locale keeps the placeholders its template is filled with [21.33ms]

scripts/mdx-literal-tags.test.ts:
(pass) escapeUnclosedProseTags > escapes a placeholder tag in prose so the document compiles [16.10ms]
(pass) escapeUnclosedProseTags > escapes every stray tag, not only the first [1.81ms]
(pass) escapeUnclosedProseTags > leaves real JSX, code and frontmatter untouched [1.87ms]
(pass) escapeUnclosedProseTags > does not paper over an unrelated syntax error [0.65ms]

scripts/mcp-docs.test.ts:
(pass) MCP docs drift > no retired MCP architecture outside a migration section [2.77ms]
(pass) MCP docs drift > documents the current endpoint and OAuth sign-in [0.20ms]
(pass) MCP docs drift > the detector allows a migration section and nothing after it [0.09ms]

scripts/sitemap.test.ts:
(pass) sitemap presentation > associates the generated sitemap with its human-readable stylesheet [0.10ms]
(pass) sitemap presentation > ships an XSLT 1.0 view that understands the sitemap namespace [0.13ms]

 45 pass
 0 fail
 204 expect() calls
Ran 45 tests across 4 files. [184.00ms]
bun test v1.3.14 (0d9b296a)

scripts/kaana-brand.test.ts:
(pass) Kaana public brand contract > ships the exact canonical source logo [0.72ms]
(pass) Kaana public brand contract > uses the source SVG without recoloring or optimization [0.76ms]
(pass) Kaana public brand contract > rejects changed logo bytes [0.55ms]

 3 pass
 0 fail
 14 expect() calls
Ran 3 tests across 1 file. [71.00ms]
$ bun test scripts/ai-catalog.test.ts scripts/ai-claims.test.ts scripts/ai-quickstart.test.ts scripts/sales-inquiry.test.ts
bun test v1.3.14 (0d9b296a)

scripts/ai-quickstart.test.ts:
(pass) quickstart snippets > there is at least one runnable first snippet per documented language [1.25ms]
(pass) quickstart snippets > sample keys are unique [0.08ms]
(pass) quickstart snippets > the first snippet in every language points at the documented base URL [0.03ms]
(pass) quickstart snippets > the base URL is the versioned one, not the API root [0.01ms]
(pass) quickstart snippets > every credential comes from the environment [0.01ms]
(pass) quickstart snippets > no snippet contains anything shaped like a real key [0.08ms]
(pass) quickstart snippets > the model id stays a placeholder until the catalogue is published [0.01ms]
(pass) console deep links > every link is under the Console origin [0.03ms]
(pass) console deep links > the root is available as the fallback for a target that is not deployed yet
(pass) console deep links > no deep link carries a credential or a token in the URL [0.07ms]
(pass) sales links preselect an option the form actually has > every service that routes to sales names a real interest [0.03ms]
(pass) sales links preselect an option the form actually has > no page hand-writes a `?interest=` the form would silently drop [10.20ms]

scripts/ai-catalog.test.ts:
(pass) availability is one vocabulary > every state maps to exactly one call-to-action intent [0.03ms]
(pass) availability is one vocabulary > a state that is not open for purchase cannot produce a purchase CTA [0.03ms]
(pass) availability is one vocabulary > internal_only renders no action at all [0.01ms]
(pass) availability is one vocabulary > deprecated stays listable so its sunset and replacement remain readable
(pass) availability is one vocabulary > no published service claims an availability the vocabulary does not have [0.03ms]
(pass) catalogue schema > rejects an unknown schema version rather than parsing leniently [0.08ms]
(pass) catalogue schema > rejects a payload that is not an object [0.02ms]
(pass) catalogue schema > rejects a malformed price rather than coercing it [0.69ms]
(pass) catalogue schema > the committed snapshot parses and carries nothing internal [0.12ms]
(pass) internal-only filtering > drops an entry whose commercial permission is internal_only [0.02ms]
(pass) internal-only filtering > drops an internal deployment and the references to it [0.01ms]
(pass) internal-only filtering > drops a price that only applied to a dropped deployment [0.01ms]
(pass) internal-only filtering > drops publishers and providers left with nothing behind them [0.02ms]
(pass) internal-only filtering > the leakage guard catches what the filter would have missed [0.17ms]
(pass) model ids survive a URL round trip > every shape decodes back to itself [0.17ms]
(pass) model ids survive a URL round trip > a slash inside the model half does not become a second route segment [0.02ms]
(pass) model ids survive a URL round trip > a literal tilde survives the slash encoding [0.01ms]
(pass) model ids survive a URL round trip > a malformed id yields no path rather than a broken one [0.01ms]
(pass) cost arithmetic is exact > decimal strings become nano-dollars without a float in between [0.08ms]
(pass) cost arithmetic is exact > excess precision is truncated, never rounded up [0.03ms]
(pass) cost arithmetic is exact > a per-million price times a large volume stays exact [0.39ms]
(pass) cost arithmetic is exact > an unpriced unit is reported, never counted as free [0.16ms]
(pass) cost arithmetic is exact > quantities from a form are integers, clamped, and never NaN [0.07ms]
(pass) cost arithmetic is exact > formatting truncates rather than rounding the price up [0.02ms]
(pass) the committed snapshot is honest about being empty > the placeholder carries no entries [0.01ms]

scripts/sales-inquiry.test.ts:
(pass) sales inquiry validation > accepts the minimum a useful inquiry needs and nothing less [1.47ms]
(pass) sales inquiry validation > marketing consent is off unless it is ticked [0.12ms]
(pass) sales inquiry validation > rejects a submission with no reply address [0.09ms]
(pass) sales inquiry validation > rejects an unknown interest rather than storing it [0.03ms]
(pass) sales inquiry validation > a website must be a full URL or absent [0.25ms]
(pass) sales inquiry validation > a message longer than the cap is rejected, not truncated [0.12ms]
(pass) sales inquiry validation > unknown fields are dropped rather than stored [0.04ms]
(pass) idempotency > the same submission twice produces the same key [0.04ms]
(pass) idempotency > a different use case is a different inquiry [0.05ms]
(pass) idempotency > a different person at the same company is a different inquiry [0.03ms]
(pass) the record holds nothing it should not > there is no column an IP address could be written to [0.03ms]
(pass) the record holds nothing it should not > there is no column a secret could be typed into [0.02ms]
(pass) the record holds nothing it should not > retention is a column, not a convention [0.02ms]
(pass) status vocabulary > stays small enough to be a lifecycle rather than a CRM [0.02ms]

scripts/ai-claims.test.ts:
(pass) the claims registry is maintained > every claim has an evidence owner [0.04ms]
(pass) the claims registry is maintained > every approved claim has an unexpired review date [0.07ms]
(pass) the claims registry is maintained > every claim names at least one surface it appears on [0.01ms]
(pass) the claims registry is maintained > claim ids are unique [0.02ms]
(pass) the claims registry is maintained > an approved claim carries its qualifier in the sentence itself [0.17ms]
(pass) published AI copy avoids unqualified claims > the canonical English AI namespace was actually found [0.02ms]
(pass) published AI copy avoids unqualified claims > no prohibited term appears without a scope qualifier beside it [1.18ms]
(pass) published AI copy avoids unqualified claims > no retired Alia alias is presented as a model [0.24ms]

 59 pass
 0 fail
 211 expect() calls
Ran 59 tests across 4 files. [126.00ms]
[generate-bloom-catalog] wrote /home/nate/Oxy/website/.worktrees/1519-final-sdk-adoption-20261003/src/content/bloom-catalog.generated.ts and 220 prop modules (220 surfaces, 1229 components, 711 distinct props types carrying 8492 props, 78039 inherited and named rather than listed)
[generate-bloom-catalog] upstream drift: 50 typed surface(s) are absent from Bloom's README component table and remain visible under Uncategorized: activity-feed, address, agent-avatar, agent-creator, appearance, bottom-bar, card-form, carrier-quote, cart-panel, checkout-summary, contact-card, delivery-slot, directions, earnings, empty-state, job-board, lead-score, locale, location-puck, mail-compose, mail-list, mail-thread, map-attribution, map-controls, menu-item, multi-agent-chat, navigation-banner, note-card, note-editor, order-confirmation, order-status, outline-nav, payment-method, payment-status, pipeline, place-card, place-details, place-list, price-breakdown, project-board, proof-of-delivery, route-stops, screen, shipment-request, sticker, surface, swipe-row, tag-field, vehicle-picker, vendor-card.
[generate-bloom-live-scope] wrote /home/nate/Oxy/website/.worktrees/1519-final-sdk-adoption-20261003/src/components/docs/BloomLiveScope.generated.ts (19 modules from 17 demos)
[sync-docs] building docs content tree...
[sync-docs] bloom/2.0.0/auth-card.mdx: escaped prose tag(s) <Brand> that MDX would read as unclosed elements.
[sync-docs] @oxy.so/bloom: 234 version(s) skipped (no matching git tag) — samples: 0.89.0, 0.88.0, 0.87.1.
[sync-docs] wrote 18 packages, 2967 pages.
[sync-changelog] no GITHUB_TOKEN set — anonymous rate limit applies (60 req/hr)
[sync-changelog] OxyHQ/website: 0 release(s)
[sync-changelog] OxyHQ/OxyHQServices: 1 release(s)
[sync-changelog] OxyHQ/Bloom: 50 release(s)
[sync-changelog] OxyHQ/Mention: 0 release(s)
[sync-changelog] OxyHQ/Allo: 0 release(s)
[sync-changelog] OxyHQ/Alia: 0 release(s)
[sync-changelog] OxyHQ/Homiio: 0 release(s)
[sync-changelog] OxyHQ/tnp: 2 release(s)
[sync-changelog] OxyHQ/Astro: 0 release(s)
[sync-changelog] wrote 53 entries from 9 repo(s) (0 cached) -> src/content/_changelog/index.json
[help-og] es/account/add-recovery-email.png (46050 B)
[help-og] account/add-recovery-email.png (35168 B)
[help-og] account/change-password.png (36467 B)
[help-og] account/delete-account.png (38346 B)
[help-og] auth/2fa-setup.png (37200 B)
[help-og] auth/fedcm-overview.png (39599 B)
[help-og] auth/sign-in-flow.png (38447 B)
[help-og] console/api-keys.png (36014 B)
[help-og] console/create-app.png (41887 B)
[help-og] console/usage-metrics.png (40562 B)
[help-og] getting-started/install-apps.png (43627 B)
[help-og] es/getting-started/welcome.png (36511 B)
[help-og] getting-started/welcome.png (38242 B)
[help-og] inbox/compose-message.png (34214 B)
[help-og] es/inbox/encryption.png (40508 B)
[help-og] inbox/encryption.png (44377 B)
[help-og] inbox/manage-labels.png (36888 B)
[help-og] done — 17 generated, 0 skipped (author-set), in 2465ms
$ tsc -b && vite build
vite v8.1.4 building client environment for production...
[2Ktransforming...[plugin rolldown:vite-resolve] Module "node:crypto" has been externalized for browser compatibility, imported by "/home/nate/Oxy/website/.worktrees/1519-final-sdk-adoption-20261003/node_modules/@oxy.so/protocol/dist/esm/platform/crypto.js". See https://vite.dev/guide/troubleshooting.html#module-externalized-for-browser-compatibility for more details.
[plugin rolldown:vite-resolve] Module "node:async_hooks" has been externalized for browser compatibility, imported by "/home/nate/Oxy/website/.worktrees/1519-final-sdk-adoption-20261003/node_modules/expo-font/build/serverContext.web.js". See https://vite.dev/guide/troubleshooting.html#module-externalized-for-browser-compatibility for more details.
✓ 22808 modules transformed.
rendering chunks...
computing gzip size...
dist/bloom-character/7.1.2/integrity.json                                                       0.38 kB │ gzip:     0.25 kB
dist/bloom-character/7.1.2/thumbnails/shapes/capsule.png                                        0.77 kB
dist/bloom-character/7.1.2/thumbnails/shapes/rounded_diamond.png                                0.79 kB
dist/bloom-character/7.1.2/preparation-worker.mjs                                               0.87 kB
dist/bloom-character/7.1.2/thumbnails/shapes/rounded_triangle.png                               0.92 kB
dist/bloom-character/7.1.2/thumbnails/shapes/four_lobed_butterfly.png                           0.96 kB
dist/bloom-character/7.1.2/thumbnails/shapes/circle_two_ears.png                                0.96 kB
dist/bloom-character/7.1.2/thumbnails/shapes/rounded_cube.png                                   0.96 kB
dist/bloom-character/7.1.2/thumbnails/shapes/rounded_head_two_ears.png                          0.97 kB
dist/bloom-character/7.1.2/thumbnails/shapes/circle.png                                         1.01 kB
dist/bloom-character/7.1.2/thumbnails/shapes/six_lobed_flower.png                               1.01 kB
dist/bloom-character/7.1.2/thumbnails/shapes/heart.png                                          1.02 kB
dist/bloom-character/7.1.2/thumbnails/shapes/twelve_scalloped_rosette.png                       1.04 kB
dist/bloom-character/7.1.2/thumbnails/eyes/dots.png                                             1.89 kB
dist/bloom-preview.html                                                                         2.41 kB │ gzip:     0.65 kB
dist/bloom-character/7.1.2/thumbnails/eyes/oval.png                                             2.43 kB
dist/bloom-character/7.1.2/legacy-engine.mjs                                                    2.79 kB
dist/bloom-character/7.1.2/thumbnails/eyes/sleepy_lids.png                                      2.84 kB
dist/bloom-character/7.1.2/thumbnails/eyes/swept_lids.png                                       3.43 kB
dist/bloom-character/7.1.2/README.md                                                            3.44 kB
dist/bloom-character/7.1.2/legacy-worker.mjs                                                    3.66 kB
dist/bloom-character/7.1.2/thumbnails/eyes/double_highlights.png                                4.09 kB
dist/bloom-character/7.1.2/render-budget.mjs                                                    4.20 kB
dist/bloom-character/7.1.2/thumbnails/eyes/round_inset.png                                      5.29 kB
dist/bloom-character/7.1.2/thumbnails/eyes/highlight_capsules.png                               5.68 kB
dist/assets/v4/roboto-vietnamese-400-normal-Bf76hAzZ.woff                                       6.08 kB
dist/assets/v4/roboto-vietnamese-700-normal-kpkdMgbf.woff                                       6.10 kB
dist/assets/v4/roboto-vietnamese-500-normal-BgoYVz-9.woff                                       6.13 kB
dist/assets/v4/avatar-athina-Brd15tWy.jpg                                                       6.46 kB
dist/assets/v4/avatar-joan-CVN4q6Bq.jpg                                                         6.49 kB
dist/bloom-character/7.1.2/thumbnails/eyes/sparkle_capsules.png                                 7.09 kB
dist/assets/v4/roboto-greek-400-normal-D904r64h.woff                                            7.42 kB
dist/assets/v4/roboto-greek-700-normal-xQsEWSIA.woff                                            7.45 kB
dist/assets/v4/roboto-greek-500-normal-XBIQOowA.woff                                            7.47 kB
dist/bloom-character/7.1.2/managed-avatar.mjs                                                   7.51 kB
dist/assets/v4/roboto-vietnamese-400-normal-D2PTxGxD.woff2                                      8.36 kB
dist/index.html                                                                                 8.36 kB │ gzip:     2.65 kB
dist/assets/v4/roboto-vietnamese-700-normal-BEVeWqJt.woff2                                      8.41 kB
dist/assets/v4/roboto-vietnamese-500-normal-B3ncpOoB.woff2                                      8.54 kB
dist/assets/v4/phone-BiPhKU3t.png                                                               8.71 kB
dist/assets/v4/roboto-symbols-500-normal-DFnofPUt.woff                                          8.73 kB
dist/assets/v4/roboto-symbols-400-normal-C7tGlxgb.woff                                          8.75 kB
dist/assets/v4/roboto-symbols-700-normal-C59U6HqI.woff                                          8.77 kB
dist/assets/v4/roboto-greek-400-normal-ai2Z1K3C.woff2                                           9.55 kB
dist/assets/v4/roboto-greek-500-normal-C9AnhcmC.woff2                                           9.61 kB
dist/assets/v4/roboto-greek-700-normal-0aHWxGLu.woff2                                           9.63 kB
dist/assets/v4/roboto-cyrillic-400-normal-BepgbcUK.woff                                        10.20 kB
dist/assets/v4/roboto-cyrillic-500-normal-C8ZOEKN4.woff                                        10.39 kB
dist/assets/v4/roboto-cyrillic-700-normal-D8g9KsRf.woff                                        10.39 kB
dist/bloom-character/7.1.2/appearance-codec.mjs                                                10.48 kB
dist/bloom-character/7.1.2/legacy-geometry.mjs                                                 10.51 kB
dist/assets/v4/roboto-symbols-400-normal-CB1Ce4Gk.woff2                                        10.73 kB
dist/assets/v4/roboto-symbols-500-normal-B_CZKVJS.woff2                                        10.83 kB
dist/assets/v4/roboto-symbols-700-normal-BiFDindJ.woff2                                        10.86 kB
dist/assets/v4/roboto-cyrillic-400-normal-CBPI_iaY.woff2                                       12.10 kB
dist/bloom-character/7.1.2/thumbnails/eyes/crescent_inset.png                                  12.34 kB
dist/assets/v4/roboto-cyrillic-500-normal-CLao9AfR.woff2                                       12.35 kB
dist/assets/v4/roboto-cyrillic-700-normal-C2o7G-SM.woff2                                       12.41 kB
dist/assets/v4/avatar-nate-BwACWFCq.jpg                                                        13.27 kB
dist/assets/v4/roboto-latin-ext-400-normal-CIveymTr.woff                                       13.83 kB
dist/assets/v4/roboto-latin-ext-700-normal-BDePAh3g.woff                                       13.83 kB
dist/assets/v4/roboto-latin-ext-500-normal-C1cK9xmS.woff                                       13.91 kB
dist/assets/v4/roboto-latin-ext-400-normal-C3tdtHj3.woff2                                      15.04 kB
dist/assets/v4/roboto-latin-ext-500-normal-pMCM9Ixg.woff2                                      15.16 kB
dist/assets/v4/roboto-latin-ext-700-normal-DSBUz0N1.woff2                                      15.19 kB
dist/assets/v4/roboto-cyrillic-ext-400-normal-DhDk0Xwi.woff                                    15.95 kB
dist/assets/v4/roboto-cyrillic-ext-500-normal-SCgicl0l.woff                                    16.09 kB
dist/assets/v4/roboto-cyrillic-ext-700-normal-BWOtdzfy.woff                                    16.09 kB
dist/assets/v4/avatar-vecna-l-NtTSw-.png                                                       16.69 kB
dist/assets/v4/roboto-cyrillic-ext-400-normal-qHufge6k.woff2                                   17.37 kB
dist/assets/v4/roboto-cyrillic-ext-500-normal-BWC_xYeb.woff2                                   17.59 kB
dist/assets/v4/roboto-cyrillic-ext-700-normal-DmFxo5wj.woff2                                   17.62 kB
dist/assets/v4/avatar-oxy-ChTp2w1l.jpg                                                         17.99 kB
dist/assets/v4/roboto-math-400-normal-D6sS4O5l.woff                                            18.76 kB
dist/assets/v4/roboto-math-500-normal-BNGXE_xU.woff                                            18.84 kB
dist/assets/v4/roboto-math-700-normal-DbhUef31.woff                                            18.89 kB
dist/assets/v4/roboto-math-400-normal-BEFej5gc.woff2                                           20.08 kB
dist/assets/v4/roboto-math-500-normal-C4NU9gLX.woff2                                           20.30 kB
dist/assets/v4/roboto-math-700-normal-B8YqGHVc.woff2                                           20.39 kB
dist/assets/v4/roboto-latin-400-normal-D27F5sTu.woff                                           21.06 kB
dist/assets/v4/roboto-latin-500-normal-fsTFPL3E.woff                                           21.16 kB
dist/assets/v4/roboto-latin-700-normal-YuyVweIx.woff                                           21.21 kB
dist/assets/v4/roboto-latin-400-normal-BqEyEoaF.woff2                                          21.88 kB
dist/assets/v4/roboto-latin-500-normal-7RbcRiD8.woff2                                          22.20 kB
dist/assets/v4/roboto-latin-700-normal-BZpUvMxY.woff2                                          22.24 kB
dist/bloom-character/7.1.2/runtime.mjs                                                         27.42 kB
dist/assets/v4/sandra-s0C3-Ttm.jpg                                                             28.66 kB
dist/assets/v4/OxyServicesMaterialCommunityIcons-DVHLYwp4.ttf                                  28.85 kB
dist/assets/v4/post-upsidedown-DTiUV5oV.webp                                                   36.38 kB
dist/assets/v4/post-oxy-CFUwzdXc.jpg                                                           36.92 kB
dist/assets/v4/JetBrainsMono-Variable-B9CIFXIH.woff2                                           40.40 kB
dist/assets/v4/torrent-olla-B9mvHBHf.jpg                                                       42.89 kB
dist/assets/v4/OxyServicesIonicons-B1hZ8Dc8.ttf                                                43.00 kB
dist/assets/v4/slide-4-DSNFt0xP.jpg                                                            46.63 kB
dist/assets/v4/InterVariable-Dx4kXJAl.woff2                                                    48.25 kB
dist/assets/v4/teresa-pamies-26MCy0Ju.jpg                                                      53.38 kB
dist/assets/v4/industria-BF1uFaoH.jpg                                                          54.92 kB
dist/assets/v4/post-oxy2-CzlTSj4H.jpg                                                          58.12 kB
dist/assets/v4/slide-3-Bp5gr1Be.jpg                                                            59.18 kB
dist/assets/v4/sant-antoni-CQ2MD0ah.jpg                                                        64.24 kB
dist/assets/v4/post-nate-CiYl2_TQ.jpg                                                          65.28 kB
dist/assets/v4/sky-BnlV55XI.jpg                                                                66.81 kB
dist/assets/v4/BlomusModernus-Bold-0E_Y-ihB.woff2                                              77.61 kB
dist/assets/v4/BlomusModernus-Regular-kZR3rHS0.woff2                                           77.64 kB
dist/assets/v4/gaudi-Bpjw_vC0.jpg                                                              79.10 kB
dist/assets/v4/slide-2-BAN8I4Iy.jpg                                                            87.90 kB
dist/assets/v4/slide-1-CPYeLD4l.jpg                                                           102.17 kB
dist/assets/v4/logo-CyYZ9L_6.png                                                              117.42 kB
dist/assets/v4/manso-BCEtQk0T.jpeg                                                            142.68 kB
dist/assets/v4/roger-lluria-DwBrgsOi.jpg                                                      156.07 kB
dist/bloom-character/7.1.2/orbit-characters.mjs                                               225.15 kB
dist/bloom-character/7.1.2/orbit-characters.data                                            3,691.55 kB
dist/bloom-character/7.1.2/orbit-characters.wasm                                            6,902.58 kB │ gzip: 4,858.38 kB
dist/assets/v4/main-Xhmrmc8Z.css                                                                0.32 kB │ gzip:     0.22 kB
dist/assets/v4/AstroPage-CUZRLe01.css                                                           3.41 kB │ gzip:     0.87 kB
dist/assets/v4/vendor-carousel-Bdbi0viN.css                                                     4.82 kB │ gzip:     1.13 kB
dist/assets/v4/bloom-landing-CH5liVJ6.css                                                       6.28 kB │ gzip:     1.63 kB
dist/assets/v4/BrandPage-CQkdX9_5.css                                                          14.40 kB │ gzip:     3.28 kB
dist/assets/v4/DashboardPage-CoGoJILN.css                                                      42.27 kB │ gzip:    18.59 kB
dist/assets/v4/src-Cs5H0ZKE.css                                                               860.69 kB │ gzip:   121.91 kB
dist/assets/v4/industria-CURRB6k8.js                                                            0.05 kB │ gzip:     0.07 kB
dist/assets/v4/__vite-browser-external-dUYCsPx3.js                                              0.06 kB │ gzip:     0.08 kB
dist/assets/v4/AccountMembersScreen-D6kTF0JA.js                                                 0.06 kB │ gzip:     0.08 kB
dist/assets/v4/AccountSettingsScreen-DJcC2mzW.js                                                0.06 kB │ gzip:     0.08 kB
dist/assets/v4/AccountVerificationScreen-BeiB_M5q.js                                            0.06 kB │ gzip:     0.08 kB
dist/assets/v4/AppInfoScreen-DIAbUOp5.js                                                        0.06 kB │ gzip:     0.08 kB
dist/assets/v4/AvatarCropScreen-C13ClwpI.js                                                     0.06 kB │ gzip:     0.08 kB
dist/assets/v4/ChangeAvatarScreen-CJp7gt55.js                                                   0.06 kB │ gzip:     0.08 kB
dist/assets/v4/ConnectedAppsScreen-DBT5I97Q.js                                                  0.06 kB │ gzip:     0.08 kB
dist/assets/v4/CreateAccountScreen-Bx9G2I1q.js                                                  0.06 kB │ gzip:     0.08 kB
dist/assets/v4/DeleteAccountScreen-BPFvUxmQ.js                                                  0.06 kB │ gzip:     0.08 kB
dist/assets/v4/DomainsScreen-DkNN7eSY.js                                                        0.06 kB │ gzip:     0.08 kB
dist/assets/v4/EditProfileFieldScreen-tAucpzsU.js                                               0.06 kB │ gzip:     0.08 kB
dist/assets/v4/EditProfileScreen-CxCvQBuq.js                                                    0.06 kB │ gzip:     0.08 kB
dist/assets/v4/FileManagementScreen-BB8J3S7q.js                                                 0.06 kB │ gzip:     0.08 kB
dist/assets/v4/FollowersListScreen-B95Qrd8_.js                                                  0.06 kB │ gzip:     0.08 kB
dist/assets/v4/FollowingListScreen-Bj4SyT8P.js                                                  0.06 kB │ gzip:     0.08 kB
dist/assets/v4/HelpSupportScreen-DRw6dM0K.js                                                    0.06 kB │ gzip:     0.08 kB
dist/assets/v4/HistoryViewScreen-C0PZ5yZM.js                                                    0.06 kB │ gzip:     0.08 kB
dist/assets/v4/LanguageSelectorScreen-aICKMjX9.js                                               0.06 kB │ gzip:     0.08 kB
dist/assets/v4/LearnMoreUsernamesScreen-B5OA12O8.js                                             0.06 kB │ gzip:     0.08 kB
dist/assets/v4/LegalDocumentsScreen-qtV32TmX.js                                                 0.06 kB │ gzip:     0.08 kB
dist/assets/v4/LinkCommonsScreen-DykkCWbA.js                                                    0.06 kB │ gzip:     0.08 kB
dist/assets/v4/ManageAccountScreen-BdgULBJ8.js                                                  0.06 kB │ gzip:     0.08 kB
dist/assets/v4/NotificationsScreen-Bgqkc-lI.js                                                  0.06 kB │ gzip:     0.08 kB
dist/assets/v4/OxyAccountDialogScreen-DeZBluYW.js                                               0.06 kB │ gzip:     0.08 kB
dist/assets/v4/PaymentGatewayScreen-CETPnxXW.js                                                 0.06 kB │ gzip:     0.08 kB
dist/assets/v4/PreferencesScreen-CCTVV0QS.js                                                    0.06 kB │ gzip:     0.08 kB
dist/assets/v4/PrivacySettingsScreen-DPUHq-AS.js                                                0.06 kB │ gzip:     0.08 kB
dist/assets/v4/ProfileScreen-B0SoyfGi.js                                                        0.06 kB │ gzip:     0.08 kB
dist/assets/v4/SearchSettingsScreen-C-Sp7oHH.js                                                 0.06 kB │ gzip:     0.08 kB
dist/assets/v4/SignInAuthenticatorScreen-Bhmd18Jv.js                                            0.06 kB │ gzip:     0.08 kB
dist/assets/v4/SignInPasswordScreen-Bg7_i_qv.js                                                 0.06 kB │ gzip:     0.08 kB
dist/assets/v4/TrustAboutScreen-Cdf__V-D.js                                                     0.06 kB │ gzip:     0.08 kB
dist/assets/v4/TrustCenterScreen-CORXa4L2.js                                                    0.06 kB │ gzip:     0.08 kB
dist/assets/v4/TrustFAQScreen-SQ2oRjXU.js                                                       0.06 kB │ gzip:     0.08 kB
dist/assets/v4/TrustLeaderboardScreen-CV827x-f.js                                               0.06 kB │ gzip:     0.08 kB
dist/assets/v4/TrustRewardsScreen-CkGNY0LU.js                                                   0.06 kB │ gzip:     0.08 kB
dist/assets/v4/TrustRulesScreen-n7_HmtJ8.js                                                     0.06 kB │ gzip:     0.08 kB
dist/assets/v4/UserLinksScreen-Bn4yEPbc.js                                                      0.06 kB │ gzip:     0.08 kB
dist/assets/v4/WelcomeNewUserScreen-BG8ao1_x.js                                                 0.06 kB │ gzip:     0.08 kB
dist/assets/v4/ar-Bg7hs2Na.js                                                                   0.06 kB │ gzip:     0.08 kB
dist/assets/v4/ar-SA-CCqTA1bG.js                                                                0.06 kB │ gzip:     0.08 kB
dist/assets/v4/bn-3TdxuJdy.js                                                                   0.06 kB │ gzip:     0.08 kB
dist/assets/v4/ca-BKlc3ytX.js                                                                   0.06 kB │ gzip:     0.08 kB
dist/assets/v4/ca-ES-D37tfgjB.js                                                                0.06 kB │ gzip:     0.08 kB
dist/assets/v4/de-DE-C3y6cL1Y.js                                                                0.06 kB │ gzip:     0.08 kB
dist/assets/v4/de-DIJmwFFt.js                                                                   0.06 kB │ gzip:     0.08 kB
dist/assets/v4/es-BswD1u0Q.js                                                                   0.06 kB │ gzip:     0.08 kB
dist/assets/v4/es-ES-DzQWvskJ.js                                                                0.06 kB │ gzip:     0.08 kB
dist/assets/v4/fr-FR-BapteSXQ.js                                                                0.06 kB │ gzip:     0.08 kB
dist/assets/v4/fr-mrdthYP5.js                                                                   0.06 kB │ gzip:     0.08 kB
dist/assets/v4/hi-DIa1Oj68.js                                                                   0.06 kB │ gzip:     0.08 kB
dist/assets/v4/id-BwjoS7_b.js                                                                   0.06 kB │ gzip:     0.08 kB
dist/assets/v4/it-BTxZzPqR.js                                                                   0.06 kB │ gzip:     0.08 kB
dist/assets/v4/it-IT-BTOVeX5h.js                                                                0.06 kB │ gzip:     0.08 kB
dist/assets/v4/ja-JP-Dc2GNAa3.js                                                                0.06 kB │ gzip:     0.08 kB
dist/assets/v4/ja-aXgFQsX_.js                                                                   0.06 kB │ gzip:     0.08 kB
dist/assets/v4/ko-KR-pbPWL_zE.js                                                                0.06 kB │ gzip:     0.08 kB
dist/assets/v4/pt-DzgQwhIS.js                                                                   0.06 kB │ gzip:     0.08 kB
dist/assets/v4/pt-PT-CKH7VlFw.js                                                                0.06 kB │ gzip:     0.08 kB
dist/assets/v4/ru-BCWWdog0.js                                                                   0.06 kB │ gzip:     0.08 kB
dist/assets/v4/tr-B-z4RpLN.js                                                                   0.06 kB │ gzip:     0.08 kB
dist/assets/v4/zh-CN-Cx8tiIZX.js                                                                0.06 kB │ gzip:     0.08 kB
dist/assets/v4/zh-DJfVYlYf.js                                                                   0.06 kB │ gzip:     0.08 kB
dist/assets/v4/NotFoundPage-ciecMp_C.js                                                         0.06 kB │ gzip:     0.08 kB
dist/assets/v4/AgentScalarChatInterface.vue-CJh6Tx81.js                                         0.07 kB │ gzip:     0.08 kB
dist/assets/v4/preset-vars-DwIRN9Bl.js                                                          0.07 kB │ gzip:     0.09 kB
dist/assets/v4/color-presets-89TCIbuu.js                                                        0.07 kB │ gzip:     0.09 kB
dist/assets/v4/design-tokens-B6pGePPv.js                                                        0.07 kB │ gzip:     0.09 kB
dist/assets/v4/empty-module-DfEEvIx-.js                                                         0.07 kB │ gzip:     0.09 kB
dist/assets/v4/dist-8JdUAxYy.js                                                                 0.08 kB │ gzip:     0.09 kB
dist/assets/v4/tailwind-preset-BejuAyM9.js                                                      0.08 kB │ gzip:     0.09 kB
dist/assets/v4/expo-router-4fPnJWIb.js                                                          0.08 kB │ gzip:     0.09 kB
dist/assets/v4/travel-map-earth-globe.svg-CR43oU1X.js                                           0.08 kB │ gzip:     0.09 kB
dist/assets/v4/interface-time-clock-circle.svg-ICFf3DSo.js                                      0.08 kB │ gzip:     0.09 kB
dist/assets/v4/interface-time-hour-glass.svg-DvAKdVmx.js                                        0.08 kB │ gzip:     0.09 kB
dist/assets/v4/interface-users-multiple.svg-BuqZpYiK.js                                         0.08 kB │ gzip:     0.09 kB
dist/assets/v4/interface-weather-moon.svg-DSymInVH.js                                           0.08 kB │ gzip:     0.09 kB
dist/assets/v4/mail-chat-bubble-square.svg-CX_ciqGM.js                                          0.08 kB │ gzip:     0.09 kB
dist/assets/v4/mail-send-email-paper-airplane.svg-C_g4J_VN.js                                   0.08 kB │ gzip:     0.09 kB
dist/assets/v4/mail-send-envelope.svg-0LPvdbKN.js                                               0.08 kB │ gzip:     0.09 kB
dist/assets/v4/money-cashier-receipt.svg-CwXB33ad.js                                            0.08 kB │ gzip:     0.09 kB
dist/assets/v4/money-currency-dollar-pay.svg-DquPUbzd.js                                        0.08 kB │ gzip:     0.09 kB
dist/assets/v4/money-graph-arrow-increase.svg-CwfJS3dS.js                                       0.08 kB │ gzip:     0.09 kB
dist/assets/v4/money-graph-bar-chart-increase.svg-D7N_H92W.js                                   0.08 kB │ gzip:     0.09 kB
dist/assets/v4/nature-ecology-leaf.svg-DBcEOVXM.js                                              0.08 kB │ gzip:     0.09 kB
dist/assets/v4/phone-telephone.svg-CBLy7KpQ.js                                                  0.08 kB │ gzip:     0.09 kB
dist/assets/v4/programming-bug.svg-CX9VbtoT.js                                                  0.08 kB │ gzip:     0.09 kB
dist/assets/v4/programming-cloud.svg-B0gEzHrC.js                                                0.08 kB │ gzip:     0.09 kB
dist/assets/v4/programming-computer-database-server.svg-DFQLT5Ei.js                             0.08 kB │ gzip:     0.09 kB
dist/assets/v4/programming-computer-database.svg-BYvaPh7H.js                                    0.08 kB │ gzip:     0.09 kB
dist/assets/v4/programming-module-four-layout.svg-3WonN_V8.js                                   0.08 kB │ gzip:     0.09 kB
dist/assets/v4/programming-module-three.svg-BtgXv9Kw.js                                         0.08 kB │ gzip:     0.09 kB
dist/assets/v4/programming-module.svg-BVwJ8R2_.js                                               0.08 kB │ gzip:     0.09 kB
dist/assets/v4/programming-script-code.svg-PF_rR7NS.js                                          0.08 kB │ gzip:     0.09 kB
dist/assets/v4/shopping-cart.svg-tLVS9_lI.js                                                    0.08 kB │ gzip:     0.09 kB
dist/assets/v4/shopping-gift-present.svg-dxYZljM3.js                                            0.08 kB │ gzip:     0.09 kB
dist/assets/v4/shopping-shipping-box-parcel-package.svg-DY8pwRU5.js                             0.08 kB │ gzip:     0.09 kB
dist/assets/v4/tag-new-circle.svg-2ir-zEa1.js                                                   0.08 kB │ gzip:     0.09 kB
dist/assets/v4/image-aspect-ratio-cache-mMebprUh.js                                             0.08 kB │ gzip:     0.10 kB
dist/assets/v4/interface-signal-square.svg-B1xjo3gt.js                                          0.08 kB │ gzip:     0.09 kB
dist/assets/v4/basic-shape-diamond.svg-CoWsmPVm.js                                              0.09 kB │ gzip:     0.09 kB
dist/assets/v4/basic-shape-hexagon.svg-BzZEcqtY.js                                              0.09 kB │ gzip:     0.09 kB
dist/assets/v4/basic-shape-primary-circle-ellipse-round.svg-DRLomZqX.js                         0.09 kB │ gzip:     0.10 kB
dist/assets/v4/basic-shape-primary-square-rectangle.svg-DNUjHHAy.js                             0.09 kB │ gzip:     0.09 kB
dist/assets/v4/basic-shape-shield.svg-_kvMoFsd.js                                               0.09 kB │ gzip:     0.09 kB
dist/assets/v4/computer-device-desktop-monitor.svg-DsPfUe-q.js                                  0.09 kB │ gzip:     0.09 kB
dist/assets/v4/computer-device-desktop.svg-BO_0RO20.js                                          0.09 kB │ gzip:     0.09 kB
dist/assets/v4/computer-device-laptop.svg-zK1PjJs_.js                                           0.09 kB │ gzip:     0.09 kB
dist/assets/v4/computer-device-mobile-phone-android-samsung-back.svg-Dljb6aSr.js                0.09 kB │ gzip:     0.09 kB
dist/assets/v4/computer-device-mobile-phone-android-samsung.svg-Cl-a6E_p.js                     0.09 kB │ gzip:     0.09 kB
dist/assets/v4/computer-device-mobile-phone-iphone-x-back.svg-CXgBrcd5.js                       0.09 kB │ gzip:     0.09 kB
dist/assets/v4/computer-device-mobile-phone-iphone-x.svg-Coeonxnt.js                            0.09 kB │ gzip:     0.09 kB
dist/assets/v4/computer-device-mobile-tablet-touch.svg-B70WlmeR.js                              0.09 kB │ gzip:     0.09 kB
dist/assets/v4/computer-device-mobile-tablet.svg-C56SJHds.js                                    0.09 kB │ gzip:     0.09 kB
dist/assets/v4/computer-device-network-ethernet-cat6.svg-BnaF2blO.js                            0.09 kB │ gzip:     0.09 kB
dist/assets/v4/computer-device-network-lan-www.svg-DaZDALVC.js                                  0.09 kB │ gzip:     0.09 kB
dist/assets/v4/computer-device-network-wifi-connection.svg-BrqntnD0.js                          0.09 kB │ gzip:     0.09 kB
dist/assets/v4/computer-device-network-wifi-router.svg-OKWmNrls.js                              0.09 kB │ gzip:     0.09 kB
dist/assets/v4/ecology-science-erlenmeyer-flask.svg-BrObgpbH.js                                 0.09 kB │ gzip:     0.09 kB
dist/assets/v4/image-flash-lightning.svg-whMtdDH8.js                                            0.09 kB │ gzip:     0.09 kB
dist/assets/v4/image-picture-flower.svg-Bs8xzfNp.js                                             0.09 kB │ gzip:     0.09 kB
dist/assets/v4/interface-alert-exclamation-diamond.svg-B1J12TY8.js                              0.09 kB │ gzip:     0.09 kB
dist/assets/v4/interface-alert-exclamation-triangle-warning.svg-D6GvqRXd.js                     0.09 kB │ gzip:     0.09 kB
dist/assets/v4/interface-alert-information-circle.svg-CxLiy6ks.js                               0.09 kB │ gzip:     0.09 kB
dist/assets/v4/interface-award-crown.svg-DTRnEXqX.js                                            0.09 kB │ gzip:     0.09 kB
dist/assets/v4/interface-bookmark-tag.svg-CRpOilif.js                                           0.09 kB │ gzip:     0.09 kB
dist/assets/v4/interface-bookmark.svg-Ek727aw3.js                                               0.09 kB │ gzip:     0.09 kB
dist/assets/v4/interface-calendar-date-one.svg-UnxEMuyf.js                                      0.09 kB │ gzip:     0.09 kB
dist/assets/v4/interface-content-book-open-pages.svg-D6heZ5w8.js                                0.09 kB │ gzip:     0.09 kB
dist/assets/v4/interface-content-book-page.svg-R4x_9VpL.js                                      0.09 kB │ gzip:     0.09 kB
dist/assets/v4/interface-content-file.svg-C7nUBm6J.js                                           0.09 kB │ gzip:     0.09 kB
dist/assets/v4/interface-copy-clipboard.svg-BWWUUdC-.js                                         0.09 kB │ gzip:     0.09 kB
dist/assets/v4/interface-edit-attachment.svg-B3AknVcD.js                                        0.09 kB │ gzip:     0.09 kB
dist/assets/v4/interface-edit-binocular.svg-B0UAcCkl.js                                         0.09 kB │ gzip:     0.09 kB
dist/assets/v4/interface-edit-magic-wand.svg-CmXYJ1Gd.js                                        0.09 kB │ gzip:     0.09 kB
dist/assets/v4/interface-edit-tool-paint-roller.svg-DlL987oB.js                                 0.09 kB │ gzip:     0.09 kB
dist/assets/v4/interface-edit-tool-pencil.svg-C4kkKNop.js                                       0.09 kB │ gzip:     0.09 kB
dist/assets/v4/interface-favorite-award.svg-rKiol-o-.js                                         0.09 kB │ gzip:     0.09 kB
dist/assets/v4/interface-favorite-flag.svg-BRD_m483.js                                          0.09 kB │ gzip:     0.09 kB
dist/assets/v4/interface-favorite-heart.svg-CjenDbHY.js                                         0.09 kB │ gzip:     0.09 kB
dist/assets/v4/interface-favorite-star.svg-BTvPbLx1.js                                          0.09 kB │ gzip:     0.09 kB
dist/assets/v4/interface-favorite-stars-sparkles.svg-zolP8xpx.js                                0.09 kB │ gzip:     0.09 kB
dist/assets/v4/interface-hierarchy-flowchart.svg-DKulnUra.js                                    0.09 kB │ gzip:     0.09 kB
dist/assets/v4/interface-home-house.svg-BNn4KGoz.js                                             0.09 kB │ gzip:     0.09 kB
dist/assets/v4/interface-hyperlink.svg-Ck5M-4x6.js                                              0.09 kB │ gzip:     0.09 kB
dist/assets/v4/interface-lighting-brightness.svg-CUGuYRZP.js                                    0.09 kB │ gzip:     0.09 kB
dist/assets/v4/interface-lock-closed.svg-CxHJFwM7.js                                            0.09 kB │ gzip:     0.09 kB
dist/assets/v4/interface-lock-open-unlock.svg-BkXJJLeP.js                                       0.09 kB │ gzip:     0.09 kB
dist/assets/v4/interface-login-key.svg-Bck4bzqs.js                                              0.09 kB │ gzip:     0.09 kB
dist/assets/v4/interface-search.svg-B7viOg7I.js                                                 0.09 kB │ gzip:     0.09 kB
dist/assets/v4/interface-setting-cog.svg-Bb9DJPYC.js                                            0.09 kB │ gzip:     0.09 kB
dist/assets/v4/interface-share-megaphone-bullhorn.svg-BHzl5vKl.js                               0.09 kB │ gzip:     0.09 kB
dist/assets/v4/interface-share-rocket.svg-DJxPIGo9.js                                           0.09 kB │ gzip:     0.09 kB
dist/assets/v4/interface-share-satellite.svg-Dgaj58cw.js                                        0.09 kB │ gzip:     0.09 kB
dist/assets/v4/interface-share-space-ship.svg-BZI00lqm.js                                       0.09 kB │ gzip:     0.09 kB
dist/assets/v4/interface-share.svg-_Z2cOkYN.js                                                  0.09 kB │ gzip:     0.09 kB
dist/assets/v4/ColorEngine.RoleName-DsG6avsG.js                                                 0.09 kB │ gzip:     0.10 kB
dist/assets/v4/Direction-CsP9p74g.js                                                            0.09 kB │ gzip:     0.10 kB
dist/assets/v4/SortOrder-D0Tbc3JS.js                                                            0.09 kB │ gzip:     0.10 kB
dist/assets/v4/modal-ARHz1FNA.js                                                                0.09 kB │ gzip:     0.10 kB
dist/assets/v4/Card-DBkRSRlv.js                                                                 0.10 kB │ gzip:     0.10 kB
dist/assets/v4/Chip-Ai9abV8f.js                                                                 0.10 kB │ gzip:     0.10 kB
dist/assets/v4/Tabs-Dkr9INWR.js                                                                 0.10 kB │ gzip:     0.10 kB
dist/assets/v4/Badge-B_6fuSdO.js                                                                0.10 kB │ gzip:     0.10 kB
dist/assets/v4/Avatar-CSjVv7cR.js                                                               0.10 kB │ gzip:     0.10 kB
dist/assets/v4/Button-l8uuu3pQ.js                                                               0.10 kB │ gzip:     0.10 kB
dist/assets/v4/Dialog-CzFXdLG9.js                                                               0.10 kB │ gzip:     0.10 kB
dist/assets/v4/MenubarSubProps-DC6rlD47.js                                                      0.10 kB │ gzip:     0.10 kB
dist/assets/v4/Select-ClAPhMtd.js                                                               0.10 kB │ gzip:     0.10 kB
dist/assets/v4/Slider-8CsU7plC.js                                                               0.10 kB │ gzip:     0.10 kB
dist/assets/v4/SpinnerIcon.displayName-B8BAu-i6.js                                              0.10 kB │ gzip:     0.10 kB
dist/assets/v4/Switch-CGx9GsYy.js                                                               0.10 kB │ gzip:     0.10 kB
dist/assets/v4/Divider-DD8JCrDh.js                                                              0.10 kB │ gzip:     0.10 kB
dist/assets/v4/Loading-BiHDKzwc.js                                                              0.10 kB │ gzip:     0.10 kB
dist/assets/v4/Tooltip-CATQdhHO.js                                                              0.10 kB │ gzip:     0.10 kB
dist/assets/v4/Checkbox-BMffDScE.js                                                             0.10 kB │ gzip:     0.10 kB
dist/assets/v4/MenubarItemProps-Dlwzbl5k.js                                                     0.10 kB │ gzip:     0.10 kB
dist/assets/v4/Skeleton-BMEG2cpn.js                                                             0.10 kB │ gzip:     0.10 kB
dist/assets/v4/Accordion-CjAWOrpL.js                                                            0.10 kB │ gzip:     0.10 kB
dist/assets/v4/TextField-tFlIyIeo.js                                                            0.10 kB │ gzip:     0.10 kB
dist/assets/v4/MenubarGroupProps-BBrTBc1M.js                                                    0.10 kB │ gzip:     0.10 kB
dist/assets/v4/MenubarLabelProps-AAo29I6O.js                                                    0.10 kB │ gzip:     0.10 kB
dist/assets/v4/charter-BTgy6wpB.js                                                              0.10 kB │ gzip:     0.11 kB
dist/assets/v4/mission-CwLp57nJ.js                                                              0.10 kB │ gzip:     0.10 kB
dist/assets/v4/welcome-thD-KsSJ.js                                                              0.10 kB │ gzip:     0.10 kB
dist/assets/v4/api-keys-Dhcjrrlf.js                                                             0.10 kB │ gzip:     0.11 kB
dist/assets/v4/business-fbzl-iu6.js                                                             0.10 kB │ gzip:     0.11 kB
dist/assets/v4/2fa-setup-Dye8uqyJ.js                                                            0.11 kB │ gzip:     0.11 kB
dist/assets/v4/AnalyticsData-dJ7V2AwW.js                                                        0.11 kB │ gzip:     0.12 kB
dist/assets/v4/ContextMenuSubProps-B3X1Uo17.js                                                  0.11 kB │ gzip:     0.10 kB
dist/assets/v4/influence-jqI55gZi.js                                                            0.11 kB │ gzip:     0.11 kB
dist/assets/v4/manifesto-TgJfzi2B.js                                                            0.11 kB │ gzip:     0.11 kB
dist/assets/v4/Fonts.FONT_ASSETS-DCSe1YdJ.js                                                    0.11 kB │ gzip:     0.12 kB
dist/assets/v4/LineChartShape-COlwaYWs.js                                                       0.11 kB │ gzip:     0.11 kB
dist/assets/v4/LogoIcon-Bmu7aDdU.js                                                             0.11 kB │ gzip:     0.11 kB
dist/assets/v4/LogoText-CIuy1ozc.js                                                             0.11 kB │ gzip:     0.11 kB
dist/assets/v4/create-app-CMyzsQtj.js                                                           0.11 kB │ gzip:     0.11 kB
dist/assets/v4/encryption-BqdwtGc0.js                                                           0.11 kB │ gzip:     0.11 kB
dist/assets/v4/welcome.es-DwiewAH3.js                                                           0.11 kB │ gzip:     0.11 kB
dist/assets/v4/03-recovery-DzHEbxLj.js                                                          0.11 kB │ gzip:     0.11 kB
dist/assets/v4/AccordionType-BNJdWAuY.js                                                        0.11 kB │ gzip:     0.11 kB
dist/assets/v4/ContextMenuItemProps-CenlbOTO.js                                                 0.11 kB │ gzip:     0.10 kB
dist/assets/v4/DropdownMenuSubProps-DVZUg4sU.js                                                 0.11 kB │ gzip:     0.10 kB
dist/assets/v4/TextareaResize-D6wKPP50.js                                                       0.11 kB │ gzip:     0.11 kB
dist/assets/v4/03-first-app-CoAoyaRp.js                                                         0.11 kB │ gzip:     0.11 kB
dist/assets/v4/ChipSize-CV0kKOno.js                                                             0.11 kB │ gzip:     0.11 kB
dist/assets/v4/DelegationGrantView-5hhrBQZH.js                                                  0.11 kB │ gzip:     0.10 kB
dist/assets/v4/StatBarVariant-Cg6XVQBz.js                                                       0.11 kB │ gzip:     0.11 kB
dist/assets/v4/connection-status-RMwzpGIh.js                                                    0.11 kB │ gzip:     0.11 kB
dist/assets/v4/install-apps-hO-rteSh.js                                                         0.11 kB │ gzip:     0.11 kB
dist/assets/v4/sign-in-flow-DDRg0aY7.js                                                         0.11 kB │ gzip:     0.11 kB
dist/assets/v4/transparency-BxPER7jN.js                                                         0.11 kB │ gzip:     0.11 kB
dist/assets/v4/DropdownMenuItemProps-jNS6YY5G.js                                                0.11 kB │ gzip:     0.11 kB
dist/assets/v4/encryption.es-iXLHOb3b.js                                                        0.11 kB │ gzip:     0.11 kB
dist/assets/v4/manage-labels-CxNlWBQ_.js                                                        0.11 kB │ gzip:     0.11 kB
dist/assets/v4/usage-metrics-CLVSvJX1.js                                                        0.11 kB │ gzip:     0.11 kB
dist/assets/v4/01-what-is-oxy-DLLN5aDt.js                                                       0.11 kB │ gzip:     0.11 kB
dist/assets/v4/BadgeSize-DZRLH_KO.js                                                            0.11 kB │ gzip:     0.11 kB
dist/assets/v4/Fonts.applyFontFaces-SLcPfhXE.js                                                 0.11 kB │ gzip:     0.11 kB
dist/assets/v4/RadioSize-CemysYRI.js                                                            0.11 kB │ gzip:     0.11 kB
dist/assets/v4/delete-account-yoGTxna7.js                                                       0.11 kB │ gzip:     0.11 kB
dist/assets/v4/fedcm-overview-C-4YmCpU.js                                                       0.11 kB │ gzip:     0.11 kB
dist/assets/v4/ContextMenuGroupProps-BQReVcda.js                                                0.11 kB │ gzip:     0.10 kB
dist/assets/v4/ContextMenuLabelProps-D22jSFAI.js                                                0.11 kB │ gzip:     0.10 kB
dist/assets/v4/change-password-vidDWyOB.js                                                      0.11 kB │ gzip:     0.11 kB
dist/assets/v4/compose-message-zPOPwsK1.js                                                      0.11 kB │ gzip:     0.11 kB
dist/assets/v4/MenubarContentProps-BR2mY13L.js                                                  0.11 kB │ gzip:     0.11 kB
dist/assets/v4/MenubarShortcutProps-PaZeGjQE.js                                                 0.11 kB │ gzip:     0.10 kB
dist/assets/v4/MenubarTriggerProps-DDFS088x.js                                                  0.11 kB │ gzip:     0.11 kB
dist/assets/v4/PopoverContentProps-CqO1lXsG.js                                                  0.11 kB │ gzip:     0.11 kB
dist/assets/v4/PopoverTriggerProps-QS25nNbz.js                                                  0.11 kB │ gzip:     0.11 kB
dist/assets/v4/02-create-account-BnCCzCJM.js                                                    0.11 kB │ gzip:     0.11 kB
dist/assets/v4/02-key-management-BZDfll5V.js                                                    0.11 kB │ gzip:     0.12 kB
dist/assets/v4/BoardSort-D6Sdx1pA.js                                                            0.11 kB │ gzip:     0.11 kB
dist/assets/v4/DropdownMenuGroupProps-WssYV05A.js                                               0.11 kB │ gzip:     0.10 kB
dist/assets/v4/DropdownMenuLabelProps-KRCihgNb.js                                               0.11 kB │ gzip:     0.10 kB
dist/assets/v4/SortBy-DmhyixbU.js                                                               0.11 kB │ gzip:     0.11 kB
dist/assets/v4/recoveryPhrase-CG-4VG3a.js                                                       0.11 kB │ gzip:     0.11 kB
dist/assets/v4/01-identity-basics-B9Q8Pmky.js                                                   0.11 kB │ gzip:     0.12 kB
dist/assets/v4/LoadingSize-CzrreFSh.js                                                          0.11 kB │ gzip:     0.11 kB
dist/assets/v4/MenubarRadioItemProps-CbpzcNms.js                                                0.11 kB │ gzip:     0.11 kB
dist/assets/v4/add-recovery-email-B2dPbi-u.js                                                   0.11 kB │ gzip:     0.12 kB
dist/assets/v4/SpinnerIcon-Cs1-kWrw.js                                                          0.12 kB │ gzip:     0.12 kB
dist/assets/v4/AdmonitionIcon-apWkM4T2.js                                                       0.12 kB │ gzip:     0.11 kB
dist/assets/v4/AiChatBulletProps-C5cRfhON.js                                                    0.12 kB │ gzip:     0.12 kB
dist/assets/v4/AiChatStrongProps-rVAkvYPd.js                                                    0.12 kB │ gzip:     0.12 kB
dist/assets/v4/CheckboxSize-DddKgbzQ.js                                                         0.12 kB │ gzip:     0.12 kB
dist/assets/v4/useAssetsStore-CIZfZ5Rv.js                                                       0.12 kB │ gzip:     0.11 kB
dist/assets/v4/ColorPresetPairing-CoAAOzMw.js                                                   0.12 kB │ gzip:     0.12 kB
dist/assets/v4/add-recovery-email.es-Cn4ODSDc.js                                                0.12 kB │ gzip:     0.11 kB
dist/assets/v4/EMAIL_REGEX-BaW7rIlo.js                                                          0.12 kB │ gzip:     0.13 kB
dist/assets/v4/MenubarRadioGroupProps-Dbm9QI4s.js                                               0.12 kB │ gzip:     0.10 kB
dist/assets/v4/MenubarSubContentProps-D-BInBrN.js                                               0.12 kB │ gzip:     0.10 kB
dist/assets/v4/MenubarSubTriggerProps-fh8-5u-I.js                                               0.12 kB │ gzip:     0.10 kB
dist/assets/v4/SelectSeparator-yMMiRGJC.js                                                      0.12 kB │ gzip:     0.11 kB
dist/assets/v4/useOnlineStatus-CjjxlNh1.js                                                      0.12 kB │ gzip:     0.11 kB
dist/assets/v4/ContextMenuContentProps-B-p3R22R.js                                              0.12 kB │ gzip:     0.11 kB
dist/assets/v4/ContextMenuShortcutProps-DCHXvo3n.js                                             0.12 kB │ gzip:     0.10 kB
dist/assets/v4/LoadingVariant-CEMiqStB.js                                                       0.12 kB │ gzip:     0.12 kB
dist/assets/v4/ccip-D1GIXbEq.js                                                                 0.12 kB │ gzip:     0.11 kB
dist/assets/v4/AuthRefreshReason-C8WRFZId.js                                                    0.12 kB │ gzip:     0.12 kB
dist/assets/v4/ContextMenuRadioItemProps-CGXmwqk_.js                                            0.12 kB │ gzip:     0.11 kB
dist/assets/v4/DropdownMenuContentProps-C6zDQ77a.js                                             0.12 kB │ gzip:     0.12 kB
dist/assets/v4/DropdownMenuShortcutProps-DyLIaYOM.js                                            0.12 kB │ gzip:     0.10 kB
dist/assets/v4/DropdownMenuTriggerProps-wiqZjzIm.js                                             0.12 kB │ gzip:     0.11 kB
dist/assets/v4/MenubarCheckboxItemProps-hZ17LXiv.js                                             0.12 kB │ gzip:     0.11 kB
dist/assets/v4/isIOS-DziwVbY-.js                                                                0.12 kB │ gzip:     0.13 kB
dist/assets/v4/DropdownMenuRadioItemProps-B231qDD9.js                                           0.12 kB │ gzip:     0.11 kB
dist/assets/v4/host-HB8HyOXf.js                                                                 0.13 kB │ gzip:     0.13 kB
dist/assets/v4/Code.Pre-B1TaLcoJ.js                                                             0.13 kB │ gzip:     0.13 kB
dist/assets/v4/ContextMenuRadioGroupProps-BLVOQ7LP.js                                           0.13 kB │ gzip:     0.11 kB
dist/assets/v4/ContextMenuSubContentProps-CADkpPTu.js                                           0.13 kB │ gzip:     0.10 kB
dist/assets/v4/ContextMenuSubTriggerProps-CbftteS_.js                                           0.13 kB │ gzip:     0.11 kB
dist/assets/v4/Grid.Col-Cs2wWysN.js                                                             0.13 kB │ gzip:     0.13 kB
dist/assets/v4/Grid.Row-CQT_WMOV.js                                                             0.13 kB │ gzip:     0.13 kB
dist/assets/v4/Kbd-DGySes2a.js                                                                  0.13 kB │ gzip:     0.13 kB
dist/assets/v4/ThemeMode-3MXQOGSh.js                                                            0.13 kB │ gzip:     0.12 kB
dist/assets/v4/DelegationCatalogBinding-DMlfzUYd.js                                             0.13 kB │ gzip:     0.11 kB
dist/assets/v4/FOLD_DIRECTIONS-Bb724hH2.js                                                      0.13 kB │ gzip:     0.13 kB
dist/assets/v4/MenubarSub-C9iDRx8B.js                                                           0.13 kB │ gzip:     0.13 kB
dist/assets/v4/PopoverProps-7VqQj6e-.js                                                         0.13 kB │ gzip:     0.13 kB
dist/assets/v4/services-C_u9Cb1k.js                                                             0.13 kB │ gzip:     0.13 kB
dist/assets/v4/Code.Code-CfX1vF06.js                                                            0.13 kB │ gzip:     0.13 kB
dist/assets/v4/DropdownMenuRadioGroupProps-DTwPI6sX.js                                          0.13 kB │ gzip:     0.11 kB
dist/assets/v4/DropdownMenuSubContentProps-BgLwRjIf.js                                          0.13 kB │ gzip:     0.11 kB
dist/assets/v4/DropdownMenuSubTriggerProps-BlyHEZZf.js                                          0.13 kB │ gzip:     0.11 kB
dist/assets/v4/FOLD_MATERIALS-DUlrvPG5.js                                                       0.13 kB │ gzip:     0.13 kB
dist/assets/v4/Fill-BJzSHsUo.js                                                                 0.13 kB │ gzip:     0.13 kB
dist/assets/v4/IconButton-BcldgG7z.js                                                           0.13 kB │ gzip:     0.13 kB
dist/assets/v4/Item-Eccl1kwS.js                                                                 0.13 kB │ gzip:     0.13 kB
dist/assets/v4/MASCOT_FINISHES-PS73zrxa.js                                                      0.13 kB │ gzip:     0.13 kB
dist/assets/v4/TextButton-CU4KcYZp.js                                                           0.13 kB │ gzip:     0.13 kB
dist/assets/v4/Typography.Text-B6_SE_sR.js                                                      0.13 kB │ gzip:     0.13 kB
dist/assets/v4/expo-router-XuNGEPtg.js                                                          0.13 kB │ gzip:     0.12 kB
dist/assets/v4/ContributionTier-BUt6jQ4f.js                                                     0.13 kB │ gzip:     0.11 kB
dist/assets/v4/Field-BI6V_uX1.js                                                                0.13 kB │ gzip:     0.13 kB
dist/assets/v4/GhostButton-BH6BhKNT.js                                                          0.13 kB │ gzip:     0.13 kB
dist/assets/v4/Label-4RW_NhEi.js                                                                0.13 kB │ gzip:     0.13 kB
dist/assets/v4/MenubarItem-gr0V0unK.js                                                          0.13 kB │ gzip:     0.13 kB
dist/assets/v4/ContextMenuCheckboxItemProps-Bu85b7gG.js                                         0.13 kB │ gzip:     0.11 kB
dist/assets/v4/FAMILIES-IGVem0d0.js                                                             0.13 kB │ gzip:     0.13 kB
dist/assets/v4/Typography.TypeScaleVariant-Dq581PX5.js                                          0.13 kB │ gzip:     0.12 kB
dist/assets/v4/connectors-CMp2eCTr.js                                                           0.13 kB │ gzip:     0.13 kB
dist/assets/v4/interface-content-folder.svg-50Vtr8yK.js                                         0.13 kB │ gzip:     0.13 kB
dist/assets/v4/MASCOT_BUILDS-DSRb2zJh.js                                                        0.13 kB │ gzip:     0.13 kB
dist/assets/v4/TicketPriority-CLG7Gu9C.js                                                       0.13 kB │ gzip:     0.13 kB
dist/assets/v4/DropdownMenuCheckboxItemProps-4mTU2dZh.js                                        0.13 kB │ gzip:     0.11 kB
dist/assets/v4/NotificationPresence-BYoP6uAq.js                                                 0.13 kB │ gzip:     0.12 kB
dist/assets/v4/toast-WwXGFq0x.js                                                                0.13 kB │ gzip:     0.14 kB
dist/assets/v4/ALIEN_SHAPES-BKwPOcku.js                                                         0.13 kB │ gzip:     0.14 kB
dist/assets/v4/InverseButton-WuK7Zqs5.js                                                        0.13 kB │ gzip:     0.13 kB
dist/assets/v4/OutlineButton-BqmoJtXj.js                                                        0.13 kB │ gzip:     0.13 kB
dist/assets/v4/PrimaryButton-Bt6o1JKi.js                                                        0.13 kB │ gzip:     0.13 kB
dist/assets/v4/useAssetStore-CsBTFeVf.js                                                        0.13 kB │ gzip:     0.12 kB
dist/assets/v4/ContextMenuSub-wta6jRW_.js                                                       0.14 kB │ gzip:     0.13 kB
dist/assets/v4/MATERIALS-DclZhacd.js                                                            0.14 kB │ gzip:     0.14 kB
dist/assets/v4/MenubarGroup-BK2J1l5c.js                                                         0.14 kB │ gzip:     0.13 kB
dist/assets/v4/MenubarLabel-C_jCLqC0.js                                                         0.14 kB │ gzip:     0.13 kB
dist/assets/v4/NotificationCenterTab-D5122XBS.js                                                0.14 kB │ gzip:     0.12 kB
dist/assets/v4/Wallet-DoVjVy8t.js                                                               0.14 kB │ gzip:     0.13 kB
dist/assets/v4/isAndroid-LGpdmCf4.js                                                            0.14 kB │ gzip:     0.13 kB
dist/assets/v4/AuthCard-BQMrY5Un.js                                                             0.14 kB │ gzip:     0.14 kB
dist/assets/v4/Carousel-TjAueva-.js                                                             0.14 kB │ gzip:     0.13 kB
dist/assets/v4/PaymentMethod-DmDpwKlr.js                                                        0.14 kB │ gzip:     0.13 kB
dist/assets/v4/PortalOutlet-Crm8DryL.js                                                         0.14 kB │ gzip:     0.13 kB
dist/assets/v4/StatCard-DI66XA6g.js                                                             0.14 kB │ gzip:     0.14 kB
dist/assets/v4/TaskList-BGI3s3u8.js                                                             0.14 kB │ gzip:     0.14 kB
dist/assets/v4/DropdownMenuProps-vzBz3XdO.js                                                    0.14 kB │ gzip:     0.13 kB
dist/assets/v4/DropdownMenuSub-a6BP8v6n.js                                                      0.14 kB │ gzip:     0.13 kB
dist/assets/v4/Code.CodeBlock-D-X4rYE5.js                                                       0.14 kB │ gzip:     0.14 kB
dist/assets/v4/Code.CodeLines-DlCm7qEa.js                                                       0.14 kB │ gzip:     0.14 kB
dist/assets/v4/ContextMenuItem-UJYQVoy3.js                                                      0.14 kB │ gzip:     0.13 kB
dist/assets/v4/SecondaryButton-C37_DpMF.js                                                      0.14 kB │ gzip:     0.13 kB
dist/assets/v4/SpinnerIcon-D1Zofgpy.js                                                          0.14 kB │ gzip:     0.13 kB
dist/assets/v4/StatCards-B_4PTnnn.js                                                            0.14 kB │ gzip:     0.14 kB
dist/assets/v4/WebSearch-Dykgk5Eo.js                                                            0.14 kB │ gzip:     0.14 kB
dist/assets/v4/ModelPickerModel-sMZS_cvs.js                                                     0.14 kB │ gzip:     0.13 kB
dist/assets/v4/ThemeValue-Cga9o2sK.js                                                           0.14 kB │ gzip:     0.13 kB
dist/assets/v4/ViewMode-BGagabhn.js                                                             0.14 kB │ gzip:     0.12 kB
dist/assets/v4/DropdownMenuItem-BMLlADZZ.js                                                     0.14 kB │ gzip:     0.13 kB
dist/assets/v4/FileUpload-DbD_Dk3W.js                                                           0.14 kB │ gzip:     0.14 kB
dist/assets/v4/IconCircle-C_N0_iL7.js                                                           0.14 kB │ gzip:     0.14 kB
dist/assets/v4/InputGroup-B2LOi0to.js                                                           0.14 kB │ gzip:     0.14 kB
dist/assets/v4/PageHeader-BCDcQwjn.js                                                           0.14 kB │ gzip:     0.14 kB
dist/assets/v4/Typography.TypeScaleWeight-DSgVbWjm.js                                           0.14 kB │ gzip:     0.12 kB
dist/assets/v4/SIDEBAR_RAIL_WIDTH-5Z3njl-u.js                                                   0.14 kB │ gzip:     0.14 kB
dist/assets/v4/AgentLogRow-BucBX2kw.js                                                          0.14 kB │ gzip:     0.14 kB
dist/assets/v4/ChartSize-ChdgKZhv.js                                                            0.14 kB │ gzip:     0.13 kB
dist/assets/v4/CloseButton-CtkzyMoL.js                                                          0.14 kB │ gzip:     0.14 kB
dist/assets/v4/DestructiveButton-COMCfGaV.js                                                    0.14 kB │ gzip:     0.13 kB
dist/assets/v4/RangeSlider-CpfJLSPP.js                                                          0.14 kB │ gzip:     0.14 kB
dist/assets/v4/ButtonLinkTone-DFDZruLi.js                                                       0.14 kB │ gzip:     0.13 kB
dist/assets/v4/ContextMenuGroup-DRNvnMgZ.js                                                     0.14 kB │ gzip:     0.13 kB
dist/assets/v4/ContextMenuLabel-6wW3hyiE.js                                                     0.14 kB │ gzip:     0.13 kB
dist/assets/v4/AGENT_SPEECH_RATES-Bbfni9sl.js                                                   0.14 kB │ gzip:     0.14 kB
dist/assets/v4/AlertDialogActionStyle-kJtjVnZs.js                                               0.14 kB │ gzip:     0.13 kB
dist/assets/v4/CarouselItem-T8hr9ypt.js                                                         0.14 kB │ gzip:     0.14 kB
dist/assets/v4/PRESETS-C8qA81lq.js                                                              0.14 kB │ gzip:     0.14 kB
dist/assets/v4/DropdownMenuGroup-BW6zz8XA.js                                                    0.15 kB │ gzip:     0.13 kB
dist/assets/v4/DropdownMenuLabel-D9kXLffy.js                                                    0.15 kB │ gzip:     0.13 kB
dist/assets/v4/SurfaceStatus-sXcRn19E.js                                                        0.15 kB │ gzip:     0.14 kB
dist/assets/v4/AgentProgress-CWJ6nzEx.js                                                        0.15 kB │ gzip:     0.14 kB
dist/assets/v4/AgentThinking-D2xC7BM4.js                                                        0.15 kB │ gzip:     0.14 kB
dist/assets/v4/AiProfileCard-B9uYZL4J.js                                                        0.15 kB │ gzip:     0.14 kB
dist/assets/v4/MASCOT_OUTFITS-Ci2mFjK9.js                                                       0.15 kB │ gzip:     0.14 kB
dist/assets/v4/SidebarFolder-CPZgKKpN.js                                                        0.15 kB │ gzip:     0.14 kB
dist/assets/v4/ChartDelta-CcWCtNox.js                                                           0.15 kB │ gzip:     0.13 kB
dist/assets/v4/MenubarShortcut-BkEkHH7N.js                                                      0.15 kB │ gzip:     0.13 kB
dist/assets/v4/SettingsFileKind-CudQysXJ.js                                                     0.15 kB │ gzip:     0.13 kB
dist/assets/v4/Typography.H1-r3LPj5Pp.js                                                        0.15 kB │ gzip:     0.15 kB
dist/assets/v4/Typography.H2-Dzel8gdn.js                                                        0.15 kB │ gzip:     0.15 kB
dist/assets/v4/Typography.H3-DRe0O4G1.js                                                        0.15 kB │ gzip:     0.15 kB
dist/assets/v4/Typography.H4-CYjJTLHE.js                                                        0.15 kB │ gzip:     0.15 kB
dist/assets/v4/Typography.H5-DhqwSEuu.js                                                        0.15 kB │ gzip:     0.15 kB
dist/assets/v4/Typography.H6-Db4c0GXP.js                                                        0.15 kB │ gzip:     0.15 kB
dist/assets/v4/AgentLogReveal-Zexu2LKT.js                                                       0.15 kB │ gzip:     0.14 kB
dist/assets/v4/ComposerLoader-thE0pe9r.js                                                       0.15 kB │ gzip:     0.14 kB
dist/assets/v4/OxyRuntimeError-BBlxx8BX.js                                                      0.15 kB │ gzip:     0.13 kB
dist/assets/v4/InputGroupAddon-CkSkZLQH.js                                                      0.15 kB │ gzip:     0.14 kB
dist/assets/v4/MenubarRadioItem-DloAsJ9w.js                                                     0.15 kB │ gzip:     0.14 kB
dist/assets/v4/PatientInfoCard-qzsndiKO.js                                                      0.15 kB │ gzip:     0.14 kB
dist/assets/v4/SidebarPlanCard-CEbRDVGF.js                                                      0.15 kB │ gzip:     0.14 kB
dist/assets/v4/AreaShape-DdiPBaT6.js                                                            0.15 kB │ gzip:     0.14 kB
dist/assets/v4/MeetingSchedulerHourFormat-Bs_oBYN4.js                                           0.15 kB │ gzip:     0.14 kB
dist/assets/v4/useAsset-DelVsdED.js                                                             0.15 kB │ gzip:     0.13 kB
dist/assets/v4/ContentViewer-Cy1tW6z7.js                                                        0.15 kB │ gzip:     0.13 kB
dist/assets/v4/BadgePlacement-Bml_B6c5.js                                                       0.15 kB │ gzip:     0.13 kB
dist/assets/v4/ColorEngine.redFromArgb-Dco1MwFC.js                                              0.15 kB │ gzip:     0.13 kB
dist/assets/v4/FillRole-iw3N-nRS.js                                                             0.15 kB │ gzip:     0.15 kB
dist/assets/v4/HeatmapCell-DUezJQkE.js                                                          0.15 kB │ gzip:     0.14 kB
dist/assets/v4/SelectSize-Ciu5qsyg.js                                                           0.15 kB │ gzip:     0.15 kB
dist/assets/v4/TextRole-DmmA9Wk7.js                                                             0.15 kB │ gzip:     0.15 kB
dist/assets/v4/isWeb-B6LjDrwB.js                                                                0.15 kB │ gzip:     0.15 kB
dist/assets/v4/AuthMediaCarousel-m9jH3fED.js                                                    0.15 kB │ gzip:     0.14 kB
dist/assets/v4/ColorPresetFamily-7Oiy3ziA.js                                                    0.15 kB │ gzip:     0.15 kB
dist/assets/v4/FOLD_CONFIG-PLEOoK7t.js                                                          0.15 kB │ gzip:     0.15 kB
dist/assets/v4/Announcement-B8Ntn1OU.js                                                         0.16 kB │ gzip:     0.14 kB
dist/assets/v4/ColorEngine.blueFromArgb-Bf7UScfT.js                                             0.16 kB │ gzip:     0.13 kB
dist/assets/v4/ContextMenuShortcut-CDCt9zr4.js                                                  0.16 kB │ gzip:     0.13 kB
dist/assets/v4/MenubarRadioGroup-BNF_p6bU.js                                                    0.16 kB │ gzip:     0.13 kB
dist/assets/v4/MenubarSubContent-DHKoYijb.js                                                    0.16 kB │ gzip:     0.13 kB
dist/assets/v4/MenubarSubTrigger-xP3f1vVT.js                                                    0.16 kB │ gzip:     0.13 kB
dist/assets/v4/Notification-Cl0up8uc.js                                                         0.16 kB │ gzip:     0.14 kB
dist/assets/v4/SignedOutReason-BRrwzvc7.js                                                      0.16 kB │ gzip:     0.14 kB
dist/assets/v4/isNative-CQ4y2i11.js                                                             0.16 kB │ gzip:     0.14 kB
dist/assets/v4/useFollowTargetStore-DZk3SZTt.js                                                 0.16 kB │ gzip:     0.13 kB
dist/assets/v4/ALIEN_CONFIG-Bv4pjiBu.js                                                         0.16 kB │ gzip:     0.15 kB
dist/assets/v4/AgentLogWorkingRow-BiQDCqBF.js                                                   0.16 kB │ gzip:     0.14 kB
dist/assets/v4/FollowTargetButton-_nNFXqJ_.js                                                   0.16 kB │ gzip:     0.14 kB
dist/assets/v4/FollowerDetails-XOCXMzD0.js                                                      0.16 kB │ gzip:     0.14 kB
dist/assets/v4/KeyPair-DvqAyIB_.js                                                              0.16 kB │ gzip:     0.13 kB
dist/assets/v4/TableAlign-B16nVNI_.js                                                           0.16 kB │ gzip:     0.14 kB
dist/assets/v4/ColorEngine.greenFromArgb-DVsrjfXr.js                                            0.16 kB │ gzip:     0.13 kB
dist/assets/v4/DropdownMenuShortcut-c0j6YsLG.js                                                 0.16 kB │ gzip:     0.13 kB
dist/assets/v4/Questionnaire-BT8Ymlwa.js                                                        0.16 kB │ gzip:     0.15 kB
dist/assets/v4/AgentLogGuideBridge-BrA7x8iX.js                                                  0.16 kB │ gzip:     0.14 kB
dist/assets/v4/AgentLogShimmerText-DSbyat53.js                                                  0.16 kB │ gzip:     0.14 kB
dist/assets/v4/ContextMenuRadioItem-gcR4sa3c.js                                                 0.16 kB │ gzip:     0.14 kB
dist/assets/v4/FOLD_PRESETS-DAEjl1Qw.js                                                         0.16 kB │ gzip:     0.15 kB
dist/assets/v4/ImportantAlertsCard-B0tuj70r.js                                                  0.16 kB │ gzip:     0.14 kB
dist/assets/v4/MASCOT_CONFIG-C8siV9KL.js                                                        0.16 kB │ gzip:     0.15 kB
dist/assets/v4/useSelectItemContext-BHUk9RYm.js                                                 0.16 kB │ gzip:     0.12 kB
dist/assets/v4/Fab-fD8UX5PW.js                                                                  0.16 kB │ gzip:     0.16 kB
dist/assets/v4/ImageAspectRatio.hasAspectRatio-80D4fqUO.js                                      0.16 kB │ gzip:     0.14 kB
dist/assets/v4/PANEL_TOP_INSET-Cq9kAKz2.js                                                      0.16 kB │ gzip:     0.15 kB
dist/assets/v4/useAssetsByApp-BsxQ__nn.js                                                       0.16 kB │ gzip:     0.14 kB
dist/assets/v4/ALIEN_PRESETS-gqWiK8b4.js                                                        0.16 kB │ gzip:     0.15 kB
dist/assets/v4/AgentLogRowConnector-QSwWYG8b.js                                                 0.16 kB │ gzip:     0.14 kB
dist/assets/v4/DEFAULT_CONFIG-DXOStx4_.js                                                       0.16 kB │ gzip:     0.15 kB
dist/assets/v4/DropdownMenuRadioItem-Q9EpogKh.js                                                0.16 kB │ gzip:     0.14 kB
dist/assets/v4/SelectIconProps-CNg0Ru4r.js                                                      0.16 kB │ gzip:     0.14 kB
dist/assets/v4/AvatarTint-DJ5eFcC4.js                                                           0.16 kB │ gzip:     0.13 kB
dist/assets/v4/BorderRole-B9RiKr29.js                                                           0.16 kB │ gzip:     0.15 kB
dist/assets/v4/SHAPES-CkNJKdez.js                                                               0.16 kB │ gzip:     0.14 kB
dist/assets/v4/TypeRoleName-DS1n-uoD.js                                                         0.16 kB │ gzip:     0.15 kB
dist/assets/v4/formatFileSize-Bcsg5x8j.js                                                       0.16 kB │ gzip:     0.14 kB
dist/assets/v4/DenyValidationResult-DccDPebL.js                                                 0.16 kB │ gzip:     0.15 kB
dist/assets/v4/HapticStrength-B7dYXj2t.js                                                       0.16 kB │ gzip:     0.14 kB
dist/assets/v4/MASCOT_PRESETS-CW8SJPXt.js                                                       0.16 kB │ gzip:     0.15 kB
dist/assets/v4/MenubarCheckboxItem-STVEa0bg.js                                                  0.16 kB │ gzip:     0.14 kB
dist/assets/v4/MenubarSeparator-DzXGTC2O.js                                                     0.16 kB │ gzip:     0.14 kB
dist/assets/v4/ContextMenuRadioGroup-DLo3_viu.js                                                0.16 kB │ gzip:     0.14 kB
dist/assets/v4/ContextMenuSubContent-C714ZY9P.js                                                0.16 kB │ gzip:     0.13 kB
dist/assets/v4/ContextMenuSubTrigger-DyL1uH3D.js                                                0.16 kB │ gzip:     0.13 kB
dist/assets/v4/DataTableLayout-61bGmESe.js                                                      0.16 kB │ gzip:     0.15 kB
dist/assets/v4/NotificationCenterStatus-DeP8lPNv.js                                             0.16 kB │ gzip:     0.13 kB
dist/assets/v4/Rail-CQCCqupx.js                                                                 0.16 kB │ gzip:     0.16 kB
dist/assets/v4/Slider-BQobFH9V.js                                                               0.16 kB │ gzip:     0.15 kB
dist/assets/v4/ComposerPanelStatusTab-BuWMpTB6.js                                               0.16 kB │ gzip:     0.14 kB
dist/assets/v4/PaymentResponse-BtNvKl2o.js                                                      0.16 kB │ gzip:     0.13 kB
dist/assets/v4/AgentLanguage-CB5UiyZz.js                                                        0.17 kB │ gzip:     0.12 kB
dist/assets/v4/DropdownMenuRadioGroup-BiA3CDrJ.js                                               0.17 kB │ gzip:     0.14 kB
dist/assets/v4/DropdownMenuSubContent-DkIIcDP9.js                                               0.17 kB │ gzip:     0.14 kB
dist/assets/v4/DropdownMenuSubTrigger-C-A8hWuQ.js                                               0.17 kB │ gzip:     0.14 kB
dist/assets/v4/closeAccountDialog-Bw3T-mbk.js                                                   0.17 kB │ gzip:     0.15 kB
dist/assets/v4/AEAD_KEY_LENGTH-BvwcAgL0.js                                                      0.17 kB │ gzip:     0.16 kB
dist/assets/v4/AccountMemberStatus-BFdxExpI.js                                                  0.17 kB │ gzip:     0.14 kB
dist/assets/v4/AssetMetadata-DCou-JAT.js                                                        0.17 kB │ gzip:     0.14 kB
dist/assets/v4/AvatarFamily-BnljKhwn.js                                                         0.17 kB │ gzip:     0.16 kB
dist/assets/v4/OxyAuthTerms-CmLdcGcS.js                                                         0.17 kB │ gzip:     0.16 kB
dist/assets/v4/WithdrawVouchResult-Dmm8nsSb.js                                                  0.17 kB │ gzip:     0.15 kB
dist/assets/v4/DeviceCredential-wInVoNAi.js                                                     0.17 kB │ gzip:     0.13 kB
dist/assets/v4/ScaleAndFadeIn-L5NiU3XS.js                                                       0.17 kB │ gzip:     0.16 kB
dist/assets/v4/TableSize-BRn4_QI7.js                                                            0.17 kB │ gzip:     0.16 kB
dist/assets/v4/AgentProgressLoadingText-C5wzqkDf.js                                             0.17 kB │ gzip:     0.15 kB
dist/assets/v4/PANEL_BOTTOM_INSET-xqxpDjvX.js                                                   0.17 kB │ gzip:     0.16 kB
dist/assets/v4/StorageKeys-MBbP_rh1.js                                                          0.17 kB │ gzip:     0.13 kB
dist/assets/v4/Grid-B3Lgyk9g.js                                                                 0.17 kB │ gzip:     0.13 kB
dist/assets/v4/UpdateDeviceNameResponse-RnNxIXbb.js                                             0.17 kB │ gzip:     0.14 kB
dist/assets/v4/generateDataKey-MX5SbZYt.js                                                      0.17 kB │ gzip:     0.15 kB
dist/assets/v4/ContextMenuCheckboxItem-lpJmmfTZ.js                                              0.17 kB │ gzip:     0.14 kB
dist/assets/v4/ContextMenuSeparator-Di78wegi.js                                                 0.17 kB │ gzip:     0.15 kB
dist/assets/v4/MultiAgentChatAgent-WJ4iqNzn.js                                                  0.17 kB │ gzip:     0.14 kB
dist/assets/v4/StatBar-QSd5EWE5.js                                                              0.17 kB │ gzip:     0.16 kB
dist/assets/v4/TransferAccountOwnershipInput-BROvniN-.js                                        0.17 kB │ gzip:     0.15 kB
dist/assets/v4/SubscriptionStatus-CkWn0XTe.js                                                   0.17 kB │ gzip:     0.14 kB
dist/assets/v4/AEAD_NONCE_LENGTH-CMuL2R6q.js                                                    0.17 kB │ gzip:     0.16 kB
dist/assets/v4/DropdownMenuCheckboxItem-BdAQRa0x.js                                             0.17 kB │ gzip:     0.14 kB
dist/assets/v4/DropdownMenuSeparator-CCQmWdcl.js                                                0.17 kB │ gzip:     0.15 kB
dist/assets/v4/isValidURL-DQoM9UXI.js                                                           0.17 kB │ gzip:     0.15 kB
dist/assets/v4/ScreenTransitionDirection-CBpUpE92.js                                            0.17 kB │ gzip:     0.14 kB
dist/assets/v4/SignInOutcome-BVXzMhKQ.js                                                        0.17 kB │ gzip:     0.15 kB
dist/assets/v4/useAssetUsageCount-B0O_tTLm.js                                                   0.17 kB │ gzip:     0.15 kB
dist/assets/v4/ButtonGroupSize-CBDxWys7.js                                                      0.17 kB │ gzip:     0.15 kB
dist/assets/v4/FileUploadResponse-CS7igz9m.js                                                   0.17 kB │ gzip:     0.15 kB
dist/assets/v4/DataTableSortDirection-BnYo6eg-.js                                               0.18 kB │ gzip:     0.15 kB
dist/assets/v4/Sidebar-BO1Ze1qN.js                                                              0.18 kB │ gzip:     0.16 kB
dist/assets/v4/DividerAlign-h2Zn6jSq.js                                                         0.18 kB │ gzip:     0.15 kB
dist/assets/v4/TextStyleProp-BFwdvtB-.js                                                        0.18 kB │ gzip:     0.14 kB
dist/assets/v4/isValidArray-B4n67u-8.js                                                         0.18 kB │ gzip:     0.15 kB
dist/assets/v4/APP_COLOR_NAMES-51a1y9MO.js                                                      0.18 kB │ gzip:     0.16 kB
dist/assets/v4/UserNodeMode-Cd2wl79V.js                                                         0.18 kB │ gzip:     0.15 kB
dist/assets/v4/AccountSuccessResult-DFdjo2D0.js                                                 0.18 kB │ gzip:     0.15 kB
dist/assets/v4/sanitizeHTML-DGirIDqq.js                                                         0.18 kB │ gzip:     0.14 kB
dist/assets/v4/setOxyAssetInstance-DyhD5VoZ.js                                                  0.18 kB │ gzip:     0.15 kB
dist/assets/v4/AccentTextRole-D-R7qwdE.js                                                       0.18 kB │ gzip:     0.16 kB
dist/assets/v4/AnimatedCheckRef-RcOw3guZ.js                                                     0.18 kB │ gzip:     0.16 kB
dist/assets/v4/AppShell-Db1fiWTc.js                                                             0.18 kB │ gzip:     0.16 kB
dist/assets/v4/CanonicalUserHandleInput-BN9CJQ1X.js                                             0.18 kB │ gzip:     0.14 kB
dist/assets/v4/CardBody-CdkbI7Kg.js                                                             0.18 kB │ gzip:     0.16 kB
dist/assets/v4/UseStorageResult-Y0Al70Gt.js                                                     0.18 kB │ gzip:     0.14 kB
dist/assets/v4/WebAuthMode-D40oGhZw.js                                                          0.18 kB │ gzip:     0.16 kB
dist/assets/v4/applyDarkClass-D3dzsfKG.js                                                       0.18 kB │ gzip:     0.15 kB
dist/assets/v4/isValidObject-0QmPX8ay.js                                                        0.18 kB │ gzip:     0.15 kB
dist/assets/v4/resetLoggerConfig-VwN5PuFZ.js                                                    0.18 kB │ gzip:     0.15 kB
dist/assets/v4/ColorPresetGate-3cKztCBH.js                                                      0.18 kB │ gzip:     0.16 kB
dist/assets/v4/FollowButton-DE0U4EN4.js                                                         0.18 kB │ gzip:     0.15 kB
dist/assets/v4/Fonts.FontFamilyName-HQyGpDID.js                                                 0.18 kB │ gzip:     0.16 kB
dist/assets/v4/TemplateCopyTranslator-DSjLFj3E.js                                               0.18 kB │ gzip:     0.14 kB
dist/assets/v4/AiProfileCardPeriod-NcwLYha7.js                                                  0.18 kB │ gzip:     0.15 kB
dist/assets/v4/CommonsSignInActionResult-DQmwdyo8.js                                            0.18 kB │ gzip:     0.16 kB
dist/assets/v4/FunnelShape-WGDEa1Eb.js                                                          0.18 kB │ gzip:     0.16 kB
dist/assets/v4/RotateKeyProof-BBF2R3rX.js                                                       0.18 kB │ gzip:     0.16 kB
dist/assets/v4/MASCOT_ACTIVITIES-Cl2ccuZs.js                                                    0.18 kB │ gzip:     0.16 kB
dist/assets/v4/PASSWORD_REGEX-CUE3gSdv.js                                                       0.18 kB │ gzip:     0.16 kB
dist/assets/v4/SecurityEventSeverity-Dv2fTivH.js                                                0.18 kB │ gzip:     0.14 kB
dist/assets/v4/isValidEmail-tM_At1vk.js                                                         0.18 kB │ gzip:     0.15 kB
dist/assets/v4/AuthMode-BycOXO8F.js                                                             0.18 kB │ gzip:     0.15 kB
dist/assets/v4/CardTitle-3n8u2cqj.js                                                            0.18 kB │ gzip:     0.16 kB
dist/assets/v4/PopoverFooterProps-BRspGkNr.js                                                   0.18 kB │ gzip:     0.16 kB
dist/assets/v4/SettingsListDividerProps-DE_me-MI.js                                             0.18 kB │ gzip:     0.16 kB
dist/assets/v4/closeBottomSheet-CK_Aw6Lf.js                                                     0.18 kB │ gzip:     0.16 kB
dist/assets/v4/sanitizeString-CjcETuly.js                                                       0.18 kB │ gzip:     0.14 kB
dist/assets/v4/OxyAuthScreenHeaderProps-C8SyC06U.js                                             0.19 kB │ gzip:     0.16 kB
dist/assets/v4/useAgentLogMotion-C1xvdHnd.js                                                    0.19 kB │ gzip:     0.16 kB
dist/assets/v4/AGENT_LOG_ROW_INDENT-CxBlqsl4.js                                                 0.19 kB │ gzip:     0.16 kB
dist/assets/v4/AccountDialogView-B_12Vebo.js                                                    0.19 kB │ gzip:     0.15 kB
dist/assets/v4/AssetInitRequest-LqF2Ra5q.js                                                     0.19 kB │ gzip:     0.15 kB
dist/assets/v4/TopicTranslation-BpWFwZfb.js                                                     0.19 kB │ gzip:     0.15 kB
dist/assets/v4/Breadcrumb-59kY8Za7.js                                                           0.19 kB │ gzip:     0.16 kB
dist/assets/v4/CardFooter-C7Ypwrnj.js                                                           0.19 kB │ gzip:     0.16 kB
dist/assets/v4/CardHeader-BbxhXgnb.js                                                           0.19 kB │ gzip:     0.16 kB
dist/assets/v4/ImageAspectRatio.setAspectRatio-BwFbaNcI.js                                      0.19 kB │ gzip:     0.15 kB
dist/assets/v4/Pagination-BK4h2Zn9.js                                                           0.19 kB │ gzip:     0.16 kB
dist/assets/v4/ChartRangeOption-BEUKCcLn.js                                                     0.19 kB │ gzip:     0.16 kB
dist/assets/v4/OxyProductEvent-COh6wZ8p.js                                                      0.19 kB │ gzip:     0.14 kB
dist/assets/v4/PageHeaderTitleAlign-ttyGIs2r.js                                                 0.19 kB │ gzip:     0.16 kB
dist/assets/v4/ActivityDay-Cf9K6as3.js                                                          0.19 kB │ gzip:     0.17 kB
dist/assets/v4/ApplicationUsagePeriod-p90y_n82.js                                               0.19 kB │ gzip:     0.15 kB
dist/assets/v4/ColorEngine.hexFromArgb-CV4MhBQd.js                                              0.19 kB │ gzip:     0.16 kB
dist/assets/v4/isValidDate-QpZ3Lus2.js                                                          0.19 kB │ gzip:     0.15 kB
dist/assets/v4/FALLBACK_LOCALE-BVx5QjH2.js                                                      0.19 kB │ gzip:     0.17 kB
dist/assets/v4/ImageAspectRatio.DEFAULT_ASPECT_RATIO-Bs7mFXOk.js                                0.19 kB │ gzip:     0.17 kB
dist/assets/v4/bloomThemeBlock-DtX8j1cQ.js                                                      0.19 kB │ gzip:     0.17 kB
dist/assets/v4/AssetUpdateVisibilityRequest-Bk7lfR-W.js                                         0.19 kB │ gzip:     0.16 kB
dist/assets/v4/AvatarGroup-CP7oi7G4.js                                                          0.19 kB │ gzip:     0.16 kB
dist/assets/v4/ButtonGroup-0tdjwqsL.js                                                          0.19 kB │ gzip:     0.16 kB
dist/assets/v4/LinkedHttpClient-BF1e22_5.js                                                     0.19 kB │ gzip:     0.15 kB
dist/assets/v4/RemoveDomainResult-CkaPrPEl.js                                                   0.19 kB │ gzip:     0.17 kB
dist/assets/v4/SidebarItem-AFNq8i-M.js                                                          0.19 kB │ gzip:     0.16 kB
dist/assets/v4/TabsContent-VjnaoEsV.js                                                          0.19 kB │ gzip:     0.16 kB
dist/assets/v4/TabsTrigger-CdAbh16D.js                                                          0.19 kB │ gzip:     0.16 kB
dist/assets/v4/ThemeToggle-CiYt3G6D.js                                                          0.19 kB │ gzip:     0.16 kB
dist/assets/v4/preloadImage-BBwaCk7B.js                                                         0.19 kB │ gzip:     0.16 kB
dist/assets/v4/Card-DpjgFyVf.js                                                                 0.19 kB │ gzip:     0.17 kB
dist/assets/v4/Chip-dAg7Mfvq.js                                                                 0.19 kB │ gzip:     0.18 kB
dist/assets/v4/DividerVariant-BzpRQfCB.js                                                       0.19 kB │ gzip:     0.16 kB
dist/assets/v4/HeatmapRow-DZi9N5sW.js                                                           0.19 kB │ gzip:     0.16 kB
dist/assets/v4/LogLevel-DbByD0J-.js                                                             0.19 kB │ gzip:     0.15 kB
dist/assets/v4/ContributionsStat-Dme36cM-.js                                                    0.19 kB │ gzip:     0.16 kB
dist/assets/v4/FollowDuration-Dp3qMFWo.js                                                       0.19 kB │ gzip:     0.16 kB
dist/assets/v4/ImageAspectRatio.getAspectRatio-HEcml7cu.js                                      0.19 kB │ gzip:     0.15 kB
dist/assets/v4/NAMED_SHAPE_VIEW_BOX-D3DzzwpX.js                                                 0.19 kB │ gzip:     0.17 kB
dist/assets/v4/OxySignInPanel-CLqXT5pv.js                                                       0.19 kB │ gzip:     0.16 kB
dist/assets/v4/OxySignUpPanel-DDW6msJ3.js                                                       0.19 kB │ gzip:     0.16 kB
dist/assets/v4/PurchaseRequest-DTDVqaQz.js                                                      0.19 kB │ gzip:     0.14 kB
dist/assets/v4/ApplicationStatus-BA6w2jQl.js                                                    0.19 kB │ gzip:     0.15 kB
dist/assets/v4/DEFAULT_AGENT_PREFERENCES-tReGwfUR.js                                            0.19 kB │ gzip:     0.17 kB
dist/assets/v4/isRequiredNumber-Gq8tv3eo.js                                                     0.19 kB │ gzip:     0.16 kB
dist/assets/v4/isRequiredString-B9Zq7XX7.js                                                     0.19 kB │ gzip:     0.16 kB
dist/assets/v4/CheckboxCard-DkXgSUug.js                                                         0.20 kB │ gzip:     0.16 kB
dist/assets/v4/ContentPanel-BnWRPh4Y.js                                                         0.20 kB │ gzip:     0.16 kB
dist/assets/v4/DotGridMeter-2anlQusw.js                                                         0.20 kB │ gzip:     0.16 kB
dist/assets/v4/OrdersChartCardProps-K5xnXWIx.js                                                 0.20 kB │ gzip:     0.15 kB
dist/assets/v4/ProOfferCard-CQbZAWI7.js                                                         0.20 kB │ gzip:     0.16 kB
dist/assets/v4/SocialButton-CLcn4iRG.js                                                         0.20 kB │ gzip:     0.16 kB
dist/assets/v4/TextFieldProps-DI76-D72.js                                                       0.20 kB │ gzip:     0.17 kB
dist/assets/v4/WeekStart-BWQ1mjk_.js                                                            0.20 kB │ gzip:     0.16 kB
dist/assets/v4/clearOAuthHandshake-DTUcTGMn.js                                                  0.20 kB │ gzip:     0.16 kB
dist/assets/v4/HEX_TO_APP_COLOR-Td3QJeU6.js                                                     0.20 kB │ gzip:     0.17 kB
dist/assets/v4/OXY_AUTHORIZE_URL-BRcPw6ph.js                                                    0.20 kB │ gzip:     0.17 kB
dist/assets/v4/ApplicationCredentialStatus-CDvkGsfW.js                                          0.20 kB │ gzip:     0.15 kB
dist/assets/v4/Badge-CATMalpK.js                                                                0.20 kB │ gzip:     0.18 kB
dist/assets/v4/RevenueChartCardProps-DpTkZmQu.js                                                0.20 kB │ gzip:     0.15 kB
dist/assets/v4/WithdrawalRequest-BLMPAcaC.js                                                    0.20 kB │ gzip:     0.15 kB
dist/assets/v4/isRequiredBoolean-BSIVF2f1.js                                                    0.20 kB │ gzip:     0.16 kB
dist/assets/v4/useUploadProgress-uh3a6F_z.js                                                    0.20 kB │ gzip:     0.14 kB
dist/assets/v4/AccountCategoryId-DM8YwOxK.js                                                    0.20 kB │ gzip:     0.17 kB
dist/assets/v4/AccordionItem-BJrVvHGc.js                                                        0.20 kB │ gzip:     0.16 kB
dist/assets/v4/COLOR_PRESET_FAMILIES-DW7-8kme.js                                                0.20 kB │ gzip:     0.17 kB
dist/assets/v4/ComposerStatusBarFolder-C_wBu1bc.js                                              0.20 kB │ gzip:     0.16 kB
dist/assets/v4/PopoverFooter-RnbExgux.js                                                        0.20 kB │ gzip:     0.15 kB
dist/assets/v4/UserHoverCard-HfkFb8mv.js                                                        0.20 kB │ gzip:     0.16 kB
dist/assets/v4/buildMoveQrPayload-BGv29Dsb.js                                                   0.20 kB │ gzip:     0.16 kB
dist/assets/v4/isValidPassword-C_bFaYVZ.js                                                      0.20 kB │ gzip:     0.16 kB
dist/assets/v4/AssetInitResponse-WpWYsEgq.js                                                    0.20 kB │ gzip:     0.15 kB
dist/assets/v4/FileDeleteResponse-Bu0cQ_d6.js                                                   0.20 kB │ gzip:     0.15 kB
dist/assets/v4/OxyAccountPicker-9T7mOvRD.js                                                     0.20 kB │ gzip:     0.16 kB
dist/assets/v4/StatCardsDeltaColor-CRDtVFjv.js                                                  0.20 kB │ gzip:     0.16 kB
dist/assets/v4/AVATAR_SHAPE_PATHS-BqsL3ily.js                                                   0.20 kB │ gzip:     0.17 kB
dist/assets/v4/AssetUnlinkRequest-BZ5YcA9r.js                                                   0.20 kB │ gzip:     0.14 kB
dist/assets/v4/Avatar-CniZLIJc.js                                                               0.20 kB │ gzip:     0.18 kB
dist/assets/v4/Button-BUFavSBE.js                                                               0.20 kB │ gzip:     0.18 kB
dist/assets/v4/ComposerPanelAttachmentKind-D4chsIQl.js                                          0.20 kB │ gzip:     0.15 kB
dist/assets/v4/Loading-QFFjpiUU.js                                                              0.20 kB │ gzip:     0.18 kB
dist/assets/v4/AppShellHeader-CZ8_yZc-.js                                                       0.20 kB │ gzip:     0.17 kB
dist/assets/v4/BreadcrumbItem-CqD9DiEz.js                                                       0.20 kB │ gzip:     0.17 kB
dist/assets/v4/CompositionBar-CYS0JtUk.js                                                       0.20 kB │ gzip:     0.16 kB
dist/assets/v4/ConnectionDots-n3ElDvsq.js                                                       0.20 kB │ gzip:     0.16 kB
dist/assets/v4/FOLD_SHAPES-D3yc3MB0.js                                                          0.20 kB │ gzip:     0.16 kB
dist/assets/v4/RadioIndicator-0SVYjrfd.js                                                       0.20 kB │ gzip:     0.17 kB
dist/assets/v4/SocialButtonSize-ptTv95b9.js                                                     0.20 kB │ gzip:     0.18 kB
dist/assets/v4/SocialProvider-0vMNSsvK.js                                                       0.20 kB │ gzip:     0.18 kB
dist/assets/v4/SubscriptionPlan-PkJ5uUtW.js                                                     0.20 kB │ gzip:     0.16 kB
dist/assets/v4/TableSortDirection-BA4j60HM.js                                                   0.20 kB │ gzip:     0.16 kB
dist/assets/v4/TextFieldHintProps-CICjKKEy.js                                                   0.20 kB │ gzip:     0.17 kB
dist/assets/v4/Code.CodeToken-BYKfLrzN.js                                                       0.20 kB │ gzip:     0.17 kB
dist/assets/v4/MenubarContent-SsDbnYwt.js                                                       0.20 kB │ gzip:     0.16 kB
dist/assets/v4/MenubarTrigger-_8lEla_y.js                                                       0.20 kB │ gzip:     0.16 kB
dist/assets/v4/PopoverContent-DNO-RizU.js                                                       0.20 kB │ gzip:     0.16 kB
dist/assets/v4/PopoverTrigger-CB8hICVL.js                                                       0.20 kB │ gzip:     0.15 kB
dist/assets/v4/RecoveryPhraseResult-chLb2YUv.js                                                 0.20 kB │ gzip:     0.15 kB
dist/assets/v4/ServiceTokenResponse-ZEwHgKf-.js                                                 0.20 kB │ gzip:     0.15 kB
dist/assets/v4/CalendarViewParticipantColor-CfKa9zxB.js                                         0.21 kB │ gzip:     0.16 kB
dist/assets/v4/CardBodyProps-DMKLR5If.js                                                        0.21 kB │ gzip:     0.16 kB
dist/assets/v4/TextFieldLabelProps-DW3eIium.js                                                  0.21 kB │ gzip:     0.18 kB
dist/assets/v4/SankeyActiveItem-DIEabQUI.js                                                     0.21 kB │ gzip:     0.17 kB
dist/assets/v4/useTheme-NaW7ANlw.js                                                             0.21 kB │ gzip:     0.15 kB
dist/assets/v4/ActivityHeatmap-Dp4MiH-M.js                                                      0.21 kB │ gzip:     0.17 kB
dist/assets/v4/AgentLimitsCard-Dubnbb_z.js                                                      0.21 kB │ gzip:     0.17 kB
dist/assets/v4/AuthProvider-CXlgts7c.js                                                         0.21 kB │ gzip:     0.18 kB
dist/assets/v4/ButtonGroupItem-BV_S_4aF.js                                                      0.21 kB │ gzip:     0.17 kB
dist/assets/v4/CardDescription-CaquvkEe.js                                                      0.21 kB │ gzip:     0.16 kB
dist/assets/v4/CardFooterProps-CHTqhQmu.js                                                      0.21 kB │ gzip:     0.16 kB
dist/assets/v4/CardHeaderProps-ChCjezi3.js                                                      0.21 kB │ gzip:     0.16 kB
dist/assets/v4/Divider-24OsoIUw.js                                                              0.21 kB │ gzip:     0.18 kB
dist/assets/v4/LinkPreviewCard-0TExVQxy.js                                                      0.21 kB │ gzip:     0.17 kB
dist/assets/v4/RecentHiresCard-_J5ZdC8F.js                                                      0.21 kB │ gzip:     0.17 kB
dist/assets/v4/SidebarRailItem-D9WrRj3x.js                                                      0.21 kB │ gzip:     0.17 kB
dist/assets/v4/SidebarTeamMenu-CK00w0Es.js                                                      0.21 kB │ gzip:     0.17 kB
dist/assets/v4/SidebarUserMenu-DVx_dspp.js                                                      0.21 kB │ gzip:     0.17 kB
dist/assets/v4/TopicType-CuX8sgh_.js                                                            0.21 kB │ gzip:     0.16 kB
dist/assets/v4/WalletTransactionStatus-CWgycv22.js                                              0.21 kB │ gzip:     0.16 kB
dist/assets/v4/WalletTransactionType-CQ3rZtge.js                                                0.21 kB │ gzip:     0.16 kB
dist/assets/v4/AuthChallenge-B0jP7QQS.js                                                        0.21 kB │ gzip:     0.15 kB
dist/assets/v4/TooltipTrigger-C-uJSgOi.js                                                       0.21 kB │ gzip:     0.16 kB
dist/assets/v4/CardBorder-Oz7hGMau.js                                                           0.21 kB │ gzip:     0.17 kB
dist/assets/v4/DateRange-CNcM-7K3.js                                                            0.21 kB │ gzip:     0.17 kB
dist/assets/v4/PaymentRequest-Cq9Jp5pD.js                                                       0.21 kB │ gzip:     0.14 kB
dist/assets/v4/TransferFundsRequest-BxHBP76z.js                                                 0.21 kB │ gzip:     0.15 kB
dist/assets/v4/logger-CZwCPtqc.js                                                               0.21 kB │ gzip:     0.18 kB
dist/assets/v4/AccordionContent-ytmUsDp3.js                                                     0.21 kB │ gzip:     0.16 kB
dist/assets/v4/AccordionTrigger-bjaZRwhU.js                                                     0.21 kB │ gzip:     0.17 kB
dist/assets/v4/NavigationThemeFont-pDsuwL7J.js                                                  0.21 kB │ gzip:     0.16 kB
dist/assets/v4/NotificationBell-Ctxcy6h8.js                                                     0.21 kB │ gzip:     0.17 kB
dist/assets/v4/OAuthConsentUnsupportedReason-DM7JAZd8.js                                        0.21 kB │ gzip:     0.16 kB
dist/assets/v4/ScatterActivePoint-DTJjmhh4.js                                                   0.21 kB │ gzip:     0.16 kB
dist/assets/v4/SettingsListItem-BijjdUOJ.js                                                     0.21 kB │ gzip:     0.17 kB
dist/assets/v4/AgentVoice-Cy_VO1KE.js                                                           0.21 kB │ gzip:     0.15 kB
dist/assets/v4/Checkbox-Cdl7wiXt.js                                                             0.21 kB │ gzip:     0.18 kB
dist/assets/v4/ComposerLoaderColors-cpbZBGKF.js                                                 0.21 kB │ gzip:     0.17 kB
dist/assets/v4/ContextMenuContent-3xSui17k.js                                                   0.21 kB │ gzip:     0.16 kB
dist/assets/v4/DataTableSize-BArKSU7v.js                                                        0.21 kB │ gzip:     0.18 kB
dist/assets/v4/LOOKS-D1P3V-yO.js                                                                0.21 kB │ gzip:     0.15 kB
dist/assets/v4/QuestionnaireSelect-71G6QLFC.js                                                  0.21 kB │ gzip:     0.17 kB
dist/assets/v4/PREMIUM_COLOR_NAMES-hyWrF9Xd.js                                                  0.21 kB │ gzip:     0.18 kB
dist/assets/v4/TicketSubtask-9M0c5Cf6.js                                                        0.21 kB │ gzip:     0.15 kB
dist/assets/v4/ApplicationEnvironment-BdOZ_mq0.js                                               0.21 kB │ gzip:     0.16 kB
dist/assets/v4/DropdownMenuContent-Connyvz4.js                                                  0.21 kB │ gzip:     0.16 kB
dist/assets/v4/DropdownMenuTrigger-C1i-quZL.js                                                  0.21 kB │ gzip:     0.16 kB
dist/assets/v4/StatCardsTone-d4HGVbfj.js                                                        0.21 kB │ gzip:     0.17 kB
dist/assets/v4/TOAST_LAYER_Z-CJ-6jyLX.js                                                        0.21 kB │ gzip:     0.18 kB
dist/assets/v4/AgentLogRowConnectorProps-B9a-eKeT.js                                            0.22 kB │ gzip:     0.16 kB
dist/assets/v4/AmbientAccents-CL9eot0z.js                                                       0.22 kB │ gzip:     0.15 kB
dist/assets/v4/FrostedIconButton-D_v2oRE1.js                                                    0.22 kB │ gzip:     0.17 kB
dist/assets/v4/SettingsListGroup-rvn0BMFO.js                                                    0.22 kB │ gzip:     0.17 kB
dist/assets/v4/AiProfileCardStat-C2gdmmsI.js                                                    0.22 kB │ gzip:     0.18 kB
dist/assets/v4/AppColorName-CLqQKpHo.js                                                         0.22 kB │ gzip:     0.19 kB
dist/assets/v4/SidebarIcon-B__iGydX.js                                                          0.22 kB │ gzip:     0.17 kB
dist/assets/v4/SurfaceHost-BnjfAVXj.js                                                          0.22 kB │ gzip:     0.16 kB
dist/assets/v4/fill-C4yFbilX.js                                                                 0.22 kB │ gzip:     0.17 kB
dist/assets/v4/Accordion-DdrGvu4q.js                                                            0.22 kB │ gzip:     0.18 kB
dist/assets/v4/CalendarViewEventColor-DRamewT1.js                                               0.22 kB │ gzip:     0.16 kB
dist/assets/v4/cmsSections-qqztKGr6.js                                                          0.22 kB │ gzip:     0.13 kB
dist/assets/v4/NotificationCenter-9yu79rF9.js                                                   0.22 kB │ gzip:     0.17 kB
dist/assets/v4/NotificationStatusPaint-BtbGnfR8.js                                              0.22 kB │ gzip:     0.17 kB
dist/assets/v4/surfaces-DZLz9LQo.js                                                             0.22 kB │ gzip:     0.16 kB
dist/assets/v4/ColorEngine.argbFromHex-2YJJo1B7.js                                              0.22 kB │ gzip:     0.18 kB
dist/assets/v4/useDirection-DSPi_BgY.js                                                         0.22 kB │ gzip:     0.15 kB
dist/assets/v4/DEFAULT_OAUTH_SCOPE-BnbUm1ml.js                                                  0.22 kB │ gzip:     0.19 kB
dist/assets/v4/Icons.RiBold-DM0xkZAt.js                                                         0.22 kB │ gzip:     0.19 kB
dist/assets/v4/Icons.RiHand-BsKHak4O.js                                                         0.22 kB │ gzip:     0.19 kB
dist/assets/v4/Icons.RiLink-B2tOPc6v.js                                                         0.22 kB │ gzip:     0.20 kB
dist/assets/v4/OXY_INFERENCE_BASE_URL-CuFzbjmQ.js                                               0.22 kB │ gzip:     0.18 kB
dist/assets/v4/OxyOAuthCallbackProps-BHLOt6W2.js                                                0.22 kB │ gzip:     0.19 kB
dist/assets/v4/SettingsListDivider-Dhz-FQXv.js                                                  0.22 kB │ gzip:     0.17 kB
dist/assets/v4/WebOAuthUnsupportedReason-Bmp5l4Ob.js                                            0.22 kB │ gzip:     0.18 kB
dist/assets/v4/FREE_COLOR_NAMES-BJJUG-io.js                                                     0.22 kB │ gzip:     0.19 kB
dist/assets/v4/AccountStorageCategoryUsage-_x44tG9o.js                                          0.23 kB │ gzip:     0.17 kB
dist/assets/v4/CalendarViewFeedColor-Dg4Si013.js                                                0.23 kB │ gzip:     0.17 kB
dist/assets/v4/ColdBootSkip-C2S7JRtD.js                                                         0.23 kB │ gzip:     0.19 kB
dist/assets/v4/ColorEngine.RoleColors-Bw9TzrCp.js                                               0.23 kB │ gzip:     0.19 kB
dist/assets/v4/Icons.RiLinkM-B25FxWoh.js                                                        0.23 kB │ gzip:     0.20 kB
dist/assets/v4/WebOAuthRedirectReason-rOrCwqXg.js                                               0.23 kB │ gzip:     0.17 kB
dist/assets/v4/Transaction-D5zO7hPR.js                                                          0.23 kB │ gzip:     0.15 kB
dist/assets/v4/Icons.RiItalic-lLf5nR2a.js                                                       0.23 kB │ gzip:     0.20 kB
dist/assets/v4/OXY_CLOUD_URL-BY10mWuP.js                                                        0.23 kB │ gzip:     0.18 kB
dist/assets/v4/WebSearchLabels-0cXeFwmk.js                                                      0.23 kB │ gzip:     0.19 kB
dist/assets/v4/isSupportedLocale-DJKG252L.js                                                    0.23 kB │ gzip:     0.18 kB
dist/assets/v4/Icons.RiCarLine-D_JKrhch.js                                                      0.23 kB │ gzip:     0.20 kB
dist/assets/v4/WebOAuthFailureReason-DTxAyQKX.js                                                0.23 kB │ gzip:     0.18 kB
dist/assets/v4/initCssInteropDarkMode-et6PN_NJ.js                                               0.23 kB │ gzip:     0.19 kB
dist/assets/v4/OVERLAY_STACK_BASE-Byn9haNA.js                                                   0.23 kB │ gzip:     0.20 kB
dist/assets/v4/OxySignInRequestSurface-DiL3GeVm.js                                              0.23 kB │ gzip:     0.16 kB
dist/assets/v4/TransactionResponse-OgizbZcx.js                                                  0.23 kB │ gzip:     0.17 kB
dist/assets/v4/AccordionContentProps-Cx7GQoOL.js                                                0.23 kB │ gzip:     0.19 kB
dist/assets/v4/AlertButtonStyle-DmADEt7q.js                                                     0.23 kB │ gzip:     0.18 kB
dist/assets/v4/Code.CodeBlockLabels-Bq7zMF44.js                                                 0.23 kB │ gzip:     0.16 kB
dist/assets/v4/DataTableSortValue-Bbq7xlxN.js                                                   0.23 kB │ gzip:     0.17 kB
dist/assets/v4/Icons.RiAtLine-DVJ5ekrb.js                                                       0.23 kB │ gzip:     0.20 kB
dist/assets/v4/Icons.RiHashtag-LPrzmb-V.js                                                      0.23 kB │ gzip:     0.20 kB
dist/assets/v4/PortalProvider-B372wHTG.js                                                       0.23 kB │ gzip:     0.18 kB
dist/assets/v4/StoreScreenshotPlatform-C948E4xC.js                                              0.23 kB │ gzip:     0.17 kB
dist/assets/v4/TextFieldGhost-D2fcAmTO.js                                                       0.23 kB │ gzip:     0.17 kB
dist/assets/v4/ToastType-DIRRQuQP.js                                                            0.23 kB │ gzip:     0.17 kB
dist/assets/v4/Icons.RiAddFill-2V5wdGzW.js                                                      0.23 kB │ gzip:     0.20 kB
dist/assets/v4/Icons.RiAddLine-CcqJ_TO6.js                                                      0.23 kB │ gzip:     0.20 kB
dist/assets/v4/Icons.RiEyeLine-BKFqDycz.js                                                      0.23 kB │ gzip:     0.20 kB
dist/assets/v4/Icons.RiMacLine-B0brNf3m.js                                                      0.23 kB │ gzip:     0.20 kB
dist/assets/v4/Icons.RiRssFill-DXo4KK8B.js                                                      0.23 kB │ gzip:     0.20 kB
dist/assets/v4/Icons.RiWalkLine-qrZUox46.js                                                     0.23 kB │ gzip:     0.20 kB
dist/assets/v4/IdCardRef-Bwq2cB9y.js                                                            0.23 kB │ gzip:     0.21 kB
dist/assets/v4/MODEL_PICKER_EFFORT_LEVELS-COiIHRn9.js                                           0.23 kB │ gzip:     0.20 kB
dist/assets/v4/Typography.P-BlSWsOXa.js                                                         0.23 kB │ gzip:     0.19 kB
dist/assets/v4/Icons.RiSunLine-CO05h6Kl.js                                                      0.23 kB │ gzip:     0.20 kB
dist/assets/v4/PresentOptions-DUfT7TQ9.js                                                       0.23 kB │ gzip:     0.17 kB
dist/assets/v4/Switch-Cj8KDpGi.js                                                               0.23 kB │ gzip:     0.20 kB
dist/assets/v4/isValidFileSize-MQuc0eZJ.js                                                      0.23 kB │ gzip:     0.17 kB
dist/assets/v4/Icons.RiAsterisk-vwXq34TQ.js                                                     0.23 kB │ gzip:     0.20 kB
dist/assets/v4/Icons.RiFilmLine-DVHg0JF_.js                                                     0.23 kB │ gzip:     0.20 kB
dist/assets/v4/Icons.RiLiveLine-BzLqcx0u.js                                                     0.23 kB │ gzip:     0.20 kB
dist/assets/v4/Icons.RiMetaFill-Rhf-qQP4.js                                                     0.23 kB │ gzip:     0.20 kB
dist/assets/v4/Icons.RiPlayFill-BkqQIgGr.js                                                     0.23 kB │ gzip:     0.20 kB
dist/assets/v4/Icons.RiPlayLine-CBezqT1w.js                                                     0.23 kB │ gzip:     0.20 kB
dist/assets/v4/Icons.RiStopFill-C3cwhh-R.js                                                     0.23 kB │ gzip:     0.20 kB
dist/assets/v4/ImageResolverProvider-DPgCu2I8.js                                                0.23 kB │ gzip:     0.17 kB
dist/assets/v4/LinkAuthMethodResult-NXxP0KsK.js                                                 0.23 kB │ gzip:     0.19 kB
dist/assets/v4/TopicSource-TGJbZNv9.js                                                          0.23 kB │ gzip:     0.16 kB
dist/assets/v4/Icons.RiCropLine-C1feFeVd.js                                                     0.23 kB │ gzip:     0.20 kB
dist/assets/v4/Icons.RiDropLine-B5TiDOIr.js                                                     0.23 kB │ gzip:     0.20 kB
dist/assets/v4/Icons.RiEarthLine-D8nm8TNs.js                                                    0.23 kB │ gzip:     0.20 kB
dist/assets/v4/Icons.RiEditLine-UDXA8AfN.js                                                     0.23 kB │ gzip:     0.20 kB
dist/assets/v4/Icons.RiFontSize-DJBGfBE6.js                                                     0.23 kB │ gzip:     0.20 kB
dist/assets/v4/Icons.RiGuideLine-5EEm68C6.js                                                    0.23 kB │ gzip:     0.20 kB
dist/assets/v4/Icons.RiLeafLine-BNk25ywm.js                                                     0.23 kB │ gzip:     0.20 kB
dist/assets/v4/Icons.RiLockLine-CbJYt6r-.js                                                     0.23 kB │ gzip:     0.20 kB
dist/assets/v4/Icons.RiMenuLine-Bk_rdj1d.js                                                     0.23 kB │ gzip:     0.20 kB
dist/assets/v4/Icons.RiMic2Line-ChQgEbx9.js                                                     0.23 kB │ gzip:     0.20 kB
dist/assets/v4/Icons.RiMoreFill-Q1aRJTiK.js                                                     0.23 kB │ gzip:     0.20 kB
dist/assets/v4/Icons.RiNodeTree-DBKY-E8o.js                                                     0.23 kB │ gzip:     0.20 kB
dist/assets/v4/Icons.RiPlugLine-CjtcwX88.js                                                     0.23 kB │ gzip:     0.20 kB
dist/assets/v4/Icons.RiRouteLine-D4orJTlL.js                                                    0.23 kB │ gzip:     0.20 kB
dist/assets/v4/Icons.RiSaveLine-BK_UtP3r.js                                                     0.23 kB │ gzip:     0.20 kB
dist/assets/v4/Icons.RiSortDesc-CafE9Vvs.js                                                     0.23 kB │ gzip:     0.20 kB
dist/assets/v4/Icons.RiStarFill-C3zCcs7G.js                                                     0.23 kB │ gzip:     0.20 kB
dist/assets/v4/Icons.RiStarLine-CQqnaVWX.js                                                     0.23 kB │ gzip:     0.20 kB
dist/assets/v4/Icons.RiTimeLine-kgVOuVZk.js                                                     0.23 kB │ gzip:     0.20 kB
dist/assets/v4/NotificationCenterCategory-D2DNWk8s.js                                           0.23 kB │ gzip:     0.17 kB
dist/assets/v4/PaginationInfo-C-95VVdn.js                                                       0.23 kB │ gzip:     0.15 kB
dist/assets/v4/Portal-B1dkbeE1.js                                                               0.23 kB │ gzip:     0.18 kB
dist/assets/v4/Select-1-CQhFPGHZ.js                                                             0.23 kB │ gzip:     0.18 kB
dist/assets/v4/AccountRole-jZY66Poz.js                                                          0.24 kB │ gzip:     0.17 kB
dist/assets/v4/AgentCreator-xnfaw4vi.js                                                         0.24 kB │ gzip:     0.18 kB
dist/assets/v4/Icons.RiBox3Line-ml1h2xZO.js                                                     0.24 kB │ gzip:     0.20 kB
dist/assets/v4/Icons.RiFireLine-JswlTE92.js                                                     0.24 kB │ gzip:     0.20 kB
dist/assets/v4/Icons.RiGiftFill-biUrCWAI.js                                                     0.24 kB │ gzip:     0.20 kB
dist/assets/v4/Icons.RiGiftLine-DQ35bq2h.js                                                     0.24 kB │ gzip:     0.20 kB
dist/assets/v4/Icons.RiKey2Line-DF4nCMoT.js                                                     0.24 kB │ gzip:     0.21 kB
dist/assets/v4/Icons.RiMoonLine-GlYClDRG.js                                                     0.24 kB │ gzip:     0.20 kB
dist/assets/v4/ProjectBoard-0ebmOv0o.js                                                         0.24 kB │ gzip:     0.18 kB
dist/assets/v4/Table-BEF8gnZz.js                                                                0.24 kB │ gzip:     0.18 kB
dist/assets/v4/TailwindPreset-CTuoMdbC.js                                                       0.24 kB │ gzip:     0.18 kB
dist/assets/v4/invalidateUserQueries-CC2l8oX6.js                                                0.24 kB │ gzip:     0.17 kB
dist/assets/v4/normalizeMnemonic-Cx_G6ztq.js                                                    0.24 kB │ gzip:     0.18 kB
dist/assets/v4/useThemeColor-DV9tsvRu.js                                                        0.24 kB │ gzip:     0.19 kB
dist/assets/v4/Icons.RiAppleFill-V57ykoCD.js                                                    0.24 kB │ gzip:     0.20 kB
dist/assets/v4/Icons.RiAppleLine-DeuFNE_B.js                                                    0.24 kB │ gzip:     0.20 kB
dist/assets/v4/Icons.RiCake2Line-CKGbWZP6.js                                                    0.24 kB │ gzip:     0.20 kB
dist/assets/v4/Icons.RiDraggable-2QXm-KBt.js                                                    0.24 kB │ gzip:     0.20 kB
dist/assets/v4/Icons.RiFlagLine-B10zChcJ.js                                                     0.24 kB │ gzip:     0.20 kB
dist/assets/v4/Icons.RiImageLine-BC9V-4uI.js                                                    0.24 kB │ gzip:     0.20 kB
dist/assets/v4/Icons.RiMailFill-DnZRJ-C2.js                                                     0.24 kB │ gzip:     0.20 kB
dist/assets/v4/Icons.RiMailLine-BgmDIFS8.js                                                     0.24 kB │ gzip:     0.20 kB
dist/assets/v4/Icons.RiPauseFill-DXeDNBqs.js                                                    0.24 kB │ gzip:     0.20 kB
dist/assets/v4/Icons.RiPauseLine-D9AGDmqk.js                                                    0.24 kB │ gzip:     0.20 kB
dist/assets/v4/Icons.RiVideoLine-D9JJ7pm_.js                                                    0.24 kB │ gzip:     0.20 kB
dist/assets/v4/WEB_IDENTITY_PRF_OUTPUT_LENGTH-CWdiC_rA.js                                       0.24 kB │ gzip:     0.20 kB
dist/assets/v4/Icons.RiAlertFill-DwCNHDuR.js                                                    0.24 kB │ gzip:     0.20 kB
dist/assets/v4/Icons.RiAlertLine-B48gErsy.js                                                    0.24 kB │ gzip:     0.20 kB
dist/assets/v4/Icons.RiBankLine-B_CRUQ8A.js                                                     0.24 kB │ gzip:     0.20 kB
dist/assets/v4/Icons.RiCheckFill-4eMkSGL4.js                                                    0.24 kB │ gzip:     0.21 kB
dist/assets/v4/Icons.RiCheckLine-RV4fzPSE.js                                                    0.24 kB │ gzip:     0.20 kB
dist/assets/v4/Icons.RiCloseLine-B5na1-CN.js                                                    0.24 kB │ gzip:     0.20 kB
dist/assets/v4/Icons.RiCodeBlock-DvWc5IB1.js                                                    0.24 kB │ gzip:     0.20 kB
dist/assets/v4/Icons.RiHomeFill-DiDSLh2E.js                                                     0.24 kB │ gzip:     0.20 kB
dist/assets/v4/Icons.RiHomeLine-Bj-3yy0p.js                                                     0.24 kB │ gzip:     0.20 kB
dist/assets/v4/Icons.RiMenLine-BWpBOsRY.js                                                      0.24 kB │ gzip:     0.20 kB
dist/assets/v4/Icons.RiPhoneLine-OsCEU8Rg.js                                                    0.24 kB │ gzip:     0.20 kB
dist/assets/v4/Icons.RiToolsFill-DMJpxTh1.js                                                    0.24 kB │ gzip:     0.20 kB
dist/assets/v4/ScreenFocusEffect-D7Fla-aF.js                                                    0.24 kB │ gzip:     0.17 kB
dist/assets/v4/isOfficialWebOrigin-CXZ1qagb.js                                                  0.24 kB │ gzip:     0.18 kB
dist/assets/v4/AdmonitionText-CWXbihVJ.js                                                       0.24 kB │ gzip:     0.18 kB
dist/assets/v4/Icons.RiCoinsFill-DIeBA8eU.js                                                    0.24 kB │ gzip:     0.20 kB
dist/assets/v4/Icons.RiCoinsLine-CJQgg0KL.js                                                    0.24 kB │ gzip:     0.20 kB
dist/assets/v4/Icons.RiFontSize2-CBGvPQ-E.js                                                    0.24 kB │ gzip:     0.20 kB
dist/assets/v4/Icons.RiMapPinFill-rRcoGu51.js                                                   0.24 kB │ gzip:     0.20 kB
dist/assets/v4/Icons.RiMapPinLine-D0iFdQho.js                                                   0.24 kB │ gzip:     0.20 kB
dist/assets/v4/Icons.RiMore2Fill-CuuwcbhP.js                                                    0.24 kB │ gzip:     0.21 kB
dist/assets/v4/Icons.RiMore2Line-DRIagzl5.js                                                    0.24 kB │ gzip:     0.21 kB
dist/assets/v4/Icons.RiStockLine--eNRYZ7G.js                                                    0.24 kB │ gzip:     0.20 kB
dist/assets/v4/NotificationCenterIcon-C1crj4x6.js                                               0.24 kB │ gzip:     0.18 kB
dist/assets/v4/Popover-DBB43qIc.js                                                              0.24 kB │ gzip:     0.18 kB
dist/assets/v4/Icons.RiCameraFill-ysVQEcOw.js                                                   0.24 kB │ gzip:     0.20 kB
dist/assets/v4/Icons.RiCameraLine-OH2K-Wqr.js                                                   0.24 kB │ gzip:     0.20 kB
dist/assets/v4/Icons.RiGoogleFill-ChiHybPe.js                                                   0.24 kB │ gzip:     0.20 kB
dist/assets/v4/Icons.RiRepeatLine-Bsc8EMF3.js                                                   0.24 kB │ gzip:     0.20 kB
dist/assets/v4/QuestionnaireAnswers-CyzWkCWi.js                                                 0.24 kB │ gzip:     0.18 kB
dist/assets/v4/SettingsIcon-BA9Si21f.js                                                         0.24 kB │ gzip:     0.21 kB
dist/assets/v4/Icons.RiFilterLine-3JTpp1pL.js                                                   0.24 kB │ gzip:     0.20 kB
dist/assets/v4/Icons.RiFlowerLine-DFLfh3jO.js                                                   0.24 kB │ gzip:     0.21 kB
dist/assets/v4/Icons.RiForbidLine-DvkWMUH_.js                                                   0.24 kB │ gzip:     0.21 kB
dist/assets/v4/Icons.RiMusic2Line-B7mlZOpi.js                                                   0.24 kB │ gzip:     0.21 kB
dist/assets/v4/Icons.RiPushpinFill-DEKV-8IF.js                                                  0.24 kB │ gzip:     0.20 kB
dist/assets/v4/Icons.RiPushpinLine-REHSs5Dg.js                                                  0.24 kB │ gzip:     0.20 kB
dist/assets/v4/Icons.RiSearchFill-DRWoarKi.js                                                   0.24 kB │ gzip:     0.21 kB
dist/assets/v4/Icons.RiSearchLine-CH-AF9ZP.js                                                   0.24 kB │ gzip:     0.21 kB
dist/assets/v4/Icons.RiShapesLine-i1ugRtHb.js                                                   0.24 kB │ gzip:     0.21 kB
dist/assets/v4/Icons.RiShieldLine-CAk0D7QZ.js                                                   0.24 kB │ gzip:     0.21 kB
dist/assets/v4/Icons.RiTabletLine-CFjlXM-L.js                                                   0.24 kB │ gzip:     0.20 kB
dist/assets/v4/Icons.RiTeamLine-DrP6pE-B.js                                                     0.24 kB │ gzip:     0.21 kB
dist/assets/v4/Icons.RiUploadLine-Dgfz2yIh.js                                                   0.24 kB │ gzip:     0.21 kB
dist/assets/v4/Icons.RiUserFill-BJ0eMS2t.js                                                     0.24 kB │ gzip:     0.21 kB
dist/assets/v4/Icons.RiUserLine-D96rE7lJ.js                                                     0.24 kB │ gzip:     0.21 kB
dist/assets/v4/Icons.RiWrenchLine-CV88LzXu.js                                                   0.24 kB │ gzip:     0.21 kB
dist/assets/v4/ColorEngine.seedHexFromImagePixels-UiF0X_iS.js                                   0.24 kB │ gzip:     0.19 kB
dist/assets/v4/DeviceLinkedSessionLogoutResponse-CKUADWsd.js                                    0.24 kB │ gzip:     0.17 kB
dist/assets/v4/Icons.RiEyeOffLine-CAtoXdRV.js                                                   0.24 kB │ gzip:     0.21 kB
dist/assets/v4/Icons.RiFocus3Line-q1piVi1P.js                                                   0.24 kB │ gzip:     0.21 kB
dist/assets/v4/Icons.RiHome4Line-B7JTbp14.js                                                    0.24 kB │ gzip:     0.21 kB
dist/assets/v4/Icons.RiHome5Fill-1xNUls5X.js                                                    0.24 kB │ gzip:     0.21 kB
dist/assets/v4/Icons.RiHome5Line-B5L6iq2E.js                                                    0.24 kB │ gzip:     0.21 kB
dist/assets/v4/Icons.RiListCheck3-Bv5dwaY6.js                                                   0.24 kB │ gzip:     0.21 kB
dist/assets/v4/Icons.RiQrCodeLine-Dz9plneQ.js                                                   0.24 kB │ gzip:     0.21 kB
dist/assets/v4/Icons.RiShare2Line-D_M95Zk1.js                                                   0.24 kB │ gzip:     0.21 kB
dist/assets/v4/Icons.RiTicketLine-CbJJPmZJ.js                                                   0.24 kB │ gzip:     0.20 kB
dist/assets/v4/invalidateDeviceQueries-P97Rj_oN.js                                              0.24 kB │ gzip:     0.17 kB
dist/assets/v4/isValidFileType-CvrF7M8b.js                                                      0.24 kB │ gzip:     0.18 kB
dist/assets/v4/Icons.RiAndroidFill-rTslFYfk.js                                                  0.24 kB │ gzip:     0.21 kB
dist/assets/v4/Icons.RiBlueskyFill-CxvBx91w.js                                                  0.24 kB │ gzip:     0.21 kB
dist/assets/v4/Icons.RiFolderLine-VMz3Flcq.js                                                   0.24 kB │ gzip:     0.21 kB
dist/assets/v4/Icons.RiGalleryLine-BUbTkQ_T.js                                                  0.24 kB │ gzip:     0.21 kB
dist/assets/v4/Icons.RiGlobalLine-BbYrbBTo.js                                                   0.24 kB │ gzip:     0.21 kB
dist/assets/v4/Icons.RiWindowLine-Babj1_xV.js                                                   0.24 kB │ gzip:     0.21 kB
dist/assets/v4/invalidateStorageQueries-Dtwr6RrT.js                                             0.24 kB │ gzip:     0.18 kB
dist/assets/v4/EmittableLogLevel-DhwvYFth.js                                                    0.24 kB │ gzip:     0.20 kB
dist/assets/v4/Icons.RiAttachment2-iU0THtqB.js                                                  0.24 kB │ gzip:     0.20 kB
dist/assets/v4/Icons.RiCodeSLine-6oc8G7kM.js                                                    0.24 kB │ gzip:     0.21 kB
dist/assets/v4/Icons.RiGamepadLine-BeUTgSsZ.js                                                  0.24 kB │ gzip:     0.21 kB
dist/assets/v4/Icons.RiGroupFill-CqAJADpx.js                                                    0.24 kB │ gzip:     0.21 kB
dist/assets/v4/Icons.RiGroupLine-BLl3C4Fk.js                                                    0.24 kB │ gzip:     0.21 kB
dist/assets/v4/Icons.RiImageAiLine-BeeH6Flo.js                                                  0.24 kB │ gzip:     0.21 kB
dist/assets/v4/Icons.RiInbox2Line-BcXqpTR8.js                                                   0.24 kB │ gzip:     0.21 kB
dist/assets/v4/Icons.RiPaletteLine-GkmLDGwi.js                                                  0.24 kB │ gzip:     0.21 kB
dist/assets/v4/Icons.RiRefreshLine-OIExrKzZ.js                                                  0.24 kB │ gzip:     0.21 kB
dist/assets/v4/Icons.RiRepeat2Line-CfBT3tQh.js                                                  0.24 kB │ gzip:     0.21 kB
dist/assets/v4/Icons.RiSchoolLine-Q_SVMgML.js                                                   0.24 kB │ gzip:     0.21 kB
dist/assets/v4/Icons.RiSpeedUpFill-CDM9hm1b.js                                                  0.24 kB │ gzip:     0.21 kB
dist/assets/v4/Icons.RiSpeedUpLine-DSzzDrMO.js                                                  0.24 kB │ gzip:     0.21 kB
dist/assets/v4/MeetingSchedulerValue-C6JBfPGb.js                                                0.24 kB │ gzip:     0.20 kB
dist/assets/v4/Menubar-FUF75eP2.js                                                              0.24 kB │ gzip:     0.19 kB
dist/assets/v4/MultiAgentChat-GM_QD2RW.js                                                       0.24 kB │ gzip:     0.18 kB
dist/assets/v4/useLogoutAll-Dafja1_h.js                                                         0.24 kB │ gzip:     0.16 kB
dist/assets/v4/AiChatIconComponent-BR_DX3Fz.js                                                  0.24 kB │ gzip:     0.19 kB
dist/assets/v4/AvatarSizeToken-BNa1epGy.js                                                      0.24 kB │ gzip:     0.20 kB
dist/assets/v4/BACKDROP_BLUR_INTENSITY-DGmPbYkS.js                                              0.24 kB │ gzip:     0.20 kB
dist/assets/v4/Icons.RiArrowUpLine-DN88Z2j8.js                                                  0.24 kB │ gzip:     0.21 kB
dist/assets/v4/Icons.RiAtomLine-xTZCTPb5.js                                                     0.24 kB │ gzip:     0.21 kB
dist/assets/v4/Icons.RiBrushAiLine-DTCInFnh.js                                                  0.24 kB │ gzip:     0.21 kB
dist/assets/v4/Icons.RiEditBoxLine-DNFBh_qF.js                                                  0.24 kB │ gzip:     0.21 kB
dist/assets/v4/Icons.RiFilter3Fill-CmqPhUFP.js                                                  0.24 kB │ gzip:     0.21 kB
dist/assets/v4/Icons.RiHotelBedLine-CK5n5qe8.js                                                 0.24 kB │ gzip:     0.21 kB
dist/assets/v4/Icons.RiKanbanView2-C2orz5__.js                                                  0.24 kB │ gzip:     0.21 kB
dist/assets/v4/Icons.RiLoader4Line-CoIP6aUi.js                                                  0.24 kB │ gzip:     0.21 kB
dist/assets/v4/Icons.RiShiningLine-B6yZ5RKd.js                                                  0.24 kB │ gzip:     0.21 kB
dist/assets/v4/Icons.RiSideBarFill-BAqJFKo_.js                                                  0.24 kB │ gzip:     0.21 kB
dist/assets/v4/Icons.RiSideBarLine-C5lv9Hpa.js                                                  0.24 kB │ gzip:     0.21 kB
dist/assets/v4/Icons.RiThumbUpLine-DTuEbH77.js                                                  0.24 kB │ gzip:     0.21 kB
dist/assets/v4/Icons.RiUpload2Line-DXFkDrVc.js                                                  0.24 kB │ gzip:     0.21 kB
dist/assets/v4/MenubarMenuProps-BUW92PqC.js                                                     0.24 kB │ gzip:     0.20 kB
dist/assets/v4/SankeyLinkDatum-Bsg98-_-.js                                                      0.24 kB │ gzip:     0.17 kB
dist/assets/v4/WebIdentityUnlockFailure-BzDxV4uW.js                                             0.24 kB │ gzip:     0.19 kB
dist/assets/v4/invalidateAccountQueries-CxDGt3Yo.js                                             0.24 kB │ gzip:     0.18 kB
dist/assets/v4/invalidateSessionQueries-CwuORF5S.js                                             0.24 kB │ gzip:     0.18 kB
dist/assets/v4/wipeBytes-D1rFNLOi.js                                                            0.24 kB │ gzip:     0.21 kB
dist/assets/v4/ChartRangePillProps-_C4uDKrS.js                                                  0.25 kB │ gzip:     0.17 kB
dist/assets/v4/Icons.RiArchiveLine-B2qjg5XU.js                                                  0.25 kB │ gzip:     0.21 kB
dist/assets/v4/Icons.RiChat3Fill-TTERiVwh.js                                                    0.25 kB │ gzip:     0.21 kB
dist/assets/v4/Icons.RiChat3Line-DjAunmMi.js                                                    0.25 kB │ gzip:     0.21 kB
dist/assets/v4/Icons.RiChat4Fill-Cveylpyk.js                                                    0.25 kB │ gzip:     0.21 kB
dist/assets/v4/Icons.RiChat4Line-Bl9BhjRK.js                                                    0.25 kB │ gzip:     0.21 kB
dist/assets/v4/Icons.RiCursorLine-kesoHAaz.js                                                   0.25 kB │ gzip:     0.21 kB
dist/assets/v4/Icons.RiPrinterLine-1Z05WD9h.js                                                  0.25 kB │ gzip:     0.21 kB
dist/assets/v4/Icons.RiRefund2Fill-DOTnzags.js                                                  0.25 kB │ gzip:     0.21 kB
dist/assets/v4/Icons.RiWallet3Line-CNMyJGlH.js                                                  0.25 kB │ gzip:     0.21 kB
dist/assets/v4/StoreListingStatus-Ck_A4Ij2.js                                                   0.25 kB │ gzip:     0.18 kB
dist/assets/v4/buildUserDid-Ced-IK_m.js                                                         0.25 kB │ gzip:     0.20 kB
dist/assets/v4/invalidatePrivacyQueries-QQ3tGdqk.js                                             0.25 kB │ gzip:     0.18 kB
dist/assets/v4/useAssetLoading-CwDDnwk9.js                                                      0.25 kB │ gzip:     0.16 kB
dist/assets/v4/DataTableIconComponent-DFotuVK4.js                                               0.25 kB │ gzip:     0.18 kB
dist/assets/v4/Icons.RiAliensLine-BU8Pr9sM.js                                                   0.25 kB │ gzip:     0.21 kB
dist/assets/v4/Icons.RiComputerLine--vHoFuAb.js                                                 0.25 kB │ gzip:     0.20 kB
dist/assets/v4/Icons.RiDownloadLine-Co1wWl19.js                                                 0.25 kB │ gzip:     0.21 kB
dist/assets/v4/Icons.RiFileGifLine-BOB0FTm5.js                                                  0.25 kB │ gzip:     0.21 kB
dist/assets/v4/Icons.RiFolder2Line-D8ivBbZ8.js                                                  0.25 kB │ gzip:     0.21 kB
dist/assets/v4/Icons.RiFolder3Line-BAT66Lay.js                                                  0.25 kB │ gzip:     0.21 kB
dist/assets/v4/Icons.RiFolder6Line-B6Mc_w3R.js                                                  0.25 kB │ gzip:     0.21 kB
dist/assets/v4/Icons.RiImageAddLine-DPkntJwg.js                                                 0.25 kB │ gzip:     0.21 kB
dist/assets/v4/Icons.RiInfinityLine-ByngM6tW.js                                                 0.25 kB │ gzip:     0.21 kB
dist/assets/v4/Icons.RiQuestionLine-hSKRg1cW.js                                                 0.25 kB │ gzip:     0.21 kB
dist/assets/v4/Icons.RiSeedlingLine-Bvw0HcNL.js                                                 0.25 kB │ gzip:     0.21 kB
dist/assets/v4/Icons.RiSettingsLine-DkEbUbpf.js                                                 0.25 kB │ gzip:     0.21 kB
dist/assets/v4/Icons.RiTwitterXFill-CY9ZqGlT.js                                                 0.25 kB │ gzip:     0.21 kB
dist/assets/v4/Icons.RiVolumeUpLine-Du2F-sv0.js                                                 0.25 kB │ gzip:     0.21 kB
dist/assets/v4/Calendar-BTUbQnc9.js                                                             0.25 kB │ gzip:     0.19 kB
dist/assets/v4/ChartIconComponent-COIDfwpz.js                                                   0.25 kB │ gzip:     0.20 kB
dist/assets/v4/Icons.RiFlaskLine-bXerReLr.js                                                    0.25 kB │ gzip:     0.21 kB
dist/assets/v4/Icons.RiHeartFill-C_7K7YK9.js                                                    0.25 kB │ gzip:     0.21 kB
dist/assets/v4/Icons.RiHeartLine-B4tpHGNF.js                                                    0.25 kB │ gzip:     0.21 kB
dist/assets/v4/Icons.RiLoginBoxLine-BrmzQTLd.js                                                 0.25 kB │ gzip:     0.21 kB
dist/assets/v4/Icons.RiLungsFill-CO4wVOFv.js                                                    0.25 kB │ gzip:     0.21 kB
dist/assets/v4/Icons.RiPulseLine-C_d0kTMe.js                                                    0.25 kB │ gzip:     0.21 kB
dist/assets/v4/Icons.RiRobot2Fill-DALasVaq.js                                                   0.25 kB │ gzip:     0.21 kB
dist/assets/v4/Icons.RiRobot2Line-DV2gSduH.js                                                   0.25 kB │ gzip:     0.21 kB
dist/assets/v4/Icons.RiSpaceShipLine-_fCjc2lI.js                                                0.25 kB │ gzip:     0.21 kB
dist/assets/v4/InputOtp-C4tGAioi.js                                                             0.25 kB │ gzip:     0.19 kB
dist/assets/v4/PushTokenPlatform-sOLM3O5J.js                                                    0.25 kB │ gzip:     0.19 kB
dist/assets/v4/RemoveNodeResult-BnF-MxP9.js                                                     0.25 kB │ gzip:     0.21 kB
dist/assets/v4/ScaleAndFadeOut-B-ByF1kt.js                                                      0.25 kB │ gzip:     0.21 kB
dist/assets/v4/TableRow-BtRu0eNj.js                                                             0.25 kB │ gzip:     0.19 kB
dist/assets/v4/useTemplateCopy-DF5_V7VQ.js                                                      0.25 kB │ gzip:     0.19 kB
dist/assets/v4/GUTTER_MASK_SPREAD-DQhqybTr.js                                                   0.25 kB │ gzip:     0.21 kB
dist/assets/v4/Icons.RiArrowUpSLine-BvNi-1bw.js                                                 0.25 kB │ gzip:     0.21 kB
dist/assets/v4/Icons.RiBankCardLine-gwT5hTjl.js                                                 0.25 kB │ gzip:     0.21 kB
dist/assets/v4/Icons.RiBookmarkFill-BoCkEKXz.js                                                 0.25 kB │ gzip:     0.21 kB
dist/assets/v4/Icons.RiBookmarkLine-DJxIA6fM.js                                                 0.25 kB │ gzip:     0.21 kB
dist/assets/v4/Icons.RiBroadcastLine-BNK-UI2n.js                                                0.25 kB │ gzip:     0.21 kB
dist/assets/v4/Icons.RiCalendarLine-BWSX3_e7.js                                                 0.25 kB │ gzip:     0.21 kB
dist/assets/v4/Icons.RiChatAiLine-C1dvQumD.js                                                   0.25 kB │ gzip:     0.21 kB
dist/assets/v4/Icons.RiEqualizerLine-CRHxjn8F.js                                                0.25 kB │ gzip:     0.21 kB
dist/assets/v4/Icons.RiHandCoinLine-0Qi4qX5u.js                                                 0.25 kB │ gzip:     0.21 kB
dist/assets/v4/Icons.RiSunFoggyLine-CF7TxUw1.js                                                 0.25 kB │ gzip:     0.21 kB
dist/assets/v4/Icons.RiVipCrownLine-Br-Xe7ja.js                                                 0.25 kB │ gzip:     0.21 kB
dist/assets/v4/esm-BJMqAqii.js                                                                  0.25 kB │ gzip:     0.17 kB
dist/assets/v4/invalidateSecurityQueries-OVXPrX29.js                                            0.25 kB │ gzip:     0.18 kB
dist/assets/v4/isDev-MgR6fjXw.js                                                                0.25 kB │ gzip:     0.21 kB
dist/assets/v4/useRemoveDevice-CdqG7NFp.js                                                      0.25 kB │ gzip:     0.16 kB
dist/assets/v4/Icons.RiBookOpenLine-ByE847MS.js                                                 0.25 kB │ gzip:     0.21 kB
dist/assets/v4/Icons.RiDashboardLine-CG0xMqff.js                                                0.25 kB │ gzip:     0.21 kB
dist/assets/v4/Icons.RiEmotionLine-Cx5n3IP-.js                                                  0.25 kB │ gzip:     0.21 kB
dist/assets/v4/Icons.RiFileCodeLine-xCyYAZy9.js                                                 0.25 kB │ gzip:     0.21 kB
dist/assets/v4/Icons.RiFileCopyLine-Y2E2ZQvN.js                                                 0.25 kB │ gzip:     0.21 kB
dist/assets/v4/Icons.RiFileTextLine-Ccy6_B82.js                                                 0.25 kB │ gzip:     0.21 kB
dist/assets/v4/Icons.RiLightbulbLine-BSmDFk_3.js                                                0.25 kB │ gzip:     0.21 kB
dist/assets/v4/Icons.RiListUnordered-YxxOy0QG.js                                                0.25 kB │ gzip:     0.21 kB
dist/assets/v4/Icons.RiMailOpenLine-GZ1h9-sU.js                                                 0.25 kB │ gzip:     0.21 kB
dist/assets/v4/Icons.RiRectangleLine-BdG6RN9a.js                                                0.25 kB │ gzip:     0.21 kB
dist/assets/v4/useAssetsByEntity-BNY4BFks.js                                                    0.25 kB │ gzip:     0.17 kB
dist/assets/v4/AiChatBulletListProps-BF_-PSXO.js                                                0.25 kB │ gzip:     0.20 kB
dist/assets/v4/ContactDiscoveryResponse-BkqifZKn.js                                             0.25 kB │ gzip:     0.18 kB
dist/assets/v4/Icons.RiAddCircleLine-DLgwdqBA.js                                                0.25 kB │ gzip:     0.21 kB
dist/assets/v4/Icons.RiArrowDownLine-uwWOYjaT.js                                                0.25 kB │ gzip:     0.21 kB
dist/assets/v4/Icons.RiArrowLeftLine-BxMJ0FKI.js                                                0.25 kB │ gzip:     0.21 kB
dist/assets/v4/Icons.RiDatabase2Line-CAaeLagn.js                                                0.25 kB │ gzip:     0.21 kB
dist/assets/v4/Icons.RiDeleteBinLine-B2dqwcbe.js                                                0.25 kB │ gzip:     0.21 kB
dist/assets/v4/Icons.RiDiscussLine-Dkl0m8eL.js                                                  0.25 kB │ gzip:     0.21 kB
dist/assets/v4/Icons.RiDoubleQuotesL-BSXOaCuj.js                                                0.25 kB │ gzip:     0.21 kB
dist/assets/v4/Icons.RiDoubleQuotesR-CHXqVICu.js                                                0.25 kB │ gzip:     0.21 kB
dist/assets/v4/Icons.RiDownload2Line-sacVOEoK.js                                                0.25 kB │ gzip:     0.21 kB
dist/assets/v4/Icons.RiLoopRightLine-DFrdQ6F5.js                                                0.25 kB │ gzip:     0.21 kB
dist/assets/v4/Icons.RiResetLeftLine-CeRzTqdC.js                                                0.25 kB │ gzip:     0.21 kB
dist/assets/v4/Icons.RiRestaurantLine-q7zmk_PG.js                                               0.25 kB │ gzip:     0.21 kB
dist/assets/v4/Icons.RiSettings3Fill-5h7IZcIW.js                                                0.25 kB │ gzip:     0.21 kB
dist/assets/v4/Icons.RiSettings3Line-Y2PQf6u3.js                                                0.25 kB │ gzip:     0.21 kB
dist/assets/v4/Icons.RiSettings4Line-B_zDebrU.js                                                0.25 kB │ gzip:     0.21 kB
dist/assets/v4/Icons.RiSettings6Line-CSJRb3QT.js                                                0.25 kB │ gzip:     0.21 kB
dist/assets/v4/Icons.RiSnowflakeLine-DCzWf6Q1.js                                                0.25 kB │ gzip:     0.21 kB
dist/assets/v4/Icons.RiSparklingFill-84xu_-Ag.js                                                0.25 kB │ gzip:     0.21 kB
dist/assets/v4/Icons.RiSparklingLine-DmiikRir.js                                                0.25 kB │ gzip:     0.21 kB
dist/assets/v4/Icons.RiThumbDownLine-CxrYRnV9.js                                                0.25 kB │ gzip:     0.21 kB
dist/assets/v4/Icons.RiUserAddFill-DVIaHZYo.js                                                  0.25 kB │ gzip:     0.21 kB
dist/assets/v4/Icons.RiUserAddLine-DjFy2eyo.js                                                  0.25 kB │ gzip:     0.21 kB
dist/assets/v4/PresetTokens-CurN0_rF.js                                                         0.25 kB │ gzip:     0.20 kB
dist/assets/v4/SelectIcon-YTd8FNZb.js                                                           0.25 kB │ gzip:     0.18 kB
dist/assets/v4/SelectItem-ClGaZu53.js                                                           0.25 kB │ gzip:     0.19 kB
dist/assets/v4/ThemeGradients-Y57lHX9c.js                                                       0.25 kB │ gzip:     0.19 kB
dist/assets/v4/BarListTab-DwJx7eKW.js                                                           0.25 kB │ gzip:     0.19 kB
dist/assets/v4/DeviceLinkedSessionsResponse-DD4pRoD1.js                                         0.25 kB │ gzip:     0.18 kB
dist/assets/v4/Icons.RiClipboardLine-C7HT1_Uw.js                                                0.25 kB │ gzip:     0.21 kB
dist/assets/v4/Icons.RiHandHeartLine-B3i2iSFX.js                                                0.25 kB │ gzip:     0.21 kB
dist/assets/v4/Icons.RiMegaphoneLine-DWO4gzlQ.js                                                0.25 kB │ gzip:     0.21 kB
dist/assets/v4/Icons.RiMoonClearFill-0ltsT3aK.js                                                0.25 kB │ gzip:     0.21 kB
dist/assets/v4/Icons.RiNewspaperLine-CS3aQq35.js                                                0.25 kB │ gzip:     0.21 kB
dist/assets/v4/Icons.RiTerminalFill-C0JeEI1w.js                                                 0.25 kB │ gzip:     0.21 kB
dist/assets/v4/OXY_OAUTH_STATE_STORAGE_KEY-CYapyxR1.js                                          0.25 kB │ gzip:     0.19 kB
dist/assets/v4/SelectScrollUpButton-DmPPMylu.js                                                 0.25 kB │ gzip:     0.18 kB
dist/assets/v4/StepsCard-6RcvfJNi.js                                                            0.25 kB │ gzip:     0.19 kB
dist/assets/v4/TableBody-BgeZpNjx.js                                                            0.25 kB │ gzip:     0.19 kB
dist/assets/v4/TableCell-DPPIjoJ_.js                                                            0.25 kB │ gzip:     0.19 kB
dist/assets/v4/oxyClient-CF-NvURw.js                                                            0.25 kB │ gzip:     0.21 kB
dist/assets/v4/useBloomLocale-RVhuWEif.js                                                       0.25 kB │ gzip:     0.19 kB
dist/assets/v4/Icons.RiBankCard2Line-Bb6tjpxN.js                                                0.25 kB │ gzip:     0.21 kB
dist/assets/v4/Icons.RiBookmark3Line-D7Kqb4mL.js                                                0.25 kB │ gzip:     0.21 kB
dist/assets/v4/Icons.RiCalendar2Line-DDGyODWo.js                                                0.25 kB │ gzip:     0.21 kB
dist/assets/v4/Icons.RiEqualizer3Line-8PpqI46W.js                                               0.25 kB │ gzip:     0.21 kB
dist/assets/v4/Icons.RiFileCloseLine-IeDKMHWX.js                                                0.25 kB │ gzip:     0.21 kB
dist/assets/v4/Icons.RiFileImageLine-CvR-ITBT.js                                                0.25 kB │ gzip:     0.21 kB
dist/assets/v4/Icons.RiGitMergeLine-kt9PAitN.js                                                 0.25 kB │ gzip:     0.21 kB
dist/assets/v4/Icons.RiLineChartLine-BFPsvxj2.js                                                0.25 kB │ gzip:     0.21 kB
dist/assets/v4/Icons.RiMailCheckLine-B77rieLt.js                                                0.25 kB │ gzip:     0.21 kB
dist/assets/v4/Icons.RiSendPlaneLine-C7n61pXK.js                                                0.25 kB │ gzip:     0.21 kB
dist/assets/v4/Icons.RiSmartphoneLine-BEiE3vNB.js                                               0.25 kB │ gzip:     0.21 kB
dist/assets/v4/Icons.RiVolumeMuteLine-D7K5g5G2.js                                               0.25 kB │ gzip:     0.21 kB
dist/assets/v4/ShrinkAndPop-Bgwzm9wq.js                                                         0.25 kB │ gzip:     0.21 kB
dist/assets/v4/useSwitchSession-BVlXXH_2.js                                                     0.25 kB │ gzip:     0.16 kB
dist/assets/v4/ComposerPanelAddMenuGroup-BmRJpzpx.js                                            0.25 kB │ gzip:     0.19 kB
dist/assets/v4/Icons.RiAiGenerateText-C4bdxUPY.js                                               0.25 kB │ gzip:     0.21 kB
dist/assets/v4/Icons.RiArrowRightLine-BbDFrJ3i.js                                               0.25 kB │ gzip:     0.21 kB
dist/assets/v4/Icons.RiBuilding2Line-BO8wMNV_.js                                                0.25 kB │ gzip:     0.21 kB
dist/assets/v4/Icons.RiCapsuleFill-9XCplKLW.js                                                  0.25 kB │ gzip:     0.21 kB
dist/assets/v4/Icons.RiFeedbackLine-BzECKXR5.js                                                 0.25 kB │ gzip:     0.21 kB
dist/assets/v4/Icons.RiFlashlightLine-BlHsdKL1.js                                               0.25 kB │ gzip:     0.21 kB
dist/assets/v4/Icons.RiHomeHeartLine-CgpasNNG.js                                                0.25 kB │ gzip:     0.21 kB
dist/assets/v4/Icons.RiLayoutGridLine-C-Zcc3T6.js                                               0.25 kB │ gzip:     0.21 kB
dist/assets/v4/Icons.RiMenuSearchLine-CKpD42l1.js                                               0.25 kB │ gzip:     0.21 kB
dist/assets/v4/Icons.RiPaintBrushLine-DmOK6tM_.js                                               0.25 kB │ gzip:     0.21 kB
dist/assets/v4/Icons.RiResetRightLine-CJjTLews.js                                               0.25 kB │ gzip:     0.21 kB
dist/assets/v4/Icons.RiShieldStarFill-C5dkqLmz.js                                               0.25 kB │ gzip:     0.21 kB
dist/assets/v4/Icons.RiShieldUserLine-QVk7hvEx.js                                               0.25 kB │ gzip:     0.21 kB
dist/assets/v4/MinimalUserData-BgJ6Eg5J.js                                                      0.25 kB │ gzip:     0.17 kB
dist/assets/v4/OXY_OAUTH_STATE_STORAGE_KEY-DGMqPK5W.js                                          0.25 kB │ gzip:     0.20 kB
dist/assets/v4/TicketComment-tkatvorc.js                                                        0.25 kB │ gzip:     0.16 kB
dist/assets/v4/image-resolver-DKS5Eq0j.js                                                       0.25 kB │ gzip:     0.16 kB
dist/assets/v4/useUpdateDeviceName-IYV5wSdM.js                                                  0.25 kB │ gzip:     0.16 kB
dist/assets/v4/AdmonitionRow-BkNhtAx8.js                                                        0.25 kB │ gzip:     0.19 kB
dist/assets/v4/CardElevation-ETF9Oumn.js                                                        0.25 kB │ gzip:     0.20 kB
dist/assets/v4/Icons.RiArrowDownSFill-CKk13K7P.js                                               0.25 kB │ gzip:     0.21 kB
dist/assets/v4/Icons.RiArrowDownSLine-CIvA8c1B.js                                               0.25 kB │ gzip:     0.21 kB
dist/assets/v4/Icons.RiArrowLeftSLine-DFZ0qCdK.js                                               0.25 kB │ gzip:     0.21 kB
dist/assets/v4/Icons.RiAttachmentLine-DO57WBqJ.js                                               0.25 kB │ gzip:     0.21 kB
dist/assets/v4/Icons.RiDeleteBin6Line-CCRMP0D0.js                                               0.25 kB │ gzip:     0.21 kB
dist/assets/v4/Icons.RiLogoutBoxRLine-DBu9NLKF.js                                               0.25 kB │ gzip:     0.21 kB
dist/assets/v4/Icons.RiMessage2Line-6YOncRfJ.js                                                 0.25 kB │ gzip:     0.21 kB
dist/assets/v4/Icons.RiSparkling2Line-tMRnkxAb.js                                               0.25 kB │ gzip:     0.21 kB
dist/assets/v4/SelectValue-fuXMYYcN.js                                                          0.25 kB │ gzip:     0.19 kB
dist/assets/v4/SignedMessage-VZeefl3l.js                                                        0.25 kB │ gzip:     0.16 kB
dist/assets/v4/TemplateCopyProviderProps-CNJ9l1an.js                                            0.25 kB │ gzip:     0.19 kB
dist/assets/v4/Icons.RiFolderOpenLine-CSU66KNG.js                                               0.26 kB │ gzip:     0.21 kB
dist/assets/v4/Icons.RiInformationFill-DUvwxNFB.js                                              0.26 kB │ gzip:     0.21 kB
dist/assets/v4/Icons.RiInformationLine-DXm6MkPb.js                                              0.26 kB │ gzip:     0.21 kB
dist/assets/v4/Icons.RiLinkedinBoxFill-Qfm4oEP2.js                                              0.26 kB │ gzip:     0.21 kB
dist/assets/v4/Icons.RiShakeHandsLine-BNLPqHAD.js                                               0.26 kB │ gzip:     0.21 kB
dist/assets/v4/Icons.RiSlideshow3Line-DvjNt60I.js                                               0.26 kB │ gzip:     0.21 kB
dist/assets/v4/SelectScrollDownButton-BEMlja9y.js                                               0.26 kB │ gzip:     0.18 kB
dist/assets/v4/VerifyDomainResult-CPbVaP7G.js                                                   0.26 kB │ gzip:     0.19 kB
dist/assets/v4/isAuthenticationError-GXJ84tYP.js                                                0.26 kB │ gzip:     0.19 kB
dist/assets/v4/openAccountDialog-B9sDogSP.js                                                    0.26 kB │ gzip:     0.19 kB
dist/assets/v4/AgentLogShimmerTextProps-xYzojv35.js                                             0.26 kB │ gzip:     0.20 kB
dist/assets/v4/Icons.RiCloseCircleLine-DOD68rbr.js                                              0.26 kB │ gzip:     0.21 kB
dist/assets/v4/Icons.RiFileExcel2Line-Bx4Uvhvh.js                                               0.26 kB │ gzip:     0.21 kB
dist/assets/v4/Icons.RiFilePaper2Line-CKE8JqdK.js                                               0.26 kB │ gzip:     0.21 kB
dist/assets/v4/Icons.RiPlayListAddLine-DYAR79Ms.js                                              0.26 kB │ gzip:     0.21 kB
dist/assets/v4/Icons.RiShieldCheckLine-REskAbv-.js                                              0.26 kB │ gzip:     0.21 kB
dist/assets/v4/Icons.RiUserHeartLine-DZGKpZHb.js                                                0.26 kB │ gzip:     0.21 kB
dist/assets/v4/Icons.RiUserMinusLine-B_kt9E3l.js                                                0.26 kB │ gzip:     0.21 kB
dist/assets/v4/Icons.RiUserSmileLine-U-q3x64B.js                                                0.26 kB │ gzip:     0.21 kB
dist/assets/v4/ProfileButton-Cci8cl5T.js                                                        0.26 kB │ gzip:     0.20 kB
dist/assets/v4/Search-D5_W8KmD.js                                                               0.26 kB │ gzip:     0.21 kB
dist/assets/v4/AiChatLinkChipProps-CJWn1kKT.js                                                  0.26 kB │ gzip:     0.21 kB
dist/assets/v4/AssetUrlResponse-DH3oPJlb.js                                                     0.26 kB │ gzip:     0.17 kB
dist/assets/v4/ButtonIconComponent-CEksqv1A.js                                                  0.26 kB │ gzip:     0.19 kB
dist/assets/v4/Icons.RiArrowRightSLine-scwS991g.js                                              0.26 kB │ gzip:     0.21 kB
dist/assets/v4/Icons.RiNotificationFill-BOCZSFFO.js                                             0.26 kB │ gzip:     0.21 kB
dist/assets/v4/Icons.RiNotificationLine-BPi-prem.js                                             0.26 kB │ gzip:     0.21 kB
dist/assets/v4/Icons.RiTestTubeFill-DYEfjzrR.js                                                 0.26 kB │ gzip:     0.22 kB
dist/assets/v4/SelectItemIndicatorProps-CU4n2-JE.js                                             0.26 kB │ gzip:     0.21 kB
dist/assets/v4/SelectScrollProvider-yMv-JWO2.js                                                 0.26 kB │ gzip:     0.18 kB
dist/assets/v4/StatBarProps-Czw1RI3G.js                                                         0.26 kB │ gzip:     0.16 kB
dist/assets/v4/DropdownMenu-DE209rhT.js                                                         0.26 kB │ gzip:     0.19 kB
dist/assets/v4/SettingsMenuAction-DUPLUxVT.js                                                   0.26 kB │ gzip:     0.20 kB
dist/assets/v4/AspectRatio-CHreGhZw.js                                                          0.26 kB │ gzip:     0.19 kB
dist/assets/v4/BarListCard-dLueJsKk.js                                                          0.26 kB │ gzip:     0.19 kB
dist/assets/v4/ContextMenu-D69hVhha.js                                                          0.26 kB │ gzip:     0.19 kB
dist/assets/v4/FileListResponse-De61Fr3m.js                                                     0.26 kB │ gzip:     0.19 kB
dist/assets/v4/Icons.RiAlarmWarningFill-BnQpBQ-e.js                                             0.26 kB │ gzip:     0.21 kB
dist/assets/v4/Icons.RiAlarmWarningLine-DgIYq9SV.js                                             0.26 kB │ gzip:     0.21 kB
dist/assets/v4/Icons.RiCodeSSlashLine-CNtxTele.js                                               0.26 kB │ gzip:     0.21 kB
dist/assets/v4/Icons.RiErrorWarningFill-CwBqms5B.js                                             0.26 kB │ gzip:     0.21 kB
dist/assets/v4/Icons.RiExternalLinkLine-m6OutmKP.js                                             0.26 kB │ gzip:     0.21 kB
dist/assets/v4/Icons.RiFlightTakeoffLine-BvYKv0Je.js                                            0.26 kB │ gzip:     0.21 kB
dist/assets/v4/Icons.RiFlipVerticalLine-CGWJjAI1.js                                             0.26 kB │ gzip:     0.21 kB
dist/assets/v4/Icons.RiLogoutCircleLine-mexk65Bs.js                                             0.26 kB │ gzip:     0.21 kB
dist/assets/v4/Icons.RiShareForwardLine-Ci18fiDM.js                                             0.26 kB │ gzip:     0.21 kB
dist/assets/v4/Icons.RiUserFollowLine-ClXQcq5A.js                                               0.26 kB │ gzip:     0.21 kB
dist/assets/v4/Icons.RiUserSearchLine-clXieTRz.js                                               0.26 kB │ gzip:     0.21 kB
dist/assets/v4/MAX_DISPLAY_NAME_LENGTH-D2pjh0vW.js                                              0.26 kB │ gzip:     0.21 kB
dist/assets/v4/MenubarMenu-CoWobFCD.js                                                          0.26 kB │ gzip:     0.19 kB
dist/assets/v4/TableColumn-RrfqWOYi.js                                                          0.26 kB │ gzip:     0.19 kB
dist/assets/v4/TableHeader-CDGeo2oJ.js                                                          0.26 kB │ gzip:     0.19 kB
dist/assets/v4/invalidateConnectedAppsQueries-Btx_8epn.js                                       0.26 kB │ gzip:     0.19 kB
dist/assets/v4/subscribeToAccountDialog-BN0peKxI.js                                             0.26 kB │ gzip:     0.19 kB
dist/assets/v4/AgentChatUsageRow-61oFQ6J1.js                                                    0.26 kB │ gzip:     0.20 kB
dist/assets/v4/Icons.RiArrowRightUpLine-CT_sgcBf.js                                             0.26 kB │ gzip:     0.21 kB
dist/assets/v4/Icons.RiCornerUpLeftLine-BHAyKWyU.js                                             0.26 kB │ gzip:     0.21 kB
dist/assets/v4/Icons.RiExpandUpDownLine-CazpGrtQ.js                                             0.26 kB │ gzip:     0.22 kB
dist/assets/v4/Icons.RiUploadCloud2Line-PQ4rs3IC.js                                             0.26 kB │ gzip:     0.22 kB
dist/assets/v4/COLOR_PLAYGROUND_NAMES-BAgqCaSD.js                                               0.26 kB │ gzip:     0.22 kB
dist/assets/v4/CalendarViewFeed-AxBUdbNq.js                                                     0.26 kB │ gzip:     0.18 kB
dist/assets/v4/DialogControlProps-CazFKh-a.js                                                   0.26 kB │ gzip:     0.18 kB
dist/assets/v4/Icons.RiAccessibilityLine-CEmhOPIp.js                                            0.26 kB │ gzip:     0.21 kB
dist/assets/v4/Icons.RiChatSmile2Line-CBlco2LI.js                                               0.26 kB │ gzip:     0.22 kB
dist/assets/v4/Icons.RiContactsBookFill-CMJK09nR.js                                             0.26 kB │ gzip:     0.21 kB
dist/assets/v4/Icons.RiContactsBookLine-BfrXKF5o.js                                             0.26 kB │ gzip:     0.21 kB
dist/assets/v4/Icons.RiNotification2Line-D8ci7cnM.js                                            0.26 kB │ gzip:     0.21 kB
dist/assets/v4/Icons.RiNotification3Fill-DWexTsbw.js                                            0.26 kB │ gzip:     0.21 kB
dist/assets/v4/Icons.RiNotification3Line-jZFLMfDa.js                                            0.26 kB │ gzip:     0.21 kB
dist/assets/v4/Icons.RiOrganizationChart--0CD5RvJ.js                                            0.26 kB │ gzip:     0.21 kB
dist/assets/v4/Icons.RiShoppingBag3Line-C-TBz5zC.js                                             0.26 kB │ gzip:     0.22 kB
dist/assets/v4/Icons.RiTerminalBoxLine-CYQb8rk3.js                                              0.26 kB │ gzip:     0.21 kB
dist/assets/v4/Icons.RiVolumeVibrateLine-B87BM9rt.js                                            0.26 kB │ gzip:     0.21 kB
dist/assets/v4/AdmonitionContent-BVarV188.js                                                    0.26 kB │ gzip:     0.19 kB
dist/assets/v4/ColorEngine.argbFromRgb-CnzUTkLn.js                                              0.26 kB │ gzip:     0.19 kB
dist/assets/v4/Icons.RiCheckboxBlankLine-BAb71Gj4.js                                            0.26 kB │ gzip:     0.22 kB
dist/assets/v4/WebIdentityRecoveryMaterial-lM9Nr0dW.js                                          0.26 kB │ gzip:     0.18 kB
dist/assets/v4/Icons.RiArrowDropDownLine-DLNM3zmP.js                                            0.26 kB │ gzip:     0.22 kB
dist/assets/v4/Icons.RiArrowUpCircleFill-D4JsT3Yk.js                                            0.26 kB │ gzip:     0.21 kB
dist/assets/v4/Icons.RiArrowUpCircleLine-Dfn-S1kU.js                                            0.26 kB │ gzip:     0.21 kB
dist/assets/v4/Icons.RiHeartPulseFill-nTUIHjyb.js                                               0.26 kB │ gzip:     0.22 kB
dist/assets/v4/Icons.RiHeartPulseLine-CMv6_sHk.js                                               0.26 kB │ gzip:     0.22 kB
dist/assets/v4/PopoverTitle-DVnesKVW.js                                                         0.26 kB │ gzip:     0.19 kB
dist/assets/v4/StatCardsIcon-Cv7w4-JS.js                                                        0.26 kB │ gzip:     0.22 kB
dist/assets/v4/digestIdentityPayload-RLiQQItT.js                                                0.26 kB │ gzip:     0.21 kB
dist/assets/v4/invalidatePaymentsQueries-BRmH2VpF.js                                            0.26 kB │ gzip:     0.19 kB
dist/assets/v4/APP_COLOR_PRESETS-bdHecQj3.js                                                    0.26 kB │ gzip:     0.19 kB
dist/assets/v4/Icons.RiVerifiedBadgeFill-C_FMkzq8.js                                            0.26 kB │ gzip:     0.21 kB
dist/assets/v4/Icons.RiVerifiedBadgeLine-BT-Yd3X8.js                                            0.26 kB │ gzip:     0.22 kB
dist/assets/v4/OxyAuthScreen-C_e7cJN_.js                                                        0.26 kB │ gzip:     0.21 kB
dist/assets/v4/Skeleton.Text-D3Pngzvu.js                                                        0.26 kB │ gzip:     0.20 kB
dist/assets/v4/flatten-DyJAKxh7.js                                                              0.26 kB │ gzip:     0.18 kB
dist/assets/v4/parseMoveQrPayload-A0o8_IlJ.js                                                   0.26 kB │ gzip:     0.19 kB
dist/assets/v4/useDialogContext-D4qwCTvf.js                                                     0.26 kB │ gzip:     0.15 kB
dist/assets/v4/useMutationStatus-B1C0BXeF.js                                                    0.26 kB │ gzip:     0.15 kB
dist/assets/v4/Icons.RiCheckboxCircleFill-nGadA9Ds.js                                           0.27 kB │ gzip:     0.22 kB
dist/assets/v4/Icons.RiCheckboxCircleLine-CEjdhMkS.js                                           0.27 kB │ gzip:     0.22 kB
dist/assets/v4/Icons.RiEmotionHappyLine-Cdg5LKOb.js                                             0.27 kB │ gzip:     0.22 kB
dist/assets/v4/Icons.RiEmotionLaughLine-BGPObDZs.js                                             0.27 kB │ gzip:     0.22 kB
dist/assets/v4/Icons.RiFlipHorizontalLine-CACyMtZR.js                                           0.27 kB │ gzip:     0.21 kB
dist/assets/v4/Icons.RiStethoscopeLine-DmPGdx6o.js                                              0.27 kB │ gzip:     0.22 kB
dist/assets/v4/Icons.RiUserUnfollowLine-DK8XtbgQ.js                                             0.27 kB │ gzip:     0.22 kB
dist/assets/v4/IdentityRequestOptions-B3btyQls.js                                               0.27 kB │ gzip:     0.20 kB
dist/assets/v4/OxySpeechResponse-CRLWtz7_.js                                                    0.27 kB │ gzip:     0.18 kB
dist/assets/v4/withAlpha-Cd9p76gl.js                                                            0.27 kB │ gzip:     0.19 kB
dist/assets/v4/Icons.RiArrowLeftRightLine-DWv4KZ50.js                                           0.27 kB │ gzip:     0.22 kB
dist/assets/v4/Icons.RiCornerDownLeftLine-DwJnc3UI.js                                           0.27 kB │ gzip:     0.22 kB
dist/assets/v4/Icons.RiDownloadCloud2Line-mZjSRxkp.js                                           0.27 kB │ gzip:     0.22 kB
dist/assets/v4/Icons.RiShoppingBasketLine-Cf9jHlhI.js                                           0.27 kB │ gzip:     0.22 kB
dist/assets/v4/PatientInfoCardIcon-BBXKcrkV.js                                                  0.27 kB │ gzip:     0.22 kB
dist/assets/v4/SelectItemText-D_PlWs8p.js                                                       0.27 kB │ gzip:     0.19 kB
dist/assets/v4/SettingsToolsScope-BpFXkG7s.js                                                   0.27 kB │ gzip:     0.19 kB
dist/assets/v4/TextFieldInput-IlxFCZmj.js                                                       0.27 kB │ gzip:     0.19 kB
dist/assets/v4/AreaChartCard-iKBl-k2O.js                                                        0.27 kB │ gzip:     0.19 kB
dist/assets/v4/AvatarPlaceholderConfig-DaLMn4DH.js                                              0.27 kB │ gzip:     0.20 kB
dist/assets/v4/HANDLE_COLOR_NAMES-DsdhHHPP.js                                                   0.27 kB │ gzip:     0.23 kB
dist/assets/v4/Icons.RiNotificationOffFill-C9gT2t7S.js                                          0.27 kB │ gzip:     0.21 kB
dist/assets/v4/Icons.RiNotificationOffLine-DgACMN38.js                                          0.27 kB │ gzip:     0.21 kB
dist/assets/v4/LineChartCard-CVlb-6Xi.js                                                        0.27 kB │ gzip:     0.19 kB
dist/assets/v4/MultiAxisPlot-DqBsbMbL.js                                                        0.27 kB │ gzip:     0.19 kB
dist/assets/v4/PopoverHeader-DyFjmHfO.js                                                        0.27 kB │ gzip:     0.19 kB
dist/assets/v4/RangeCalendar-Df2V5jbf.js                                                        0.27 kB │ gzip:     0.19 kB
dist/assets/v4/RevokeCredentialResult-BhRD0Fy4.js                                               0.27 kB │ gzip:     0.20 kB
dist/assets/v4/SettingsCardProps-CpblQ1Ii.js                                                    0.27 kB │ gzip:     0.18 kB
dist/assets/v4/Skeleton.Col-jV7RcM9o.js                                                         0.27 kB │ gzip:     0.20 kB
dist/assets/v4/Skeleton.Row-CMd3KhuB.js                                                         0.27 kB │ gzip:     0.21 kB
dist/assets/v4/StageBarsCard-BL3mnt4N.js                                                        0.27 kB │ gzip:     0.19 kB
dist/assets/v4/Icons.RiAccountCircleFill-Jfj89yTJ.js                                            0.27 kB │ gzip:     0.22 kB
dist/assets/v4/Icons.RiAccountCircleLine-BxBHU-Hz.js                                            0.27 kB │ gzip:     0.22 kB
dist/assets/v4/Icons.RiQuestionnaireLine-aZzuDtvT.js                                            0.27 kB │ gzip:     0.21 kB
dist/assets/v4/Icons.RiUserCommunityLine-Bk8XZGmT.js                                            0.27 kB │ gzip:     0.22 kB
dist/assets/v4/LogSink-CQpbUSpz.js                                                              0.27 kB │ gzip:     0.21 kB
dist/assets/v4/PageHeaderBorder-B73jH5fU.js                                                     0.27 kB │ gzip:     0.20 kB
dist/assets/v4/DataTableSort-Kuqt62gI.js                                                        0.27 kB │ gzip:     0.20 kB
dist/assets/v4/Icons.RiArrowDownCircleFill-g7lJXg3j.js                                          0.27 kB │ gzip:     0.22 kB
dist/assets/v4/Icons.RiCornerDownRightLine-OsBzMcGR.js                                          0.27 kB │ gzip:     0.22 kB
dist/assets/v4/Icons.RiExpandDiagonalSLine-IgqSxWSf.js                                          0.27 kB │ gzip:     0.22 kB
dist/assets/v4/useAssetErrors-B2Sn5nRc.js                                                       0.27 kB │ gzip:     0.16 kB
dist/assets/v4/useImageResolver-CXw_j9vN.js                                                     0.27 kB │ gzip:     0.16 kB
dist/assets/v4/useUserDevices-90CsdfPt.js                                                       0.27 kB │ gzip:     0.19 kB
dist/assets/v4/ApplicationUsageByEndpoint-BBpgEeud.js                                           0.27 kB │ gzip:     0.19 kB
dist/assets/v4/AreaPoint-BN_HrEmf.js                                                            0.27 kB │ gzip:     0.20 kB
dist/assets/v4/AvatarPlaceholderProvider-DlrpfToD.js                                            0.27 kB │ gzip:     0.18 kB
dist/assets/v4/ComboRange-Bz16670t.js                                                           0.27 kB │ gzip:     0.19 kB
dist/assets/v4/Icons.RiClosedCaptioningFill-COxEVZIy.js                                         0.27 kB │ gzip:     0.22 kB
dist/assets/v4/Icons.RiClosedCaptioningLine-DBfgbXxg.js                                         0.27 kB │ gzip:     0.21 kB
dist/assets/v4/Icons.RiCustomerServiceLine-D7XXO-t_.js                                          0.27 kB │ gzip:     0.22 kB
dist/assets/v4/Icons.RiShoppingBasket2Fill-BzpQQoMa.js                                          0.27 kB │ gzip:     0.22 kB
dist/assets/v4/OxyAuthScreenHeader-DtpXjZaO.js                                                  0.27 kB │ gzip:     0.20 kB
dist/assets/v4/followRecordToStatus-BsLPwMg3.js                                                 0.27 kB │ gzip:     0.19 kB
dist/assets/v4/isServerError-VZcZg789.js                                                        0.27 kB │ gzip:     0.20 kB
dist/assets/v4/AiChatLinkChip-B_Ek-wAZ.js                                                       0.27 kB │ gzip:     0.20 kB
dist/assets/v4/ColdBootSession-BK1PHtCH.js                                                      0.27 kB │ gzip:     0.20 kB
dist/assets/v4/ComboChartCard-DhoaoeX6.js                                                       0.27 kB │ gzip:     0.19 kB
dist/assets/v4/EYES-Cmsv7CCK.js                                                                 0.27 kB │ gzip:     0.19 kB
dist/assets/v4/Icons.RiCollapseDiagonalLine-C11WiHEW.js                                         0.27 kB │ gzip:     0.21 kB
dist/assets/v4/Icons.RiEmotionUnhappyLine-DC3Pqm6h.js                                           0.27 kB │ gzip:     0.22 kB
dist/assets/v4/Icons.RiGitPullRequestLine-CbybUMwT.js                                           0.27 kB │ gzip:     0.22 kB
dist/assets/v4/LoggerConfig-DwSj09LR.js                                                         0.27 kB │ gzip:     0.19 kB
dist/assets/v4/RadarPoint-BGImkhyl.js                                                           0.27 kB │ gzip:     0.20 kB
dist/assets/v4/Typography.Muted-0RtQBDtK.js                                                     0.27 kB │ gzip:     0.22 kB
dist/assets/v4/digestMoveCiphertext-Cdky17GS.js                                                 0.27 kB │ gzip:     0.19 kB
dist/assets/v4/ApiError-OWqxoVcn.js                                                             0.27 kB │ gzip:     0.19 kB
dist/assets/v4/Icons.RiCalendarScheduleLine-BPZJDA0J.js                                         0.27 kB │ gzip:     0.22 kB
dist/assets/v4/SELECTABLE_ACCOUNT_CATEGORY_IDS-OMKImKjn.js                                      0.27 kB │ gzip:     0.21 kB
dist/assets/v4/SettingsRowData-CyHijLMm.js                                                      0.27 kB │ gzip:     0.17 kB
dist/assets/v4/COLOR_PRESET_FAMILY_REGISTRY-DjKIMw_n.js                                         0.27 kB │ gzip:     0.21 kB
dist/assets/v4/Icons.RiNotificationBadgeLine-DX3Wv8Cv.js                                        0.27 kB │ gzip:     0.22 kB
dist/assets/v4/ViewStyleProp-CBQ7VU5V.js                                                        0.27 kB │ gzip:     0.21 kB
dist/assets/v4/accountRoleLabel-CWjPjn4N.js                                                     0.27 kB │ gzip:     0.20 kB
dist/assets/v4/isNotFoundError-Qkfyac9k.js                                                      0.27 kB │ gzip:     0.21 kB
dist/assets/v4/AgentsChartCard-BR-Q3VFv.js                                                      0.28 kB │ gzip:     0.20 kB
dist/assets/v4/BloomHapticsProviderProps-B8vGFG2Z.js                                            0.28 kB │ gzip:     0.20 kB
dist/assets/v4/ChartIcon-Dn9iuGjo.js                                                            0.28 kB │ gzip:     0.21 kB
dist/assets/v4/DateRangePicker-B9HWzu5D.js                                                      0.28 kB │ gzip:     0.19 kB
dist/assets/v4/FunnelChartCard-CBOjybv7.js                                                      0.28 kB │ gzip:     0.19 kB
dist/assets/v4/SettingsPlanArt-CFYtONCW.js                                                      0.28 kB │ gzip:     0.20 kB
dist/assets/v4/TokensChartCard-tHzhUoxZ.js                                                      0.28 kB │ gzip:     0.19 kB
dist/assets/v4/translate-FU0DXiKH.js                                                            0.28 kB │ gzip:     0.18 kB
dist/assets/v4/CalendarViewFeedAccount-mtfnDBsB.js                                              0.28 kB │ gzip:     0.21 kB
dist/assets/v4/ProjectMember-D-zwwaoF.js                                                        0.28 kB │ gzip:     0.17 kB
dist/assets/v4/SidebarTree-Qeggz5hw.js                                                          0.28 kB │ gzip:     0.21 kB
dist/assets/v4/Typography.TYPE_SCALE-YFBj8EwH.js                                                0.28 kB │ gzip:     0.19 kB
dist/assets/v4/isForbiddenError-CaN1gzwX.js                                                     0.28 kB │ gzip:     0.20 kB
dist/assets/v4/DEFAULT_CIRCUIT_BREAKER_CONFIG-7RxyOsmJ.js                                       0.28 kB │ gzip:     0.21 kB
dist/assets/v4/ErrorResponse-DWTp78P4.js                                                        0.28 kB │ gzip:     0.19 kB
dist/assets/v4/LoginResponse-xh0aLNky.js                                                        0.28 kB │ gzip:     0.19 kB
dist/assets/v4/CardTitleProps-jbFaU9Vx.js                                                       0.28 kB │ gzip:     0.18 kB
dist/assets/v4/TextField-rggFDvlI.js                                                            0.28 kB │ gzip:     0.20 kB
dist/assets/v4/AiChatBulletList-CxAXodRz.js                                                     0.28 kB │ gzip:     0.19 kB
dist/assets/v4/ApplicationType-aBGP3M3F.js                                                      0.28 kB │ gzip:     0.21 kB
dist/assets/v4/MeetingScheduler-Cp-MEsgs.js                                                     0.28 kB │ gzip:     0.20 kB
dist/assets/v4/PopoverSeparator-BlqqpCnl.js                                                     0.28 kB │ gzip:     0.19 kB
dist/assets/v4/SearchProfilesResponse-Cu_DP-58.js                                               0.28 kB │ gzip:     0.18 kB
dist/assets/v4/SettingsPlanCard-BRdyPlhy.js                                                     0.28 kB │ gzip:     0.20 kB
dist/assets/v4/SidebarAvatarColor-DRN8_C51.js                                                   0.28 kB │ gzip:     0.20 kB
dist/assets/v4/COLOR_PRESET_REGISTRY-DF0Jgchy.js                                                0.28 kB │ gzip:     0.22 kB
dist/assets/v4/Icons.RiIndeterminateCircleFill-BGomg7xn.js                                      0.28 kB │ gzip:     0.22 kB
dist/assets/v4/Icons.RiSidebarFoldLine-CI2PYrQj.js                                              0.28 kB │ gzip:     0.22 kB
dist/assets/v4/newsroom-theme-DwuecVM5.js                                                       0.28 kB │ gzip:     0.23 kB
dist/assets/v4/Icons.RiCheckboxBlankCircleLine-Dedog2ew.js                                      0.28 kB │ gzip:     0.22 kB
dist/assets/v4/OXY_ACCOUNT_DELETED_EVENT_URI-DMn9sBl7.js                                        0.28 kB │ gzip:     0.19 kB
dist/assets/v4/OxyConsentScreen-DXtKQz6t.js                                                     0.28 kB │ gzip:     0.19 kB
dist/assets/v4/NotificationIconComponent-Ddcy6ThS.js                                            0.28 kB │ gzip:     0.21 kB
dist/assets/v4/TaskListChip-B-5rl4qc.js                                                         0.28 kB │ gzip:     0.24 kB
dist/assets/v4/AiChatMessageLine-CpP0tsfA.js                                                    0.28 kB │ gzip:     0.20 kB
dist/assets/v4/AiChatUserMessage-CLl-l0mt.js                                                    0.28 kB │ gzip:     0.20 kB
dist/assets/v4/DirectionProvider-DLJYrhbb.js                                                    0.28 kB │ gzip:     0.19 kB
dist/assets/v4/EarningsChartCard-BAgQThcU.js                                                    0.28 kB │ gzip:     0.19 kB
dist/assets/v4/RgbChannels-DTKqncsh.js                                                          0.28 kB │ gzip:     0.20 kB
dist/assets/v4/SettingsDateField-bQY9-8uQ.js                                                    0.28 kB │ gzip:     0.20 kB
dist/assets/v4/SettingsTextField-CiMY2V2A.js                                                    0.28 kB │ gzip:     0.20 kB
dist/assets/v4/SettingsToolsPage-vtiySjxa.js                                                    0.28 kB │ gzip:     0.20 kB
dist/assets/v4/ThemeGradient-C0ttqm5_.js                                                        0.28 kB │ gzip:     0.23 kB
dist/assets/v4/isRTLLocale-Cx7BdXFD.js                                                          0.28 kB │ gzip:     0.22 kB
dist/assets/v4/AvatarRingGradientDirection-B5Zk52S1.js                                          0.28 kB │ gzip:     0.21 kB
dist/assets/v4/CardDescriptionProps-NSukHN-g.js                                                 0.28 kB │ gzip:     0.18 kB
dist/assets/v4/useBloomTheme-D_-JpdBC.js                                                        0.28 kB │ gzip:     0.16 kB
dist/assets/v4/SettingsRow-CFcBCDRf.js                                                          0.29 kB │ gzip:     0.21 kB
dist/assets/v4/WebSearchBrand-Dm5wi1JX.js                                                       0.29 kB │ gzip:     0.23 kB
dist/assets/v4/isRateLimitError-BenXQLme.js                                                     0.29 kB │ gzip:     0.22 kB
dist/assets/v4/useIsAssetLinked-no9duYlL.js                                                     0.29 kB │ gzip:     0.18 kB
dist/assets/v4/Icons.RiSidebarUnfoldLine-D83G1nSB.js                                            0.29 kB │ gzip:     0.23 kB
dist/assets/v4/UpdateScreenshotInput-RmdwuJBz.js                                                0.29 kB │ gzip:     0.20 kB
dist/assets/v4/browser-BTLEKin8.js                                                              0.29 kB │ gzip:     0.17 kB
dist/assets/v4/select-B3iPnzL1.js                                                               0.29 kB │ gzip:     0.20 kB
dist/assets/v4/trustTierLabel-DcXHxSWT.js                                                       0.29 kB │ gzip:     0.19 kB
dist/assets/v4/AgentLimitsContextGroup-C3EkAvRR.js                                              0.29 kB │ gzip:     0.23 kB
dist/assets/v4/AnnouncementIconComponent-0SUc9Hxx.js                                            0.29 kB │ gzip:     0.21 kB
dist/assets/v4/BloomThemeProvider-CVZ7IXLw.js                                                   0.29 kB │ gzip:     0.20 kB
dist/assets/v4/ContextMenuTrigger-CbD8jE3q.js                                                   0.29 kB │ gzip:     0.20 kB
dist/assets/v4/DataTableRowAction-1NlR6GEV.js                                                   0.29 kB │ gzip:     0.19 kB
dist/assets/v4/EarningsRange-I0oLxPKq.js                                                        0.29 kB │ gzip:     0.19 kB
dist/assets/v4/MostActiveDaysCard-D1o1UhfX.js                                                   0.29 kB │ gzip:     0.20 kB
dist/assets/v4/OrdersChartCard-unfjIf0i.js                                                      0.29 kB │ gzip:     0.20 kB
dist/assets/v4/PopoverDescription-DuRi0woc.js                                                   0.29 kB │ gzip:     0.20 kB
dist/assets/v4/Skeleton.Pill-D_vK8kZk.js                                                        0.29 kB │ gzip:     0.21 kB
dist/assets/v4/COMPOSER_PANEL_PERMISSIONS-DdQjEsnj.js                                           0.29 kB │ gzip:     0.22 kB
dist/assets/v4/ImportantAlertsCardIcon-BeCQ9_db.js                                              0.29 kB │ gzip:     0.23 kB
dist/assets/v4/OXY_OAUTH_REDIRECT_URI_STORAGE_KEY-1pUxXH73.js                                   0.29 kB │ gzip:     0.21 kB
dist/assets/v4/SelectItemTextProps-Cuv0ZMeu.js                                                  0.29 kB │ gzip:     0.19 kB
dist/assets/v4/OXY_OAUTH_CODE_VERIFIER_STORAGE_KEY-Bd6_Pqkv.js                                  0.29 kB │ gzip:     0.21 kB
dist/assets/v4/RevenueChartCard-D4kEsmwn.js                                                     0.29 kB │ gzip:     0.20 kB
dist/assets/v4/SelectLabel-BGAc_mWa.js                                                          0.29 kB │ gzip:     0.21 kB
dist/assets/v4/AiChatPanelTab-Bbs_8bfB.js                                                       0.29 kB │ gzip:     0.20 kB
dist/assets/v4/SettingsServerTone-BOVx5OaE.js                                                   0.29 kB │ gzip:     0.19 kB
dist/assets/v4/TabsIconComponent-Daz6WE5R.js                                                    0.29 kB │ gzip:     0.21 kB
dist/assets/v4/ios-CuolqGGk.js                                                                  0.29 kB │ gzip:     0.20 kB
dist/assets/v4/web-CyNWUJgC.js                                                                  0.29 kB │ gzip:     0.20 kB
dist/assets/v4/AssetLink-Cy93q_Yp.js                                                            0.29 kB │ gzip:     0.16 kB
dist/assets/v4/AvatarPreset-HIBadLA9.js                                                         0.29 kB │ gzip:     0.20 kB
dist/assets/v4/OXY_OAUTH_CODE_VERIFIER_STORAGE_KEY-C_ZYd8Ms.js                                  0.29 kB │ gzip:     0.21 kB
dist/assets/v4/SettingsStoragePage-COf0azpP.js                                                  0.29 kB │ gzip:     0.20 kB
dist/assets/v4/isUnauthorizedError-p5S8w14X.js                                                  0.29 kB │ gzip:     0.21 kB
dist/assets/v4/validateRequiredFields-CiVL6_XU.js                                               0.29 kB │ gzip:     0.21 kB
dist/assets/v4/TabsContentProps-0Gpu0o4d.js                                                     0.29 kB │ gzip:     0.21 kB
dist/assets/v4/TokenRefreshSchedulerHandle-CIveKNoG.js                                          0.29 kB │ gzip:     0.21 kB
dist/assets/v4/generateOAuthState-CKwlXavD.js                                                   0.29 kB │ gzip:     0.22 kB
dist/assets/v4/SettingsModal-B9cNxgi9.js                                                        0.29 kB │ gzip:     0.20 kB
dist/assets/v4/SurfaceHeaderAction-b68GNO0O.js                                                  0.29 kB │ gzip:     0.21 kB
dist/assets/v4/isNetworkError-OkOCF6ix.js                                                       0.29 kB │ gzip:     0.21 kB
dist/assets/v4/isLoopbackOrigin-8nXXyHXE.js                                                     0.29 kB │ gzip:     0.22 kB
dist/assets/v4/ApiResponse-DAfVca_k.js                                                          0.30 kB │ gzip:     0.20 kB
dist/assets/v4/StoreRating-DAkq3Dvo.js                                                          0.30 kB │ gzip:     0.22 kB
dist/assets/v4/AnimatedCheckProps-C1nWRgyt.js                                                   0.30 kB │ gzip:     0.21 kB
dist/assets/v4/BatchFileAccessResponse-Czaeygac.js                                              0.30 kB │ gzip:     0.22 kB
dist/assets/v4/ChipHue-By2xfc4k.js                                                              0.30 kB │ gzip:     0.21 kB
dist/assets/v4/TextFieldSuffix-CplP6tqy.js                                                      0.30 kB │ gzip:     0.22 kB
dist/assets/v4/WalletPagination-C5YBj6tl.js                                                     0.30 kB │ gzip:     0.18 kB
dist/assets/v4/isRetryableError-sJ_wEich.js                                                     0.30 kB │ gzip:     0.22 kB
dist/assets/v4/AgentThinkingTone-Bnla8pA1.js                                                    0.30 kB │ gzip:     0.20 kB
dist/assets/v4/QuestionnaireAnswer-Bwg9J7vY.js                                                  0.30 kB │ gzip:     0.22 kB
dist/assets/v4/SegmentedControlItemText-DrvBI0PN.js                                             0.30 kB │ gzip:     0.20 kB
dist/assets/v4/BottomSheet-Dgsz18M7.js                                                          0.30 kB │ gzip:     0.19 kB
dist/assets/v4/DialogContextProps-DPeuXcWw.js                                                   0.30 kB │ gzip:     0.21 kB
dist/assets/v4/AreaVariant-BSjTZfF4.js                                                          0.30 kB │ gzip:     0.22 kB
dist/assets/v4/CalendarViewInboxMenu-D9-PmAXG.js                                                0.30 kB │ gzip:     0.20 kB
dist/assets/v4/CalendarViewMonthGrid-Ma1o0XJD.js                                                0.30 kB │ gzip:     0.20 kB
dist/assets/v4/AiChatStrong-0CCFaG0o.js                                                         0.30 kB │ gzip:     0.22 kB
dist/assets/v4/Typography.Small-C4RwZFxL.js                                                     0.30 kB │ gzip:     0.24 kB
dist/assets/v4/AdmonitionRoot-BhIfJCeu.js                                                       0.30 kB │ gzip:     0.21 kB
dist/assets/v4/AdmonitionButton-sDw2amc_.js                                                     0.30 kB │ gzip:     0.22 kB
dist/assets/v4/AuthRefreshHandler-B0PGqcYV.js                                                   0.30 kB │ gzip:     0.20 kB
dist/assets/v4/Tabs-B8n_C-Dg.js                                                                 0.30 kB │ gzip:     0.21 kB
dist/assets/v4/android-qr4EiuHS.js                                                              0.30 kB │ gzip:     0.21 kB
dist/assets/v4/parseCommonsApprovalExpiresAt-Bzz2EJj6.js                                        0.30 kB │ gzip:     0.20 kB
dist/assets/v4/wipeOpenedIdentity-ob3CxzOH.js                                                   0.30 kB │ gzip:     0.22 kB
dist/assets/v4/AgentChatMessage-B9NX7FuO.js                                                     0.31 kB │ gzip:     0.21 kB
dist/assets/v4/ErrorBoundaryFallback-zjdw-ZTZ.js                                                0.31 kB │ gzip:     0.21 kB
dist/assets/v4/NotificationStatus-CIbLJ2Eq.js                                                   0.31 kB │ gzip:     0.20 kB
dist/assets/v4/formatPublicKeyHandle-CxkWMJgs.js                                                0.31 kB │ gzip:     0.23 kB
dist/assets/v4/Code.CodeLinesSize-ZUheZMDC.js                                                   0.31 kB │ gzip:     0.22 kB
dist/assets/v4/DirectionProviderProps-0dNYCOLE.js                                               0.31 kB │ gzip:     0.19 kB
dist/assets/v4/AiChatMobileHeaderProps-CRO4NDhU.js                                              0.31 kB │ gzip:     0.22 kB
dist/assets/v4/DataTable-D2Iaqb-R.js                                                            0.31 kB │ gzip:     0.21 kB
dist/assets/v4/PulsingDotProps-BHwqYLIT.js                                                      0.31 kB │ gzip:     0.19 kB
dist/assets/v4/SocialBrand-dEodx6v7.js                                                          0.31 kB │ gzip:     0.21 kB
dist/assets/v4/AuthMediaSlide-5ZMRmkHn.js                                                       0.31 kB │ gzip:     0.23 kB
dist/assets/v4/Code.CodeTokenKind-DDW2mbm7.js                                                   0.31 kB │ gzip:     0.20 kB
dist/assets/v4/PatientInfoCardDetail-CSSGZF1r.js                                                0.31 kB │ gzip:     0.22 kB
dist/assets/v4/CalendarViewEventDetails-MzwJfm1H.js                                             0.31 kB │ gzip:     0.20 kB
dist/assets/v4/generateMoveEphemeralKeyPair-Dwt1IqtD.js                                         0.31 kB │ gzip:     0.21 kB
dist/assets/v4/isInvalidSessionError-BNJzHUch.js                                                0.31 kB │ gzip:     0.23 kB
dist/assets/v4/OVERLAY_STACK_BAND-CT8qoBxQ.js                                                   0.31 kB │ gzip:     0.24 kB
dist/assets/v4/PublishRecordResult-C7stbl-M.js                                                  0.31 kB │ gzip:     0.22 kB
dist/assets/v4/SelectItemIndicator-xDEXJSvp.js                                                  0.31 kB │ gzip:     0.20 kB
dist/assets/v4/bloomTailwindPreset-82rLktBX.js                                                  0.31 kB │ gzip:     0.23 kB
dist/assets/v4/native-BvjGjM7H.js                                                               0.31 kB │ gzip:     0.22 kB
dist/assets/v4/PaginationParams-B2e0Nf4o.js                                                     0.31 kB │ gzip:     0.21 kB
dist/assets/v4/SidebarMenuGroup-Bir2gR7q.js                                                     0.31 kB │ gzip:     0.23 kB
dist/assets/v4/getPlatformOS-BLK-LI1A.js                                                        0.31 kB │ gzip:     0.21 kB
dist/assets/v4/ApplicationUsageByDay-f3sboKS1.js                                                0.32 kB │ gzip:     0.21 kB
dist/assets/v4/CalendarViewMonthSwitcher-vaLuyknF.js                                            0.32 kB │ gzip:     0.21 kB
dist/assets/v4/LinkButton-BlV517D2.js                                                           0.32 kB │ gzip:     0.25 kB
dist/assets/v4/OxyAuthLoading-CZ6FmPEC.js                                                       0.32 kB │ gzip:     0.24 kB
dist/assets/v4/ResolveAvatarUrl-BPYhGqYl.js                                                     0.32 kB │ gzip:     0.21 kB
dist/assets/v4/SelectGroupProps-CkESECy1.js                                                     0.32 kB │ gzip:     0.20 kB
dist/assets/v4/SelectLabelProps-Bt1wRgYO.js                                                     0.32 kB │ gzip:     0.20 kB
dist/assets/v4/Typography.Lead-hhyAxQ2B.js                                                      0.32 kB │ gzip:     0.25 kB
dist/assets/v4/getErrorStatus-dku5TeI4.js                                                       0.32 kB │ gzip:     0.22 kB
dist/assets/v4/AgentChatAccount-CSKYq0lP.js                                                     0.32 kB │ gzip:     0.21 kB
dist/assets/v4/AgentLimitsUsageLimit-CpA32YSr.js                                                0.32 kB │ gzip:     0.24 kB
dist/assets/v4/deriveKeyEncryptionKey-Dh875unD.js                                               0.32 kB │ gzip:     0.22 kB
dist/assets/v4/SelectContent-ByKt57y0.js                                                        0.32 kB │ gzip:     0.21 kB
dist/assets/v4/useOxyRuntime-CZ3KAdfn.js                                                        0.32 kB │ gzip:     0.20 kB
dist/assets/v4/validateAndSanitizeUserInput-CGpshZ2e.js                                         0.32 kB │ gzip:     0.20 kB
dist/assets/v4/Typography.Large-DcfeNp-a.js                                                     0.32 kB │ gzip:     0.25 kB
dist/assets/v4/useThrottledValue-BgUFtThs.js                                                    0.32 kB │ gzip:     0.21 kB
dist/assets/v4/ListAccountsOptions-XIFSXrSl.js                                                  0.32 kB │ gzip:     0.23 kB
dist/assets/v4/ProvisionChannelResult-VRkpPd7O.js                                               0.32 kB │ gzip:     0.20 kB
dist/assets/v4/Wallet-B17QbwCb.js                                                               0.32 kB │ gzip:     0.22 kB
dist/assets/v4/AvatarShape-BMPBHe3a.js                                                          0.32 kB │ gzip:     0.24 kB
dist/assets/v4/Code.isHighlightedLanguage-C27f4cLL.js                                           0.32 kB │ gzip:     0.23 kB
dist/assets/v4/DataTableOption-D5GaD2my.js                                                      0.32 kB │ gzip:     0.22 kB
dist/assets/v4/OxyInferenceFetch-BfZZafET.js                                                    0.32 kB │ gzip:     0.24 kB
dist/assets/v4/SettingsPlanArtProps-DRsKS7iW.js                                                 0.32 kB │ gzip:     0.19 kB
dist/assets/v4/Skeleton.Circle-Jl2y8w7z.js                                                      0.32 kB │ gzip:     0.23 kB
dist/assets/v4/VirtualList-BJVT_KnF.js                                                          0.32 kB │ gzip:     0.22 kB
dist/assets/v4/isTimeoutOrNetworkError-Ccb3S2Ix.js                                              0.32 kB │ gzip:     0.23 kB
dist/assets/v4/Code.CodeLanguage-Bg51kmfB.js                                                    0.32 kB │ gzip:     0.21 kB
dist/assets/v4/SelectGroup-CCr8UKzj.js                                                          0.32 kB │ gzip:     0.23 kB
dist/assets/v4/VirtualListRenderItemInfo-WNaXQ3yU.js                                            0.32 kB │ gzip:     0.23 kB
dist/assets/v4/normalizeUserIdentityOrNull-ciBXkd7T.js                                          0.32 kB │ gzip:     0.20 kB
dist/assets/v4/ActivityHeatmapDay-D6efZeCM.js                                                   0.32 kB │ gzip:     0.25 kB
dist/assets/v4/NotificationCenterAction-Cgu20bnC.js                                             0.32 kB │ gzip:     0.23 kB
dist/assets/v4/ProjectColumn-D8VgjMVp.js                                                        0.32 kB │ gzip:     0.21 kB
dist/assets/v4/AccentFill-D6aWozWx.js                                                           0.33 kB │ gzip:     0.25 kB
dist/assets/v4/AvatarColor-DHaPOy0Y.js                                                          0.33 kB │ gzip:     0.23 kB
dist/assets/v4/ConnectionStatusToasts-C1XcTVEI.js                                               0.33 kB │ gzip:     0.23 kB
dist/assets/v4/useSettingsSavedToast-CAMcwhY4.js                                                0.33 kB │ gzip:     0.25 kB
dist/assets/v4/handleHttpError-6QhxrUfI.js                                                      0.33 kB │ gzip:     0.21 kB
dist/assets/v4/reputationCategoryLabel-Cj6iFnnl.js                                              0.33 kB │ gzip:     0.21 kB
dist/assets/v4/useOverlayLayerContext-Dq9eF0uw.js                                               0.33 kB │ gzip:     0.20 kB
dist/assets/v4/AssetDeleteSummary-4pUCRY_h.js                                                   0.33 kB │ gzip:     0.20 kB
dist/assets/v4/AssetLinkRequest-DtpcDTh8.js                                                     0.33 kB │ gzip:     0.21 kB
dist/assets/v4/SettingsSectionLabelProps-C1wZ1cJM.js                                            0.33 kB │ gzip:     0.23 kB
dist/assets/v4/PutAccountCapabilityPolicyInput-fT8VjYlt.js                                      0.33 kB │ gzip:     0.21 kB
dist/assets/v4/invalidateAuthMethodsQueries-DVyhEXwR.js                                         0.33 kB │ gzip:     0.23 kB
dist/assets/v4/AiChatContainerLabels-DSw5BOOa.js                                                0.33 kB │ gzip:     0.19 kB
dist/assets/v4/AiChatThreadProps-BdK-I6cn.js                                                    0.33 kB │ gzip:     0.23 kB
dist/assets/v4/Gutter-CwREuoNd.js                                                               0.33 kB │ gzip:     0.23 kB
dist/assets/v4/ChartLegendItem-BRnUggoI.js                                                      0.33 kB │ gzip:     0.24 kB
dist/assets/v4/QuestionnaireOption-DV12cOsZ.js                                                  0.33 kB │ gzip:     0.22 kB
dist/assets/v4/getLoggerConfig-CR1QRime.js                                                      0.33 kB │ gzip:     0.20 kB
dist/assets/v4/getNormalizedUserId-_ZXYqYk5.js                                                  0.33 kB │ gzip:     0.23 kB
dist/assets/v4/useRecentSecurityActivity-BjpTWYbO.js                                            0.33 kB │ gzip:     0.21 kB
dist/assets/v4/useUserProfile-h0eMI4Oo.js                                                       0.34 kB │ gzip:     0.22 kB
dist/assets/v4/safeJsonParse-DAiuGUHQ.js                                                        0.34 kB │ gzip:     0.23 kB
dist/assets/v4/AccountDialogMenuItem-BupBzXOC.js                                                0.34 kB │ gzip:     0.22 kB
dist/assets/v4/ChartRangePill-K_W0f0Xs.js                                                       0.34 kB │ gzip:     0.24 kB
dist/assets/v4/FollowGraphSort-BnLDsG9s.js                                                      0.34 kB │ gzip:     0.23 kB
dist/assets/v4/PeableButton-De4JnFey.js                                                         0.34 kB │ gzip:     0.25 kB
dist/assets/v4/useUserByUsername-HKfqXbir.js                                                    0.34 kB │ gzip:     0.21 kB
dist/assets/v4/OxyAccountEventFeedPage-BCgLkBfL.js                                              0.34 kB │ gzip:     0.24 kB
dist/assets/v4/ScrollRestorationTarget-Bd07dMU1.js                                              0.34 kB │ gzip:     0.24 kB
dist/assets/v4/SettingsCard-DpAkBUeU.js                                                         0.34 kB │ gzip:     0.24 kB
dist/assets/v4/SettingsProfilePageProps-DhWBqwq5.js                                             0.34 kB │ gzip:     0.23 kB
dist/assets/v4/delay-Bs0nTPk7.js                                                                0.34 kB │ gzip:     0.24 kB
dist/assets/v4/LineRange-CpEct0X2.js                                                            0.34 kB │ gzip:     0.24 kB
dist/assets/v4/RequireOxyAuth-COAlqPrL.js                                                       0.34 kB │ gzip:     0.25 kB
dist/assets/v4/useDelayedLoading-CXJwn8F_.js                                                    0.34 kB │ gzip:     0.24 kB
dist/assets/v4/useDeviceSessions-qXALACVP.js                                                    0.34 kB │ gzip:     0.22 kB
dist/assets/v4/useSession-CDD3H-6j.js                                                           0.34 kB │ gzip:     0.22 kB
dist/assets/v4/AccountDelegationAccess-CPIb7-jh.js                                              0.34 kB │ gzip:     0.23 kB
dist/assets/v4/AgentAvatar-DoO2ucQv.js                                                          0.34 kB │ gzip:     0.24 kB
dist/assets/v4/ClearableUserField-SMWCNLvx.js                                                   0.34 kB │ gzip:     0.23 kB
dist/assets/v4/LoadingProps-BxEyjTZ1.js                                                         0.34 kB │ gzip:     0.17 kB
dist/assets/v4/StoredDeviceInfo-BNfsl6Oy.js                                                     0.34 kB │ gzip:     0.18 kB
dist/assets/v4/VerifyRecordResult-CmZTiyBk.js                                                   0.34 kB │ gzip:     0.24 kB
dist/assets/v4/useImagePreload-CrlbfYBD.js                                                      0.34 kB │ gzip:     0.25 kB
dist/assets/v4/AGENT_LOG_SOFT_EASE-CBkAkp7f.js                                                  0.34 kB │ gzip:     0.27 kB
dist/assets/v4/TooltipTextBubble-DVwOQ0Ww.js                                                    0.34 kB │ gzip:     0.25 kB
dist/assets/v4/useOxySnapshot-CS1zbGJN.js                                                       0.34 kB │ gzip:     0.20 kB
dist/assets/v4/OpenedWebIdentity-Qvi-ICyz.js                                                    0.35 kB │ gzip:     0.21 kB
dist/assets/v4/TableHeaderProps-Dm60hQQC.js                                                     0.35 kB │ gzip:     0.23 kB
dist/assets/v4/generateWebIdentity-w1FUpDzT.js                                                  0.35 kB │ gzip:     0.20 kB
dist/assets/v4/webLocalStorage-KMC9JrNE.js                                                      0.35 kB │ gzip:     0.24 kB
dist/assets/v4/AiChatPanelAction-B1fxhEvd.js                                                    0.35 kB │ gzip:     0.23 kB
dist/assets/v4/SettingsNavGroup-CZzvs2rM.js                                                     0.35 kB │ gzip:     0.25 kB
dist/assets/v4/SharedDeviceJoinSkipReason-Bo6SnPJW.js                                           0.35 kB │ gzip:     0.22 kB
dist/assets/v4/consoleSink-CSkE15WV.js                                                          0.35 kB │ gzip:     0.26 kB
dist/assets/v4/persistOAuthHandshake-BTw-WDZp.js                                                0.35 kB │ gzip:     0.22 kB
dist/assets/v4/useLogoutSession-C1AK2PIt.js                                                     0.35 kB │ gzip:     0.19 kB
dist/assets/v4/ModelPicker-C_pcwa04.js                                                          0.35 kB │ gzip:     0.25 kB
dist/assets/v4/SidebarAvatar-1qREN_oZ.js                                                        0.35 kB │ gzip:     0.22 kB
dist/assets/v4/isUsablePrfOutput-Diq64P58.js                                                    0.35 kB │ gzip:     0.22 kB
dist/assets/v4/AgentChatStatus-CBe8fTH6.js                                                      0.35 kB │ gzip:     0.25 kB
dist/assets/v4/AssetUpdateVisibilityResponse-Dv66ENYW.js                                        0.35 kB │ gzip:     0.22 kB
dist/assets/v4/FunnelRange-DYnVST5h.js                                                          0.35 kB │ gzip:     0.24 kB
dist/assets/v4/StageBarsRange-C_62O_Vi.js                                                       0.35 kB │ gzip:     0.23 kB
dist/assets/v4/StatCardsVariant-ClSiNf0i.js                                                     0.35 kB │ gzip:     0.25 kB
dist/assets/v4/readOAuthHandshake-GkZLC6DF.js                                                   0.35 kB │ gzip:     0.20 kB
dist/assets/v4/useSessions-ukDaoEsQ.js                                                          0.35 kB │ gzip:     0.23 kB
dist/assets/v4/hooks-BUhcvF8Y.js                                                                0.35 kB │ gzip:     0.23 kB
dist/assets/v4/parsePreset-DVJhF5gp.js                                                          0.35 kB │ gzip:     0.22 kB
dist/assets/v4/platform-C6fl1Kby.js                                                             0.35 kB │ gzip:     0.21 kB
dist/assets/v4/usePrivacySettings-DUfQCr9A.js                                                   0.35 kB │ gzip:     0.21 kB
dist/assets/v4/AccountMemberSource-zYe_k0bj.js                                                  0.35 kB │ gzip:     0.23 kB
dist/assets/v4/BORDER_WIDTH-5dhT56i3.js                                                         0.35 kB │ gzip:     0.25 kB
dist/assets/v4/Radio-CRJ94cae.js                                                                0.35 kB │ gzip:     0.23 kB
dist/assets/v4/StorePageOptions-Br-nOY26.js                                                     0.35 kB │ gzip:     0.23 kB
dist/assets/v4/AgentPreferences-DwFsJBPQ.js                                                     0.35 kB │ gzip:     0.23 kB
dist/assets/v4/IdentityRecordType-C-KXGhMB.js                                                   0.35 kB │ gzip:     0.24 kB
dist/assets/v4/CENTRAL_IDP_APEX-DXwPW4ef.js                                                     0.35 kB │ gzip:     0.27 kB
dist/assets/v4/FabVariant-DIpXzED9.js                                                           0.35 kB │ gzip:     0.25 kB
dist/assets/v4/FollowVerb-BQcjBEMW.js                                                           0.35 kB │ gzip:     0.26 kB
dist/assets/v4/RequesterAssertionGrant-BqzaG3vE.js                                              0.35 kB │ gzip:     0.21 kB
dist/assets/v4/SettingsServerList-jIQqDCKN.js                                                   0.35 kB │ gzip:     0.24 kB
dist/assets/v4/SharedDevicePublishSkipReason-Bg-XGRu_.js                                        0.35 kB │ gzip:     0.23 kB
dist/assets/v4/AuthLayout-LLvedykX.js                                                           0.36 kB │ gzip:     0.25 kB
dist/assets/v4/Gutters-CX2qNet2.js                                                              0.36 kB │ gzip:     0.21 kB
dist/assets/v4/FileVisibility-qMYGBC-g.js                                                       0.36 kB │ gzip:     0.24 kB
dist/assets/v4/SettingsProfilePage-DZDZ1MRz.js                                                  0.36 kB │ gzip:     0.24 kB
dist/assets/v4/useSecurityInfo-BZh3GW1l.js                                                      0.36 kB │ gzip:     0.21 kB
dist/assets/v4/AgentLogWorkingRowProps-_gPAfwZa.js                                              0.36 kB │ gzip:     0.23 kB
dist/assets/v4/ColdBootStepResult-CsaTLgU2.js                                                   0.36 kB │ gzip:     0.22 kB
dist/assets/v4/RadialRange-BZ0Kvnmn.js                                                          0.36 kB │ gzip:     0.24 kB
dist/assets/v4/ScatterRange-BvQ9E81B.js                                                         0.36 kB │ gzip:     0.24 kB
dist/assets/v4/NotificationCenterAvatarColor-oqR7952f.js                                        0.36 kB │ gzip:     0.23 kB
dist/assets/v4/COLOR_PRESET_GROUPS-fFRD6BlO.js                                                  0.36 kB │ gzip:     0.24 kB
dist/assets/v4/Command-BWKCpsJI.js                                                              0.36 kB │ gzip:     0.24 kB
dist/assets/v4/NewProjectTicket-4mu4dKTl.js                                                     0.36 kB │ gzip:     0.24 kB
dist/assets/v4/SocketIOFactory-CoblnwQQ.js                                                      0.36 kB │ gzip:     0.22 kB
dist/assets/v4/TooltipContent-BmMnB4fX.js                                                       0.36 kB │ gzip:     0.25 kB
dist/assets/v4/directionForLocale-DtY-L2xM.js                                                   0.36 kB │ gzip:     0.23 kB
dist/assets/v4/getErrorMessage-5VxBWZ8z.js                                                      0.36 kB │ gzip:     0.23 kB
dist/assets/v4/ChartCardPoint-Fu0N6mnf.js                                                       0.36 kB │ gzip:     0.26 kB
dist/assets/v4/ScatterPoint-BTHdqi7y.js                                                         0.36 kB │ gzip:     0.24 kB
dist/assets/v4/SettingsGeneralPage-hnyTZ33C.js                                                  0.36 kB │ gzip:     0.24 kB
dist/assets/v4/SettingsValueField-9CHyQB9V.js                                                   0.36 kB │ gzip:     0.25 kB
dist/assets/v4/SharedDevicePublishDecision-CTPLJqUV.js                                          0.36 kB │ gzip:     0.23 kB
dist/assets/v4/Tooltip-CQIcmUhI.js                                                              0.36 kB │ gzip:     0.25 kB
dist/assets/v4/AgentChat-DKJrbbDX.js                                                            0.36 kB │ gzip:     0.25 kB
dist/assets/v4/SidebarVariant-ChUcQGYk.js                                                       0.36 kB │ gzip:     0.26 kB
dist/assets/v4/canonicalizeOAuthRedirectUri-DGiJiEgj.js                                         0.36 kB │ gzip:     0.25 kB
dist/assets/v4/AlertDialog-ChzMB4OH.js                                                          0.36 kB │ gzip:     0.28 kB
dist/assets/v4/MultiAgentChatMessage-DzZUgPFG.js                                                0.36 kB │ gzip:     0.21 kB
dist/assets/v4/VirtualListSlot-ZE_xUghw.js                                                      0.36 kB │ gzip:     0.26 kB
dist/assets/v4/installAuthRefreshHandler-BLtBnpD5.js                                            0.36 kB │ gzip:     0.25 kB
dist/assets/v4/SettingsSectionLabel-Cva8zjfo.js                                                 0.36 kB │ gzip:     0.25 kB
dist/assets/v4/SidebarTreeFolder-BLkobLmV.js                                                    0.36 kB │ gzip:     0.24 kB
dist/assets/v4/UpdateDelegationGrantInput-CMC39ah0.js                                           0.36 kB │ gzip:     0.23 kB
dist/assets/v4/layerForRank-D4KkEfOS.js                                                         0.36 kB │ gzip:     0.23 kB
dist/assets/v4/tokens.lineHeight-D_r_ejll.js                                                    0.36 kB │ gzip:     0.21 kB
dist/assets/v4/ComposerStatusBarLabels-iGIZcmhz.js                                              0.37 kB │ gzip:     0.23 kB
dist/assets/v4/CompositionCategory-CnBRZMf2.js                                                  0.37 kB │ gzip:     0.24 kB
dist/assets/v4/PRESS_LAYER_ALPHA-Dpmyi4mv.js                                                    0.37 kB │ gzip:     0.26 kB
dist/assets/v4/AiChatBullet-RpikLAsC.js                                                         0.37 kB │ gzip:     0.26 kB
dist/assets/v4/RadioCard-wGy7Qadx.js                                                            0.37 kB │ gzip:     0.24 kB
dist/assets/v4/UseAmbientThemeOptions-Cih1sFYP.js                                               0.37 kB │ gzip:     0.26 kB
dist/assets/v4/useFileFiltering-2px_O5KN.js                                                     0.37 kB │ gzip:     0.23 kB
dist/assets/v4/AccentTone-DvtCOJpG.js                                                           0.37 kB │ gzip:     0.26 kB
dist/assets/v4/getLanguageName-CCUuKfmd.js                                                      0.37 kB │ gzip:     0.27 kB
dist/assets/v4/setPlatformOS-BmYqFQzP.js                                                        0.37 kB │ gzip:     0.27 kB
dist/assets/v4/useUsersBySessions-Dpc7E-sX.js                                                   0.37 kB │ gzip:     0.24 kB
dist/assets/v4/AeadResult-BGeUOuFw.js                                                           0.37 kB │ gzip:     0.25 kB
dist/assets/v4/buildUrl-hxDUjqr0.js                                                             0.37 kB │ gzip:     0.24 kB
dist/assets/v4/deriveMoveKey-Pkige22e.js                                                        0.37 kB │ gzip:     0.24 kB
dist/assets/v4/CardRadius-CQgaoL0q.js                                                           0.37 kB │ gzip:     0.28 kB
dist/assets/v4/PlatformOS-LNKoRoqX.js                                                           0.37 kB │ gzip:     0.26 kB
dist/assets/v4/post-oxy2-p-kcwkR0.js                                                            0.37 kB │ gzip:     0.21 kB
dist/assets/v4/useOverlayLayer-Drs7cJuN.js                                                      0.37 kB │ gzip:     0.23 kB
dist/assets/v4/verifyMoveCommitment-r1E1L2rU.js                                                 0.37 kB │ gzip:     0.23 kB
dist/assets/v4/BulkFollowResult-Dd6qaZkk.js                                                     0.37 kB │ gzip:     0.26 kB
dist/assets/v4/StoreCategory-Dy1HY0Nm.js                                                        0.37 kB │ gzip:     0.25 kB
dist/assets/v4/AgentChatThread-CS13qzxO.js                                                      0.38 kB │ gzip:     0.25 kB
dist/assets/v4/IDENTITY_PIN_STORAGE_KEY-hSLiy7JH.js                                             0.38 kB │ gzip:     0.27 kB
dist/assets/v4/TaskListStep-CUKfnH6n.js                                                         0.38 kB │ gzip:     0.28 kB
dist/assets/v4/ChartStatTile-BwnkEt6z.js                                                        0.38 kB │ gzip:     0.22 kB
dist/assets/v4/DialogPlacement-DDRxGCZZ.js                                                      0.38 kB │ gzip:     0.25 kB
dist/assets/v4/SecurityEventType-CMgnCq3V.js                                                    0.38 kB │ gzip:     0.22 kB
dist/assets/v4/AppShellDrawer-D36IODAJ.js                                                       0.38 kB │ gzip:     0.26 kB
dist/assets/v4/PopoverSeparatorProps--Hd0Bm-v.js                                                0.38 kB │ gzip:     0.26 kB
dist/assets/v4/SurfaceRenderFn-BDeDOYbR.js                                                      0.38 kB │ gzip:     0.24 kB
dist/assets/v4/isValidObjectId-Bgo2qvxW.js                                                      0.38 kB │ gzip:     0.27 kB
dist/assets/v4/Fonts.fontCssVars-D5mT7Nq6.js                                                    0.38 kB │ gzip:     0.19 kB
dist/assets/v4/OAuthUserInfoResponse-B1SMqlJs.js                                                0.38 kB │ gzip:     0.22 kB
dist/assets/v4/useUserProfiles-BMGm77Y8.js                                                      0.38 kB │ gzip:     0.24 kB
dist/assets/v4/MultiAxisPlotAxis-DQrzvq5K.js                                                    0.38 kB │ gzip:     0.24 kB
dist/assets/v4/TemplateCopyProvider-BeOiy4cC.js                                                 0.38 kB │ gzip:     0.25 kB
dist/assets/v4/OXY_OAUTH_RETURN_PATH_STORAGE_KEY-ChwydJG-.js                                    0.38 kB │ gzip:     0.26 kB
dist/assets/v4/SidebarTreeItem-uUqXN_Qm.js                                                      0.38 kB │ gzip:     0.25 kB
dist/assets/v4/AccentColors-BDqkm5dk.js                                                         0.39 kB │ gzip:     0.23 kB
dist/assets/v4/SelectScrollContextValue-C0kzfJ_n.js                                             0.39 kB │ gzip:     0.24 kB
dist/assets/v4/TextFieldIconProps-CFonie25.js                                                   0.39 kB │ gzip:     0.28 kB
dist/assets/v4/CalendarViewParticipant-BUaD86Z5.js                                              0.39 kB │ gzip:     0.25 kB
dist/assets/v4/consumeOAuthReturnPath-Ckh34rN-.js                                               0.39 kB │ gzip:     0.26 kB
dist/assets/v4/deriveMoveSas-D47GvHWE.js                                                        0.39 kB │ gzip:     0.24 kB
dist/assets/v4/isLightColor-DP2ScSvH.js                                                         0.39 kB │ gzip:     0.25 kB
dist/assets/v4/CalendarViewMeeting-DVBN_8bh.js                                                  0.39 kB │ gzip:     0.28 kB
dist/assets/v4/UseStorageOptions-B3Rr-pjb.js                                                    0.39 kB │ gzip:     0.22 kB
dist/assets/v4/UserNodeController-COsxz0Wx.js                                                   0.39 kB │ gzip:     0.27 kB
dist/assets/v4/scroll-B2z912ES.js                                                               0.39 kB │ gzip:     0.24 kB
dist/assets/v4/BulkUnfollowResult-Dh-LKUpT.js                                                   0.39 kB │ gzip:     0.27 kB
dist/assets/v4/OverlayLayer-DNMsq_7z.js                                                         0.39 kB │ gzip:     0.26 kB
dist/assets/v4/WriteStoreReviewInput-DkLCgmLM.js                                                0.39 kB │ gzip:     0.26 kB
dist/assets/v4/defaultAvatarSource-CF04nIYz.js                                                  0.39 kB │ gzip:     0.27 kB
dist/assets/v4/ProfileLinkMetadata-DRDRZbXT.js                                                  0.39 kB │ gzip:     0.21 kB
dist/assets/v4/SocialButtonAppearance-BY6HZgRE.js                                               0.39 kB │ gzip:     0.26 kB
dist/assets/v4/VerifyAccountEventOptions-JUV0kXP_.js                                            0.39 kB │ gzip:     0.27 kB
dist/assets/v4/ComposerPanel-Cw164CWB.js                                                        0.39 kB │ gzip:     0.27 kB
dist/assets/v4/ProvisionChannelMemberInput-DNaVrOUU.js                                          0.39 kB │ gzip:     0.25 kB
dist/assets/v4/isAlreadyRegisteredError-BeaI5DJW.js                                             0.39 kB │ gzip:     0.26 kB
dist/assets/v4/getNativeLanguageName-BSz-rR0H.js                                                0.39 kB │ gzip:     0.29 kB
dist/assets/v4/rgbToHex-CZZ_zmOZ.js                                                             0.39 kB │ gzip:     0.26 kB
dist/assets/v4/withOpacity-p7vnAQWT.js                                                          0.39 kB │ gzip:     0.26 kB
dist/assets/v4/UNKNOWN_FOLLOW_STATUS-D-Kk8MJj.js                                                0.40 kB │ gzip:     0.28 kB
dist/assets/v4/AgentChatActions-CLXEd-9C.js                                                     0.40 kB │ gzip:     0.25 kB
dist/assets/v4/AgentChatHistory-C8hSp5Yv.js                                                     0.40 kB │ gzip:     0.25 kB
dist/assets/v4/NotificationAction-BmyqMInO.js                                                   0.40 kB │ gzip:     0.27 kB
dist/assets/v4/isAllowedDeviceJoinOrigin-CLELIMaK.js                                            0.40 kB │ gzip:     0.27 kB
dist/assets/v4/AgentLogGuideBridgeProps-4O3NOgKN.js                                             0.40 kB │ gzip:     0.27 kB
dist/assets/v4/ComposerPill-rSNtlx6z.js                                                         0.40 kB │ gzip:     0.28 kB
dist/assets/v4/HeatmapRange-BnQ2UMvl.js                                                         0.40 kB │ gzip:     0.26 kB
dist/assets/v4/RadarVariant-BZKhHCOI.js                                                         0.40 kB │ gzip:     0.27 kB
dist/assets/v4/SharedDeviceCredential-CVhBngOK.js                                               0.40 kB │ gzip:     0.27 kB
dist/assets/v4/infra-nodes-CiCYBlc9.js                                                          0.40 kB │ gzip:     0.26 kB
dist/assets/v4/sessionsArraysEqual-bl7nS6cR.js                                                  0.40 kB │ gzip:     0.23 kB
dist/assets/v4/MoveReceiptClaims-DIQITYDE.js                                                    0.40 kB │ gzip:     0.19 kB
dist/assets/v4/appearance-Dstjwxzj.js                                                           0.40 kB │ gzip:     0.25 kB
dist/assets/v4/getCommonsApprovalBlockingReason-CSK7S7tw.js                                     0.40 kB │ gzip:     0.26 kB
dist/assets/v4/verifyMoveReceipt-D8Aj4oSK.js                                                    0.40 kB │ gzip:     0.27 kB
dist/assets/v4/AddScreenshotInput-D2qufG56.js                                                   0.40 kB │ gzip:     0.26 kB
dist/assets/v4/AiChatChangedFile-CdpQQ8ZZ.js                                                    0.40 kB │ gzip:     0.25 kB
dist/assets/v4/UserHoverCardStat-CuPR5ZGD.js                                                    0.40 kB │ gzip:     0.28 kB
dist/assets/v4/extractErrorMessage-Cik8iphq.js                                                  0.40 kB │ gzip:     0.25 kB
dist/assets/v4/followRecordsToStatusMap-0p1IyQQC.js                                             0.40 kB │ gzip:     0.26 kB
dist/assets/v4/AgentChatComposer-CkYksXti.js                                                    0.40 kB │ gzip:     0.25 kB
dist/assets/v4/AiChatFeedbackRow-DFX-cJYe.js                                                    0.40 kB │ gzip:     0.26 kB
dist/assets/v4/SecurityActivityResponse-6wHQU6eT.js                                             0.40 kB │ gzip:     0.23 kB
dist/assets/v4/getSystemColorScheme-m19JhURv.js                                                 0.40 kB │ gzip:     0.24 kB
dist/assets/v4/ImageAspectRatio.IntrinsicSize-Bjm0IwRc.js                                       0.40 kB │ gzip:     0.29 kB
dist/assets/v4/SettingsRowProps-BFVhM7nJ.js                                                     0.40 kB │ gzip:     0.23 kB
dist/assets/v4/isCompleteFollowStatus-HSK4Kgct.js                                               0.40 kB │ gzip:     0.28 kB
dist/assets/v4/DISPLAY_NAME_INVALID_MESSAGE-B3t49VDF.js                                         0.40 kB │ gzip:     0.27 kB
dist/assets/v4/SettingsPageSection-BfPAe4gB.js                                                  0.40 kB │ gzip:     0.23 kB
dist/assets/v4/AccordionTriggerProps-DuyK8026.js                                                0.40 kB │ gzip:     0.23 kB
dist/assets/v4/AiChatGeneration-DdVnh0yE.js                                                     0.40 kB │ gzip:     0.28 kB
dist/assets/v4/FollowLabels-CYOYRLyP.js                                                         0.41 kB │ gzip:     0.24 kB
dist/assets/v4/ParsedHttpErrorBody-rl9BcXOL.js                                                  0.41 kB │ gzip:     0.25 kB
dist/assets/v4/AiChatGalleryPanel-00S9jdDb.js                                                   0.41 kB │ gzip:     0.26 kB
dist/assets/v4/SUPPORTED_LANGUAGES-qld8aky1.js                                                  0.41 kB │ gzip:     0.30 kB
dist/assets/v4/ScatterSeries-D0gKXvj4.js                                                        0.41 kB │ gzip:     0.25 kB
dist/assets/v4/SidebarAccountMenuContent-DNfGmHFZ.js                                            0.41 kB │ gzip:     0.27 kB
dist/assets/v4/mentionShare-DdwfAJKE.js                                                         0.41 kB │ gzip:     0.26 kB
dist/assets/v4/ScrollRestorationProviderProps-DX99Us14.js                                       0.41 kB │ gzip:     0.25 kB
dist/assets/v4/AssetUploadProgress-DO6MrCPl.js                                                  0.41 kB │ gzip:     0.22 kB
dist/assets/v4/ImportantAlertsCardTone-q0bCbuOF.js                                              0.41 kB │ gzip:     0.26 kB
dist/assets/v4/OAuthConsentFailureReason-ClTOfniH.js                                            0.41 kB │ gzip:     0.25 kB
dist/assets/v4/OpenedRawKeyIdentity-mVlKqeec.js                                                 0.41 kB │ gzip:     0.27 kB
dist/assets/v4/translateTemplateCopy-BrM_gCKS.js                                                0.41 kB │ gzip:     0.26 kB
dist/assets/v4/SECURITY_EVENT_SEVERITY_MAP-Cabu2Dsl.js                                          0.42 kB │ gzip:     0.24 kB
dist/assets/v4/SettingsSection-srChh3IM.js                                                      0.42 kB │ gzip:     0.28 kB
dist/assets/v4/getBaseLanguage-FiMpk3a3.js                                                      0.42 kB │ gzip:     0.27 kB
dist/assets/v4/icon-circle-6pSsGg9j.js                                                          0.42 kB │ gzip:     0.24 kB
dist/assets/v4/AgentThinkingVariant-B3L5Nlbw.js                                                 0.42 kB │ gzip:     0.28 kB
dist/assets/v4/AreaRange-LzNwUbzb.js                                                            0.42 kB │ gzip:     0.25 kB
dist/assets/v4/EDGE_GAP-CJrcJblA.js                                                             0.42 kB │ gzip:     0.30 kB
dist/assets/v4/SettingsListGroupProps-9S5p7eXl.js                                               0.42 kB │ gzip:     0.24 kB
dist/assets/v4/SidebarAccountUser-BHSKPAqi.js                                                   0.42 kB │ gzip:     0.25 kB
dist/assets/v4/SurfaceHeaderActionProps-CiyuRcIj.js                                             0.42 kB │ gzip:     0.25 kB
dist/assets/v4/accountIdsOf-_r-62s3M.js                                                         0.42 kB │ gzip:     0.27 kB
dist/assets/v4/createMoveCommitment-CmdQNldo.js                                                 0.42 kB │ gzip:     0.26 kB
dist/assets/v4/FileUpdateRequest-5tX1VDnl.js                                                    0.42 kB │ gzip:     0.22 kB
dist/assets/v4/StorePage-CZ9R4EMc.js                                                            0.42 kB │ gzip:     0.28 kB
dist/assets/v4/AiChatImageGeneration-CTvSzpQ1.js                                                0.42 kB │ gzip:     0.26 kB
dist/assets/v4/ChartHeader-DpxBgBf8.js                                                          0.42 kB │ gzip:     0.28 kB
dist/assets/v4/aspect-ratio-_UeD0-Wf.js                                                         0.42 kB │ gzip:     0.27 kB
dist/assets/v4/ColdBootOutcome-YhJ6bxjz.js                                                      0.42 kB │ gzip:     0.28 kB
dist/assets/v4/handleAuthError-DhfeE_xA.js                                                      0.42 kB │ gzip:     0.27 kB
dist/assets/v4/systemPrefersDarkMode-D4U-eVxu.js                                                0.42 kB │ gzip:     0.26 kB
dist/assets/v4/Typography.BlockquoteProps-DG9cJbT7.js                                           0.42 kB │ gzip:     0.25 kB
dist/assets/v4/TOKEN_REFRESH_LEAD_MS-CRFlrYPo.js                                                0.43 kB │ gzip:     0.31 kB
dist/assets/v4/AiChatAssistantMessage-DrmKfKUf.js                                               0.43 kB │ gzip:     0.26 kB
dist/assets/v4/paginationRange-DLIvUn97.js                                                      0.43 kB │ gzip:     0.26 kB
dist/assets/v4/useFollowTarget-CkDy6WhG.js                                                      0.43 kB │ gzip:     0.23 kB
dist/assets/v4/ComposerStatusBar-BkCg6Q0Y.js                                                    0.43 kB │ gzip:     0.28 kB
dist/assets/v4/SidebarTeamMenuProps-ASkI6o3V.js                                                 0.43 kB │ gzip:     0.27 kB
dist/assets/v4/animated-check-D8X3bYFh.js                                                       0.43 kB │ gzip:     0.27 kB
dist/assets/v4/AgentChatMessageLabels-PZUuioHg.js                                               0.43 kB │ gzip:     0.21 kB
dist/assets/v4/ColorPresetFamilyDefinition-D9N_Z8y9.js                                          0.43 kB │ gzip:     0.26 kB
dist/assets/v4/confirm-ByzJqRKC.js                                                              0.43 kB │ gzip:     0.28 kB
dist/assets/v4/ImageAspectRatio.getIntrinsicSize-CC8oCHiJ.js                                    0.43 kB │ gzip:     0.24 kB
dist/assets/v4/AccordionItemProps-D7FE3YkX.js                                                   0.43 kB │ gzip:     0.27 kB
dist/assets/v4/RequestOAuthConsentOptions-DcRW-T1R.js                                           0.43 kB │ gzip:     0.29 kB
dist/assets/v4/RadarRange-4AXt9xaC.js                                                           0.43 kB │ gzip:     0.25 kB
dist/assets/v4/SessionMode-BlxKqOXD.js                                                          0.44 kB │ gzip:     0.29 kB
dist/assets/v4/SettingsModalPage-C_Ij685x.js                                                    0.44 kB │ gzip:     0.30 kB
dist/assets/v4/TextFieldHint-CoGhhfC2.js                                                        0.44 kB │ gzip:     0.30 kB
dist/assets/v4/useSecurityActivity-D0BSLks9.js                                                  0.44 kB │ gzip:     0.24 kB
dist/assets/v4/AiChatFeedbackLabels-C78lfG-K.js                                                 0.44 kB │ gzip:     0.22 kB
dist/assets/v4/normalizeAgentPreferences-TTk3QYsL.js                                            0.44 kB │ gzip:     0.21 kB
dist/assets/v4/useConnectedApps-BSwI8Z8n.js                                                     0.44 kB │ gzip:     0.28 kB
dist/assets/v4/BulkUnfollowEntry-DN0FPvA2.js                                                    0.44 kB │ gzip:     0.29 kB
dist/assets/v4/TextFieldIcon-CiQ11YHC.js                                                        0.44 kB │ gzip:     0.31 kB
dist/assets/v4/FollowButtonProps-DUKhE8Xe.js                                                    0.44 kB │ gzip:     0.25 kB
dist/assets/v4/internal-DmSHbQ9O.js                                                             0.44 kB │ gzip:     0.28 kB
dist/assets/v4/AiChatUserMessageProps-CUydH6fQ.js                                               0.44 kB │ gzip:     0.28 kB
dist/assets/v4/SharedDeviceJoinDecision-CB0I3KYf.js                                             0.44 kB │ gzip:     0.25 kB
dist/assets/v4/ButtonSize-HtlkUa9T.js                                                           0.45 kB │ gzip:     0.29 kB
dist/assets/v4/StoreScreenshot-CyYKVBsn.js                                                      0.45 kB │ gzip:     0.26 kB
dist/assets/v4/VirtualListRenderItem-Bju4dUoq.js                                                0.45 kB │ gzip:     0.27 kB
dist/assets/v4/deriveIdentityFromPrivateKey-DHobZQzU.js                                         0.45 kB │ gzip:     0.25 kB
dist/assets/v4/OVERLAY_STACK_MAX_RANK-BXyhiVB4.js                                               0.45 kB │ gzip:     0.32 kB
dist/assets/v4/RequireOxyAuthPrompt-D6Rkw90M.js                                                 0.45 kB │ gzip:     0.29 kB
dist/assets/v4/BulkFollowEntry-DBOD2e0z.js                                                      0.45 kB │ gzip:     0.28 kB
dist/assets/v4/grid-DiZzw0Z2.js                                                                 0.45 kB │ gzip:     0.20 kB
dist/assets/v4/AccountRelationship-CCfnFFlD.js                                                  0.45 kB │ gzip:     0.28 kB
dist/assets/v4/WEB_IDENTITY_PRF_INPUT-DRRfgd6O.js                                               0.45 kB │ gzip:     0.34 kB
dist/assets/v4/MeetingSchedulerHost-DtOGOeqf.js                                                 0.45 kB │ gzip:     0.26 kB
dist/assets/v4/PopoverDescriptionProps-sDyladY1.js                                              0.45 kB │ gzip:     0.25 kB
dist/assets/v4/lightenColor-BMBGfHd3.js                                                         0.45 kB │ gzip:     0.29 kB
dist/assets/v4/DataTableRowActionItem-CX9KuqBJ.js                                               0.46 kB │ gzip:     0.30 kB
dist/assets/v4/OxySignUpPanelProps-HkQHZ8wI.js                                                  0.46 kB │ gzip:     0.27 kB
dist/assets/v4/PkcePair-Ka01UMI4.js                                                             0.46 kB │ gzip:     0.31 kB
dist/assets/v4/hexToRgb-nVTy-IMc.js                                                             0.46 kB │ gzip:     0.28 kB
dist/assets/v4/useOxyEvent-CEs4NOw8.js                                                          0.46 kB │ gzip:     0.33 kB
dist/assets/v4/AuthMediaCarouselProps-B4agQ2Ig.js                                               0.46 kB │ gzip:     0.29 kB
dist/assets/v4/lib-D-OjrHtX.js                                                                  0.46 kB │ gzip:     0.29 kB
dist/assets/v4/retryAsync-CJpzUEAG.js                                                           0.46 kB │ gzip:     0.25 kB
dist/assets/v4/NotificationAvatar-BEh6Ld2y.js                                                   0.46 kB │ gzip:     0.29 kB
dist/assets/v4/SankeyRange-G9RW2uSb.js                                                          0.46 kB │ gzip:     0.26 kB
dist/assets/v4/StatCardProps-DBmIE5E9.js                                                        0.46 kB │ gzip:     0.26 kB
dist/assets/v4/AVATAR_SHAPE_LABELS-BW6iEf2T.js                                                  0.46 kB │ gzip:     0.32 kB
dist/assets/v4/RadialDatum-DdPqz2UN.js                                                          0.46 kB │ gzip:     0.28 kB
dist/assets/v4/InviteAccountMemberInput-Dx1oFRMH.js                                             0.46 kB │ gzip:     0.30 kB
dist/assets/v4/ChartRange-CqyQWjUc.js                                                           0.46 kB │ gzip:     0.32 kB
dist/assets/v4/WrapInput-3uWjioU2.js                                                            0.46 kB │ gzip:     0.29 kB
dist/assets/v4/configureLogger-CKb8srqO.js                                                      0.47 kB │ gzip:     0.33 kB
dist/assets/v4/BreadcrumbProps-CzfBKGi_.js                                                      0.47 kB │ gzip:     0.28 kB
dist/assets/v4/SegmentedControlItem-BjaT454E.js                                                 0.47 kB │ gzip:     0.27 kB
dist/assets/v4/DeviceFingerprint-CJTplKpK.js                                                    0.47 kB │ gzip:     0.23 kB
dist/assets/v4/ContactDiscoveryMatch-C99p7zV6.js                                                0.47 kB │ gzip:     0.30 kB
dist/assets/v4/HandleApiErrorOptions-ChkoyOTC.js                                                0.47 kB │ gzip:     0.28 kB
dist/assets/v4/IdentityPin-DbEz3n23.js                                                          0.47 kB │ gzip:     0.31 kB
dist/assets/v4/SharedDevicePublishOutcome-Bt5iu9lK.js                                           0.47 kB │ gzip:     0.25 kB
dist/assets/v4/normalizeUserIdentity-DAg-iBFI.js                                                0.47 kB │ gzip:     0.30 kB
dist/assets/v4/commonsDeliveryPlatform-DI9EbpJa.js                                              0.47 kB │ gzip:     0.27 kB
dist/assets/v4/createMemoryIdentityPinStore-BESNFPQS.js                                         0.47 kB │ gzip:     0.24 kB
dist/assets/v4/CardVariant-BjsIcl9E.js                                                          0.47 kB │ gzip:     0.32 kB
dist/assets/v4/AGENT_LANGUAGES-D3iRH4T4.js                                                      0.47 kB │ gzip:     0.23 kB
dist/assets/v4/DataTableFilter-CqH8bNS2.js                                                      0.48 kB │ gzip:     0.32 kB
dist/assets/v4/SettingsGeneralPageProps-BsiuvdPM.js                                             0.48 kB │ gzip:     0.25 kB
dist/assets/v4/TextFieldLabel-HjVJTGML.js                                                       0.48 kB │ gzip:     0.33 kB
dist/assets/v4/appCardImages-CDJ9udpq.js                                                        0.48 kB │ gzip:     0.20 kB
dist/assets/v4/Admonition-C_WBtEXf.js                                                           0.48 kB │ gzip:     0.29 kB
dist/assets/v4/BloomHapticsProvider-CJYQS8qa.js                                                 0.48 kB │ gzip:     0.31 kB
dist/assets/v4/useRevokeConnectedApp-BSyn8m6T.js                                                0.48 kB │ gzip:     0.29 kB
dist/assets/v4/getAccountColor-DF1xhj-l.js                                                      0.48 kB │ gzip:     0.31 kB
dist/assets/v4/deriveIdentityFromRecoveryMaterial-B4XL1MsO.js                                   0.48 kB │ gzip:     0.23 kB
dist/assets/v4/iconSizes-BqqR_-H_.js                                                            0.48 kB │ gzip:     0.22 kB
dist/assets/v4/Skeleton-BqwwooTN.js                                                             0.48 kB │ gzip:     0.18 kB
dist/assets/v4/SleepMetric-CnSsZvyp.js                                                          0.48 kB │ gzip:     0.29 kB
dist/assets/v4/SubscriptionFeatures-DISlc5xf.js                                                 0.48 kB │ gzip:     0.24 kB
dist/assets/v4/useWallClockSecond-axGd3Y6k.js                                                   0.48 kB │ gzip:     0.31 kB
dist/assets/v4/calculateBackoffInterval-CW8diwTT.js                                             0.48 kB │ gzip:     0.29 kB
dist/assets/v4/ApplicationUsageSummary-DyGAXxI-.js                                              0.49 kB │ gzip:     0.23 kB
dist/assets/v4/getCanonicalUserHandle-Di5UOSTp.js                                               0.49 kB │ gzip:     0.29 kB
dist/assets/v4/AssetVariant-BRU1G1Na.js                                                         0.49 kB │ gzip:     0.24 kB
dist/assets/v4/BottomEdgeProvider-BGa8H3Qy.js                                                   0.49 kB │ gzip:     0.34 kB
dist/assets/v4/CommonsDeliveryPlatform-LlaHXfLM.js                                              0.49 kB │ gzip:     0.33 kB
dist/assets/v4/OpenedMnemonicIdentity-1FSt5gdM.js                                               0.49 kB │ gzip:     0.32 kB
dist/assets/v4/AUTH_WEB_ORIGIN-DBGuy4Bu.js                                                      0.49 kB │ gzip:     0.34 kB
dist/assets/v4/SidebarPlanCardProps-wvnaG_UO.js                                                 0.49 kB │ gzip:     0.31 kB
dist/assets/v4/AreaSeries-Zdr3P7F1.js                                                           0.49 kB │ gzip:     0.29 kB
dist/assets/v4/TabsVariant-Ds__elGo.js                                                          0.49 kB │ gzip:     0.31 kB
dist/assets/v4/useActiveAccount-DWE9TYWT.js                                                     0.49 kB │ gzip:     0.30 kB
dist/assets/v4/createApiError-DTDQE7l8.js                                                       0.49 kB │ gzip:     0.29 kB
dist/assets/v4/useOptionalOxy-COna7ST3.js                                                       0.49 kB │ gzip:     0.29 kB
dist/assets/v4/ToastOptions-C9NZddys.js                                                         0.49 kB │ gzip:     0.31 kB
dist/assets/v4/useInteractionState-CTJWF9Cg.js                                                  0.49 kB │ gzip:     0.29 kB
dist/assets/v4/RadarSeries-BCYf2ypg.js                                                          0.50 kB │ gzip:     0.29 kB
dist/assets/v4/MultiAgentChatWorkspace-Dj554YNn.js                                              0.50 kB │ gzip:     0.26 kB
dist/assets/v4/AssetCompleteRequest-DqqNQkJC.js                                                 0.50 kB │ gzip:     0.26 kB
dist/assets/v4/tokens-CUCbrsv5.js                                                               0.50 kB │ gzip:     0.19 kB
dist/assets/v4/SettingsValueFieldProps-DRyhyFTG.js                                              0.50 kB │ gzip:     0.29 kB
dist/assets/v4/TableBodyProps-DD4ZrjRk.js                                                       0.50 kB │ gzip:     0.30 kB
dist/assets/v4/darkenColor-kkPcA8WQ.js                                                          0.50 kB │ gzip:     0.30 kB
dist/assets/v4/parseRecoveryMaterial-CxHYkoQj.js                                                0.50 kB │ gzip:     0.28 kB
dist/assets/v4/useRestoreAccessibilityFocus-IL0UzQwV.js                                         0.50 kB │ gzip:     0.33 kB
dist/assets/v4/AccountCapabilityPolicy-C9Wj6C5V.js                                              0.50 kB │ gzip:     0.24 kB
dist/assets/v4/buildFollowMenuItems-Bi25rGfH.js                                                 0.50 kB │ gzip:     0.27 kB
dist/assets/v4/AgentChatAccountMenuItem-BuPW8QII.js                                             0.50 kB │ gzip:     0.30 kB
dist/assets/v4/EstablishedIdentitySession-BJUocXSq.js                                           0.50 kB │ gzip:     0.27 kB
dist/assets/v4/OxyOAuthCallback-6M3dQPWd.js                                                     0.50 kB │ gzip:     0.32 kB
dist/assets/v4/TopicListResult-KXIsAcBr.js                                                      0.50 kB │ gzip:     0.29 kB
dist/assets/v4/UpdateAccountMemberInput-DUmusJ3_.js                                             0.50 kB │ gzip:     0.27 kB
dist/assets/v4/MultiAgentChatConversation-GYZZSRxN.js                                           0.50 kB │ gzip:     0.27 kB
dist/assets/v4/buildAccountsArray-Cop1iAQR.js                                                   0.50 kB │ gzip:     0.25 kB
dist/assets/v4/Theme-eaM8RL_F.js                                                                0.50 kB │ gzip:     0.28 kB
dist/assets/v4/dependencies-DaGZzQhj.js                                                         0.50 kB │ gzip:     0.33 kB
dist/assets/v4/dependencies-yOBY9qB5.js                                                         0.50 kB │ gzip:     0.33 kB
dist/assets/v4/brand-assets-B4_7R2Qy.js                                                         0.51 kB │ gzip:     0.21 kB
dist/assets/v4/resolveAvatarTint-CStM4iOc.js                                                    0.51 kB │ gzip:     0.26 kB
dist/assets/v4/ContributionsPeriod-BkZ5Uocq.js                                                  0.51 kB │ gzip:     0.28 kB
dist/assets/v4/DataTableSearchProps-CkFValsD.js                                                 0.51 kB │ gzip:     0.27 kB
dist/assets/v4/ImageAspectRatio.fetchAspectRatio-CPIb4C7d.js                                    0.51 kB │ gzip:     0.34 kB
dist/assets/v4/AnimatedCheck-CJgcYKth.js                                                        0.51 kB │ gzip:     0.32 kB
dist/assets/v4/ColorEngine.quantizeImage-DtiRR2VZ.js                                            0.51 kB │ gzip:     0.32 kB
dist/assets/v4/AGENT_LOG_BRANCH-BTM3xskK.js                                                     0.51 kB │ gzip:     0.33 kB
dist/assets/v4/ConnectedMcpClient-C6_LpwDu.js                                                   0.51 kB │ gzip:     0.24 kB
dist/assets/v4/getPrimaryLanguage-D1LotwVL.js                                                   0.51 kB │ gzip:     0.31 kB
dist/assets/v4/withApplicationMode-DQlXvixV.js                                                  0.51 kB │ gzip:     0.32 kB
dist/assets/v4/buildSearchParams-CVMpHJWG.js                                                    0.51 kB │ gzip:     0.32 kB
dist/assets/v4/useUploadAvatar-o7IUK3Ti.js                                                      0.51 kB │ gzip:     0.24 kB
dist/assets/v4/AgentCreatorAgent-y5GvU2v_.js                                                    0.51 kB │ gzip:     0.26 kB
dist/assets/v4/ChainRecordPage-CFNiLCjr.js                                                      0.51 kB │ gzip:     0.33 kB
dist/assets/v4/kindAcceptsAccountCategories-DAyy0eVU.js                                         0.51 kB │ gzip:     0.35 kB
dist/assets/v4/BACKDROP_DIM_OPACITY-BFCOsobb.js                                                 0.52 kB │ gzip:     0.38 kB
dist/assets/v4/TableRowProps-BLspD_bn.js                                                        0.52 kB │ gzip:     0.29 kB
dist/assets/v4/recordSuccess-BeifYkSn.js                                                        0.52 kB │ gzip:     0.23 kB
dist/assets/v4/OxyInferenceCredential-CXASVcS2.js                                               0.52 kB │ gzip:     0.35 kB
dist/assets/v4/DataTableCellContext-CXAT1qna.js                                                 0.52 kB │ gzip:     0.34 kB
dist/assets/v4/NotificationCenterAvatar-BeupXMFZ.js                                             0.52 kB │ gzip:     0.29 kB
dist/assets/v4/DataTableSearch-CBkppUPM.js                                                      0.52 kB │ gzip:     0.35 kB
dist/assets/v4/useUpdateUserPreferences-CXDwHFlS.js                                             0.52 kB │ gzip:     0.27 kB
dist/assets/v4/AiChatThread-wFb6aU8L.js                                                         0.52 kB │ gzip:     0.35 kB
dist/assets/v4/DialogInset-ZUpkDuIf.js                                                          0.52 kB │ gzip:     0.30 kB
dist/assets/v4/generatePkcePair-TyLhh7Ss.js                                                     0.52 kB │ gzip:     0.34 kB
dist/assets/v4/ApplicationUsageStats-DCjbJgsi.js                                                0.52 kB │ gzip:     0.23 kB
dist/assets/v4/STATUS_COLORS-olwOilxT.js                                                        0.52 kB │ gzip:     0.31 kB
dist/assets/v4/AttestQrPayload-HVEVRNZt.js                                                      0.53 kB │ gzip:     0.33 kB
dist/assets/v4/ContributionCell-DkztwGwA.js                                                     0.53 kB │ gzip:     0.37 kB
dist/assets/v4/useDialogControl-BtaseMK7.js                                                     0.53 kB │ gzip:     0.29 kB
dist/assets/v4/isFollowedGlobally-UgAIHvfZ.js                                                   0.53 kB │ gzip:     0.35 kB
dist/assets/v4/signIdentityProof-l7KEMuEp.js                                                    0.53 kB │ gzip:     0.27 kB
dist/assets/v4/KbdProps-B4_qMHs9.js                                                             0.53 kB │ gzip:     0.29 kB
dist/assets/v4/COMPOSER_PANEL_ADD_MENU-Bys-S7Vr.js                                              0.53 kB │ gzip:     0.37 kB
dist/assets/v4/ChartCardSurface-Bw-KGDHc.js                                                     0.53 kB │ gzip:     0.36 kB
dist/assets/v4/AgentLimitsContext-C7vmz7jm.js                                                   0.54 kB │ gzip:     0.30 kB
dist/assets/v4/AccountDelegationNode-YqOWOigv.js                                                0.54 kB │ gzip:     0.25 kB
dist/assets/v4/getContrastTextColor-B5b4gDM6.js                                                 0.54 kB │ gzip:     0.29 kB
dist/assets/v4/RadioOption-yU5LtvIg.js                                                          0.54 kB │ gzip:     0.28 kB
dist/assets/v4/ScrollRestorationProvider-CHRHJceh.js                                            0.54 kB │ gzip:     0.33 kB
dist/assets/v4/ComposerPanelStatusTabProps-B_cz1_iW.js                                          0.54 kB │ gzip:     0.29 kB
dist/assets/v4/TokenTransport-43QHrJKJ.js                                                       0.54 kB │ gzip:     0.33 kB
dist/assets/v4/createWebIdentityPinStore-BIeDgaiC.js                                            0.54 kB │ gzip:     0.27 kB
dist/assets/v4/ComposerAttachments-BiarIn8o.js                                                  0.54 kB │ gzip:     0.34 kB
dist/assets/v4/MeetingSchedulerLabels-d1pP3fOE.js                                               0.54 kB │ gzip:     0.30 kB
dist/assets/v4/createAccountDialogController-CLm3Uyj0.js                                        0.54 kB │ gzip:     0.25 kB
dist/assets/v4/useAuth-8MGsazum.js                                                              0.54 kB │ gzip:     0.34 kB
dist/assets/v4/SidebarMenuItem-BsOqLwYW.js                                                      0.54 kB │ gzip:     0.30 kB
dist/assets/v4/MediaInsetBorder-BhzJfdaL.js                                                     0.54 kB │ gzip:     0.34 kB
dist/assets/v4/readLocalDeviceCredential-Co3eQd8F.js                                            0.54 kB │ gzip:     0.25 kB
dist/assets/v4/sealIdentityForMove-BPSyq4Hw.js                                                  0.54 kB │ gzip:     0.34 kB
dist/assets/v4/ThemeToggleAppearance-D8qVW74d.js                                                0.54 kB │ gzip:     0.29 kB
dist/assets/v4/Fonts.FontLoaderProps-Bz7m286a.js                                                0.54 kB │ gzip:     0.37 kB
dist/assets/v4/ContributionsGrid-SeWL7vDn.js                                                    0.55 kB │ gzip:     0.36 kB
dist/assets/v4/UserHandleInput-CQrXppOx.js                                                      0.55 kB │ gzip:     0.22 kB
dist/assets/v4/parseRgb-Cp9W0qp-.js                                                             0.55 kB │ gzip:     0.31 kB
dist/assets/v4/UserNodeLivenessStatus-B0oW0ncm.js                                               0.55 kB │ gzip:     0.35 kB
dist/assets/v4/AgentLimitsContextSegment-Clo4hMB6.js                                            0.55 kB │ gzip:     0.35 kB
dist/assets/v4/getOppositeTheme-BnodqhgI.js                                                     0.55 kB │ gzip:     0.27 kB
dist/assets/v4/SocialBrandConfig-Cyq4MM7K.js                                                    0.55 kB │ gzip:     0.37 kB
dist/assets/v4/locale-Dq71_ka-.js                                                               0.55 kB │ gzip:     0.32 kB
dist/assets/v4/DataTableSelect-C4gmN9zc.js                                                      0.55 kB │ gzip:     0.36 kB
dist/assets/v4/DialogActionColor-BRYNPqsg.js                                                    0.56 kB │ gzip:     0.35 kB
dist/assets/v4/module-BU6vDC0f.js                                                               0.56 kB │ gzip:     0.30 kB
dist/assets/v4/readIdentityMarker-DBH9Mo47.js                                                   0.56 kB │ gzip:     0.31 kB
dist/assets/v4/OxyTokenStatus-DNf8Z9ft.js                                                       0.56 kB │ gzip:     0.37 kB
dist/assets/v4/useUserWallet-CrK9eshH.js                                                        0.56 kB │ gzip:     0.33 kB
dist/assets/v4/AssetUploadInput-C963fj5p.js                                                     0.56 kB │ gzip:     0.33 kB
dist/assets/v4/useStorage-C7ylHIY0.js                                                           0.56 kB │ gzip:     0.28 kB
dist/assets/v4/FrostedIconButtonSize-DmN3juw3.js                                                0.56 kB │ gzip:     0.37 kB
dist/assets/v4/ProgressiveBlurProps-Dw8hgmUu.js                                                 0.56 kB │ gzip:     0.37 kB
dist/assets/v4/OxyAccountEventFeedItem-DWsjna5c.js                                              0.56 kB │ gzip:     0.30 kB
dist/assets/v4/ComposerPanelPermissionOption-DgIjx7uI.js                                        0.57 kB │ gzip:     0.35 kB
dist/assets/v4/MeetingSchedulerDetails-DM-_CvH5.js                                              0.57 kB │ gzip:     0.28 kB
dist/assets/v4/kbd-BpcRLGqT.js                                                                  0.57 kB │ gzip:     0.31 kB
dist/assets/v4/useAccessibilityFocus-DVZtZKsO.js                                                0.57 kB │ gzip:     0.35 kB
dist/assets/v4/MediaInsetBorderProps-jszUs_jp.js                                                0.57 kB │ gzip:     0.35 kB
dist/assets/v4/useUserPayments-Dzlwsf0d.js                                                      0.57 kB │ gzip:     0.32 kB
dist/assets/v4/ApplicationCredentialType-DBeKLB8V.js                                            0.57 kB │ gzip:     0.38 kB
dist/assets/v4/withAuthErrorHandling-DkJOuvMa.js                                                0.57 kB │ gzip:     0.34 kB
dist/assets/v4/SeedAccents-vi8v15bs.js                                                          0.57 kB │ gzip:     0.35 kB
dist/assets/v4/Typography.TextProps-BQ6Zq77F.js                                                 0.57 kB │ gzip:     0.38 kB
dist/assets/v4/SidebarPlan-Dyp6PzdM.js                                                          0.57 kB │ gzip:     0.33 kB
dist/assets/v4/bloomThemeCss-FIAJ0g82.js                                                        0.57 kB │ gzip:     0.36 kB
dist/assets/v4/signMoveReceipt-C3hui1vL.js                                                      0.57 kB │ gzip:     0.34 kB
dist/assets/v4/ChartCenterReadout-B1hxm9p5.js                                                   0.58 kB │ gzip:     0.36 kB
dist/assets/v4/ComboSeries-B5UPk0ap.js                                                          0.58 kB │ gzip:     0.31 kB
dist/assets/v4/ProductAnalytics-D2VLfoGs.js                                                     0.58 kB │ gzip:     0.30 kB
dist/assets/v4/WalletTransactionsResponse-CChfCC12.js                                           0.58 kB │ gzip:     0.32 kB
dist/assets/v4/computeCodeChallenge-D-qK7JrF.js                                                 0.58 kB │ gzip:     0.39 kB
dist/assets/v4/tokens.gradients-Dmaqdwx8.js                                                     0.58 kB │ gzip:     0.26 kB
dist/assets/v4/createLogger-Bx2JIPV4.js                                                         0.58 kB │ gzip:     0.32 kB
dist/assets/v4/StoreOwnReview-DrWhWfS9.js                                                       0.58 kB │ gzip:     0.30 kB
dist/assets/v4/CarouselItemProps-CqBfC4_8.js                                                    0.59 kB │ gzip:     0.33 kB
dist/assets/v4/BottomSheetRef-Nicp3iXC.js                                                       0.59 kB │ gzip:     0.24 kB
dist/assets/v4/AgentChatMessageData-iRgvghlw.js                                                 0.59 kB │ gzip:     0.38 kB
dist/assets/v4/BlockedUser-eq6Z6RUd.js                                                          0.59 kB │ gzip:     0.23 kB
dist/assets/v4/RadialVariant-u-UNdjKO.js                                                        0.59 kB │ gzip:     0.35 kB
dist/assets/v4/AiChatMessageLineProps-CmGcZycY.js                                               0.59 kB │ gzip:     0.37 kB
dist/assets/v4/updateAvatarVisibility-RWpUamcJ.js                                               0.59 kB │ gzip:     0.36 kB
dist/assets/v4/AgentLimitsCardLabels-DnqapabM.js                                                0.59 kB │ gzip:     0.31 kB
dist/assets/v4/AmbientThemeState-BiPBPD7O.js                                                    0.59 kB │ gzip:     0.33 kB
dist/assets/v4/createDeferredProductAnalytics-OrL81FBz.js                                       0.59 kB │ gzip:     0.29 kB
dist/assets/v4/ChartLegend-DFdDP7rt.js                                                          0.60 kB │ gzip:     0.40 kB
dist/assets/v4/OxySpeechRequest-CLCzwUKs.js                                                     0.60 kB │ gzip:     0.31 kB
dist/assets/v4/getAccountFallbackHandle-BwxUjlD9.js                                             0.60 kB │ gzip:     0.38 kB
dist/assets/v4/CommonsDeliveryRoute-AhkLgoID.js                                                 0.60 kB │ gzip:     0.37 kB
dist/assets/v4/SankeyNodeDatum-DlVH2nON.js                                                      0.60 kB │ gzip:     0.34 kB
dist/assets/v4/RequesterAssertionIntrospection--Z7u6PP9.js                                      0.60 kB │ gzip:     0.27 kB
dist/assets/v4/useSeedFollowStatuses-lA9i32Ai.js                                                0.60 kB │ gzip:     0.39 kB
dist/assets/v4/identityPinMatches-CsOiJZT-.js                                                   0.60 kB │ gzip:     0.38 kB
dist/assets/v4/useUpdateNotificationPreferences-Cwz3FuEV.js                                     0.60 kB │ gzip:     0.30 kB
dist/assets/v4/resolveFollowPrimaryAction-DKXClgEm.js                                           0.60 kB │ gzip:     0.35 kB
dist/assets/v4/deriveIdentityFromMnemonic-CTHEvj-M.js                                           0.60 kB │ gzip:     0.35 kB
dist/assets/v4/isHttpRequestError-qTz5hlx8.js                                                   0.60 kB │ gzip:     0.33 kB
dist/assets/v4/AccountKind-Ck2qd5GI.js                                                          0.60 kB │ gzip:     0.39 kB
dist/assets/v4/ButtonGroupProps-DdY1dVMs.js                                                     0.60 kB │ gzip:     0.34 kB
dist/assets/v4/RestrictedUser-Cg5dfSMM.js                                                       0.61 kB │ gzip:     0.23 kB
dist/assets/v4/pushTargetsFromDelivery-DSJRflXo.js                                              0.61 kB │ gzip:     0.39 kB
dist/assets/v4/ContextMenuProps-D-fLT1KJ.js                                                     0.61 kB │ gzip:     0.39 kB
dist/assets/v4/directoryHandle-Cha-KeKP.js                                                      0.61 kB │ gzip:     0.34 kB
dist/assets/v4/IconProps-CT-hRPfc.js                                                            0.61 kB │ gzip:     0.31 kB
dist/assets/v4/buildPaginationParams-RAXwICWU.js                                                0.61 kB │ gzip:     0.34 kB
dist/assets/v4/NotificationPreferences-mw3hWC10.js                                              0.61 kB │ gzip:     0.32 kB
dist/assets/v4/SettingsModalLabels-C2iQq8r0.js                                                  0.61 kB │ gzip:     0.29 kB
dist/assets/v4/RotateApplicationCredentialInput-Be5swhiK.js                                     0.61 kB │ gzip:     0.41 kB
dist/assets/v4/SiSubstack-J9b9eZs6.js                                                           0.61 kB │ gzip:     0.33 kB
dist/assets/v4/VirtualListHandle-BMvx0zoq.js                                                    0.61 kB │ gzip:     0.29 kB
dist/assets/v4/useAccountStorageUsage-DdLm_j0I.js                                               0.61 kB │ gzip:     0.35 kB
dist/assets/v4/AvatarShapePath-5wBTzQCR.js                                                      0.62 kB │ gzip:     0.41 kB
dist/assets/v4/TaskListTask-CXex64_W.js                                                         0.62 kB │ gzip:     0.37 kB
dist/assets/v4/ScreenTransition-BJ8Pq1Q7.js                                                     0.62 kB │ gzip:     0.37 kB
dist/assets/v4/WeekRangePill-CN7pRiZs.js                                                        0.62 kB │ gzip:     0.40 kB
dist/assets/v4/DisplayNameUserShape-BtaiAeNa.js                                                 0.62 kB │ gzip:     0.31 kB
dist/assets/v4/useHaptics-BBxXBq05.js                                                           0.62 kB │ gzip:     0.39 kB
dist/assets/v4/OxyRuntimeMissingError-AY0EJZ9Q.js                                               0.62 kB │ gzip:     0.29 kB
dist/assets/v4/ChartStatTilesProps-B_ILGgpm.js                                                  0.62 kB │ gzip:     0.35 kB
dist/assets/v4/LogContext-ClvtpFpW.js                                                           0.62 kB │ gzip:     0.32 kB
dist/assets/v4/createCircuitBreakerState-CbhkqhAb.js                                            0.62 kB │ gzip:     0.28 kB
dist/assets/v4/ambientTheme-BDKnN65V.js                                                         0.63 kB │ gzip:     0.31 kB
dist/assets/v4/getLanguageMetadata-B7TCu3M5.js                                                  0.63 kB │ gzip:     0.30 kB
dist/assets/v4/fonts-Cyv1DxI7.js                                                                0.63 kB │ gzip:     0.40 kB
dist/assets/v4/ChartRangeSelect-CWpnehPq.js                                                     0.63 kB │ gzip:     0.42 kB
dist/assets/v4/OxyProviderMissingError-x-yiNQvY.js                                              0.63 kB │ gzip:     0.29 kB
dist/assets/v4/createMemoryAuthStateStore-zrVsAbum.js                                           0.63 kB │ gzip:     0.34 kB
dist/assets/v4/progressive-blur-3Wzx_8c2.js                                                     0.63 kB │ gzip:     0.40 kB
dist/assets/v4/tokens.fontSize-Bsp8LcIx.js                                                      0.63 kB │ gzip:     0.26 kB
dist/assets/v4/ChartCardSurfaceProps-DD6M_p6C.js                                                0.63 kB │ gzip:     0.36 kB
dist/assets/v4/FOLLOW_ACTION_LEAVES_ACTIVE-ChfywpJh.js                                          0.63 kB │ gzip:     0.39 kB
dist/assets/v4/useClaimBottomEdge-BG6kEG6E.js                                                   0.63 kB │ gzip:     0.41 kB
dist/assets/v4/AgentChatActionsLabels-CWsy-yom.js                                               0.63 kB │ gzip:     0.25 kB
dist/assets/v4/SettingsStoredFile-BBxsTzwW.js                                                   0.63 kB │ gzip:     0.35 kB
dist/assets/v4/openOAuthPopup-B3mKe_nb.js                                                       0.63 kB │ gzip:     0.39 kB
dist/assets/v4/clearedFieldsFromAccountUpdate-zFp0Ew9K.js                                       0.63 kB │ gzip:     0.32 kB
dist/assets/v4/buildOAuthAuthorizeUrl-mZ-wWnjH.js                                               0.63 kB │ gzip:     0.41 kB
dist/assets/v4/normalizeOAuthRedirectUri-BJGW4zrX.js                                            0.63 kB │ gzip:     0.41 kB
dist/assets/v4/OxyConsentUser-CWCW6iot.js                                                       0.64 kB │ gzip:     0.36 kB
dist/assets/v4/StructuredData-CPqRikx0.js                                                       0.64 kB │ gzip:     0.41 kB
dist/assets/v4/media-inset-border-Cj9QMaXg.js                                                   0.64 kB │ gzip:     0.38 kB
dist/assets/v4/shouldAllowRequest-KGywfU1M.js                                                   0.64 kB │ gzip:     0.39 kB
dist/assets/v4/AiChatMobileHeader-BzteLLhB.js                                                   0.64 kB │ gzip:     0.40 kB
dist/assets/v4/DeviceBootSession-Bv9slBDd.js                                                    0.64 kB │ gzip:     0.33 kB
dist/assets/v4/CloseButtonProps-CiBSToc0.js                                                     0.64 kB │ gzip:     0.35 kB
dist/assets/v4/THEME_GRADIENTS-CNkmwmpY.js                                                      0.64 kB │ gzip:     0.45 kB
dist/assets/v4/AuthenticatedResponseRequest-CO2qGTDP.js                                         0.64 kB │ gzip:     0.37 kB
dist/assets/v4/SettingsNavItem-GgnCr1v2.js                                                      0.64 kB │ gzip:     0.37 kB
dist/assets/v4/tokens.borderRadius-1QW-Ffqe.js                                                  0.64 kB │ gzip:     0.32 kB
dist/assets/v4/useDeviceDirectory-8UtriQON.js                                                   0.64 kB │ gzip:     0.32 kB
dist/assets/v4/UpsertCachedUserOptions-DvUbg--0.js                                              0.64 kB │ gzip:     0.42 kB
dist/assets/v4/OxyRuntimeStatus-C-R4yJ4w.js                                                     0.65 kB │ gzip:     0.41 kB
dist/assets/v4/useInfiniteSecurityActivity-B0y4qz_h.js                                          0.65 kB │ gzip:     0.34 kB
dist/assets/v4/AvatarRingConfig-BlQ9f9Ci.js                                                     0.65 kB │ gzip:     0.36 kB
dist/assets/v4/AmbientThemeApi-BFXgmy9L.js                                                      0.65 kB │ gzip:     0.39 kB
dist/assets/v4/AgentLogRowProps-CsbjvLnU.js                                                     0.65 kB │ gzip:     0.37 kB
dist/assets/v4/AlertButton-spAgmCso.js                                                          0.65 kB │ gzip:     0.40 kB
dist/assets/v4/useUploadFile-MTxxb3J3.js                                                        0.65 kB │ gzip:     0.29 kB
dist/assets/v4/useUserSubscription-zpbcmkwZ.js                                                  0.65 kB │ gzip:     0.35 kB
dist/assets/v4/RegisterNodeInput-BJYZUMiE.js                                                    0.66 kB │ gzip:     0.43 kB
dist/assets/v4/openMovedIdentity-DB3coV0x.js                                                    0.66 kB │ gzip:     0.34 kB
dist/assets/v4/recordFailure-CQDwM5tr.js                                                        0.66 kB │ gzip:     0.30 kB
dist/assets/v4/useFileDownloadUrl-CcK8Dxp8.js                                                   0.66 kB │ gzip:     0.37 kB
dist/assets/v4/getNormalizedUserHandle-C_obFobX.js                                              0.66 kB │ gzip:     0.39 kB
dist/assets/v4/getUserLanguages-DCoAYn7N.js                                                     0.66 kB │ gzip:     0.43 kB
dist/assets/v4/createNativeIdentityPinStore-DiCySvSn.js                                         0.66 kB │ gzip:     0.31 kB
dist/assets/v4/OAuthConsentResult-IqEHyEGc.js                                                   0.66 kB │ gzip:     0.27 kB
dist/assets/v4/useUpdatePrivacySettings-CR8drLyj.js                                             0.66 kB │ gzip:     0.27 kB
dist/assets/v4/CircuitBreakerConfig-B7A_7J2O.js                                                 0.66 kB │ gzip:     0.32 kB
dist/assets/v4/AppShellHeaderProps-1hKqVILy.js                                                  0.66 kB │ gzip:     0.33 kB
dist/assets/v4/SettingsMcpServer-DlrX5KYy.js                                                    0.66 kB │ gzip:     0.36 kB
dist/assets/v4/clearedFieldsFromProfileUpdate-BnLR5icQ.js                                       0.66 kB │ gzip:     0.35 kB
dist/assets/v4/useAgentLogRevealTicker-BxcTnVw9.js                                              0.66 kB │ gzip:     0.42 kB
dist/assets/v4/pressable-scale-D5n7BIw5.js                                                      0.67 kB │ gzip:     0.37 kB
dist/assets/v4/MutationStatus-B6nygk_h.js                                                       0.67 kB │ gzip:     0.33 kB
dist/assets/v4/ActivityRing-DTaVDVXq.js                                                         0.67 kB │ gzip:     0.39 kB
dist/assets/v4/useNavigationTheme-BPKOxFvI.js                                                   0.67 kB │ gzip:     0.39 kB
dist/assets/v4/FileUploadFile-DFTfDR0U.js                                                       0.67 kB │ gzip:     0.40 kB
dist/assets/v4/isWebBrowser-BRGp4bus.js                                                         0.67 kB │ gzip:     0.44 kB
dist/assets/v4/AvatarShapeName-DVYhss1j.js                                                      0.67 kB │ gzip:     0.28 kB
dist/assets/v4/encryptAead-BysZks9v.js                                                          0.67 kB │ gzip:     0.39 kB
dist/assets/v4/ChartLegendProps-B4jI73Xr.js                                                     0.67 kB │ gzip:     0.38 kB
dist/assets/v4/deriveSharedSecret-th4SR1nj.js                                                   0.67 kB │ gzip:     0.40 kB
dist/assets/v4/NotificationStatusVisual-Fr2dyabi.js                                             0.68 kB │ gzip:     0.35 kB
dist/assets/v4/ContentPanelFramedBreakpoint-BMVNQftv.js                                         0.68 kB │ gzip:     0.45 kB
dist/assets/v4/SelectProps-5C7EVsCQ.js                                                          0.68 kB │ gzip:     0.38 kB
dist/assets/v4/normalizeLocale-BRhAVvLL.js                                                      0.68 kB │ gzip:     0.41 kB
dist/assets/v4/useDialogHeader-D68zznHw.js                                                      0.68 kB │ gzip:     0.45 kB
dist/assets/v4/teleport-CcKNB5NC.js                                                             0.68 kB │ gzip:     0.24 kB
dist/assets/v4/UserPreferences-CWgSDP8i.js                                                      0.68 kB │ gzip:     0.37 kB
dist/assets/v4/DataTableFilterProps-DXTY-EDL.js                                                 0.68 kB │ gzip:     0.34 kB
dist/assets/v4/LogoutResult-S5r2DZQH.js                                                         0.68 kB │ gzip:     0.42 kB
dist/assets/v4/ColorEngine.AccentSources-1jGLK2pj.js                                            0.69 kB │ gzip:     0.42 kB
dist/assets/v4/SettingsSectionProps-CqXZfm_T.js                                                 0.69 kB │ gzip:     0.34 kB
dist/assets/v4/ProfileLink-MKcBw6J9.js                                                          0.69 kB │ gzip:     0.37 kB
dist/assets/v4/SidebarTeam-beqtDTS_.js                                                          0.69 kB │ gzip:     0.33 kB
dist/assets/v4/bloomShadowStyle-CZzoLgc0.js                                                     0.69 kB │ gzip:     0.44 kB
dist/assets/v4/CartesianPlotRenderArgs-CA5oLZiU.js                                              0.69 kB │ gzip:     0.39 kB
dist/assets/v4/ParsedAttestPayload-Ct62ku-U.js                                                  0.69 kB │ gzip:     0.45 kB
dist/assets/v4/PendingIdentityResult-BzETZ87A.js                                                0.69 kB │ gzip:     0.41 kB
dist/assets/v4/normalizeTheme-BwHGDj0L.js                                                       0.69 kB │ gzip:     0.33 kB
dist/assets/v4/src-BfoKBAsV.js                                                                  0.69 kB │ gzip:     0.39 kB
dist/assets/v4/AcademyBreadcrumb-U_IguQmV.js                                                    0.70 kB │ gzip:     0.44 kB
dist/assets/v4/ChartHeadline-CBvjNjit.js                                                        0.70 kB │ gzip:     0.42 kB
dist/assets/v4/unwrapDataKey-BjNpEFRw.js                                                        0.70 kB │ gzip:     0.37 kB
dist/assets/v4/ChartRangeSelectProps-hT-SRcg2.js                                                0.70 kB │ gzip:     0.37 kB
dist/assets/v4/ComposerPanelAddMenuRow-DJZv4-5G.js                                              0.70 kB │ gzip:     0.39 kB
dist/assets/v4/Typography.TypeScaleStyle-COhO_XCQ.js                                            0.70 kB │ gzip:     0.30 kB
dist/assets/v4/createGenericMutation-DVbw54Jq.js                                                0.70 kB │ gzip:     0.32 kB
dist/assets/v4/CommonsOAuthFinalizeResult-B2lIAkKU.js                                           0.70 kB │ gzip:     0.43 kB
dist/assets/v4/HandleAuthErrorOptions-j14lpTOm.js                                               0.70 kB │ gzip:     0.28 kB
dist/assets/v4/ComposerPanelAttachment-Cd1-8zus.js                                              0.70 kB │ gzip:     0.42 kB
dist/assets/v4/DataTableRowActions-_pHNvGj6.js                                                  0.70 kB │ gzip:     0.46 kB
dist/assets/v4/PopoverTitleProps-vG0uAMw-.js                                                    0.70 kB │ gzip:     0.37 kB
dist/assets/v4/buildSwitcherRows-CzKEBVtc.js                                                    0.70 kB │ gzip:     0.33 kB
dist/assets/v4/theme-CGgUk_n8.js                                                                0.70 kB │ gzip:     0.40 kB
dist/assets/v4/AiChatFeedbackRowProps-CFA8EYbv.js                                               0.71 kB │ gzip:     0.34 kB
dist/assets/v4/AgentChatLabels-BlF7A8tY.js                                                      0.71 kB │ gzip:     0.35 kB
dist/assets/v4/useBottomEdgeInset-D39oQiYA.js                                                   0.71 kB │ gzip:     0.44 kB
dist/assets/v4/Fonts-BhhJJwE-.js                                                                0.71 kB │ gzip:     0.29 kB
dist/assets/v4/Typography.TypeScaleFamily-wKRfyaqY.js                                           0.71 kB │ gzip:     0.42 kB
dist/assets/v4/bucketByDay-gFGOUwmB.js                                                          0.71 kB │ gzip:     0.40 kB
dist/assets/v4/AiChatImageGenerationLabels-D9sIh27l.js                                          0.71 kB │ gzip:     0.32 kB
dist/assets/v4/SidebarItemProps-Cc1OATiJ.js                                                     0.71 kB │ gzip:     0.35 kB
dist/assets/v4/parseIdPayload-CeAiA_mK.js                                                       0.71 kB │ gzip:     0.44 kB
dist/assets/v4/ProvisionChannelInput-EvL0ZZD7.js                                                0.72 kB │ gzip:     0.31 kB
dist/assets/v4/BackupMaterial-X9WbkCMK.js                                                       0.72 kB │ gzip:     0.46 kB
dist/assets/v4/Code.tokenizeCode-BRx3ZLtS.js                                                    0.72 kB │ gzip:     0.39 kB
dist/assets/v4/CommonsAvailability-CwLrxYo-.js                                                  0.72 kB │ gzip:     0.41 kB
dist/assets/v4/SettingsDateFieldProps-Co0gU81d.js                                               0.72 kB │ gzip:     0.32 kB
dist/assets/v4/AiChatResizeHandle-HxU2QcTG.js                                                   0.72 kB │ gzip:     0.47 kB
dist/assets/v4/RadioGroup-DLvR_vaU.js                                                           0.72 kB │ gzip:     0.44 kB
dist/assets/v4/SidebarUserMenuProps-CQk02vjM.js                                                 0.72 kB │ gzip:     0.37 kB
dist/assets/v4/OxySignInButton-MJ35tcxm.js                                                      0.73 kB │ gzip:     0.43 kB
dist/assets/v4/useFollowerCounts-BH5Tr2BN.js                                                    0.73 kB │ gzip:     0.28 kB
dist/assets/v4/MenubarSubProps-DdRhzMCD.js                                                      0.73 kB │ gzip:     0.40 kB
dist/assets/v4/PulsingDot-BQGVRBpY.js                                                           0.73 kB │ gzip:     0.48 kB
dist/assets/v4/MenubarItemProps-Cvr1pilE.js                                                     0.73 kB │ gzip:     0.40 kB
dist/assets/v4/SelectItemProps-DdnmP3kh.js                                                      0.73 kB │ gzip:     0.35 kB
dist/assets/v4/useSurface-DeEpKVEH.js                                                           0.73 kB │ gzip:     0.40 kB
dist/assets/v4/SpinnerIcon-D86QnkDH.js                                                          0.73 kB │ gzip:     0.41 kB
dist/assets/v4/withRetry-D5_3-dod.js                                                            0.73 kB │ gzip:     0.39 kB
dist/assets/v4/MenubarGroupProps-Cxr7Kd1V.js                                                    0.74 kB │ gzip:     0.40 kB
dist/assets/v4/MenubarLabelProps-DS96DfKx.js                                                    0.74 kB │ gzip:     0.40 kB
dist/assets/v4/ScreenTransitionProps-BYT33MOd.js                                                0.74 kB │ gzip:     0.43 kB
dist/assets/v4/RNFileDescriptor-Ddiv5eXO.js                                                     0.74 kB │ gzip:     0.44 kB
dist/assets/v4/ContextMenuSubProps-Dswe9i5T.js                                                  0.74 kB │ gzip:     0.40 kB
dist/assets/v4/FONT_FAMILY_VARS-CjJ93iUa.js                                                     0.74 kB │ gzip:     0.40 kB
dist/assets/v4/ContextMenuItemProps--p733hr_.js                                                 0.74 kB │ gzip:     0.41 kB
dist/assets/v4/DelegationGrantView-CpqZ2pR0.js                                                  0.74 kB │ gzip:     0.40 kB
dist/assets/v4/DropdownMenuSubProps-CMwL5WAU.js                                                 0.74 kB │ gzip:     0.40 kB
dist/assets/v4/alert-XGGyvKhJ.js                                                                0.74 kB │ gzip:     0.47 kB
dist/assets/v4/NativeKeyValueStorage-sGBFa48N.js                                                0.74 kB │ gzip:     0.32 kB
dist/assets/v4/Direction-B6v4v7I2.js                                                            0.75 kB │ gzip:     0.39 kB
dist/assets/v4/DropdownMenuItemProps-C5wtD08m.js                                                0.75 kB │ gzip:     0.41 kB
dist/assets/v4/PressableScale-XiK4srXy.js                                                       0.75 kB │ gzip:     0.48 kB
dist/assets/v4/MenubarContentProps-fN9ZjHIr.js                                                  0.75 kB │ gzip:     0.41 kB
dist/assets/v4/MenubarTriggerProps-BuJEUlqh.js                                                  0.75 kB │ gzip:     0.40 kB
dist/assets/v4/PopoverContentProps-wHUQpTnw.js                                                  0.75 kB │ gzip:     0.41 kB
dist/assets/v4/PopoverTriggerProps-CARF0m_A.js                                                  0.75 kB │ gzip:     0.40 kB
dist/assets/v4/SortOrder-DFEFBZjV.js                                                            0.75 kB │ gzip:     0.40 kB
dist/assets/v4/ContextMenuGroupProps-B09795yQ.js                                                0.75 kB │ gzip:     0.40 kB
dist/assets/v4/ContextMenuLabelProps-DXeP7Q9N.js                                                0.75 kB │ gzip:     0.40 kB
dist/assets/v4/MenubarShortcutProps-Be7OVCmM.js                                                 0.75 kB │ gzip:     0.40 kB
dist/assets/v4/AiChatCodePanelLabels-B12UP4Vn.js                                                0.75 kB │ gzip:     0.32 kB
dist/assets/v4/motion-BmdXoDU0.js                                                               0.75 kB │ gzip:     0.42 kB
dist/assets/v4/DropdownMenuGroupProps-BknIlTEG.js                                               0.75 kB │ gzip:     0.40 kB
dist/assets/v4/DropdownMenuLabelProps-Ev98nRy6.js                                               0.75 kB │ gzip:     0.40 kB
dist/assets/v4/MenubarRadioItemProps-wFFiXDP0.js                                                0.75 kB │ gzip:     0.41 kB
dist/assets/v4/contributionCellsFromDays-Dhtq-I83.js                                            0.75 kB │ gzip:     0.42 kB
dist/assets/v4/SpinnerIcon.displayName-DbSdwomD.js                                              0.75 kB │ gzip:     0.40 kB
dist/assets/v4/ColorEngine.RoleName-1pcOnN9t.js                                                 0.75 kB │ gzip:     0.40 kB
dist/assets/v4/createAuthRefreshHandler-BZwHcJG1.js                                             0.75 kB │ gzip:     0.37 kB
dist/assets/v4/MenubarRadioGroupProps-Cs2TNevP.js                                               0.76 kB │ gzip:     0.40 kB
dist/assets/v4/MenubarSubContentProps-BytUlccV.js                                               0.76 kB │ gzip:     0.40 kB
dist/assets/v4/MenubarSubTriggerProps-CUXuBW7Y.js                                               0.76 kB │ gzip:     0.40 kB
dist/assets/v4/SurfaceProvider-PlENiQ_t.js                                                      0.76 kB │ gzip:     0.46 kB
dist/assets/v4/Typography.TypeScaleVariant-Bdb9CLMW.js                                          0.76 kB │ gzip:     0.41 kB
dist/assets/v4/ContextMenuContentProps-BA7q9l46.js                                              0.76 kB │ gzip:     0.41 kB
dist/assets/v4/ContextMenuShortcutProps-CisETmjQ.js                                             0.76 kB │ gzip:     0.40 kB
dist/assets/v4/isOxyRpOrigin-Q4yWvAr7.js                                                        0.76 kB │ gzip:     0.43 kB
dist/assets/v4/useAuthStore-DJAT7Qth.js                                                         0.76 kB │ gzip:     0.41 kB
dist/assets/v4/ConnectionStatusToastsProps-D-2YWy9G.js                                          0.76 kB │ gzip:     0.33 kB
dist/assets/v4/PeriodChartHeader-BtQBzjig.js                                                    0.76 kB │ gzip:     0.46 kB
dist/assets/v4/authenticatedApiCall-nbkBXsUK.js                                                 0.76 kB │ gzip:     0.39 kB
dist/assets/v4/DatePicker-BjfnMo1W.js                                                           0.76 kB │ gzip:     0.49 kB
dist/assets/v4/DropdownMenuContentProps-CUF6TZ22.js                                             0.76 kB │ gzip:     0.41 kB
dist/assets/v4/DropdownMenuTriggerProps-CNkVGqPC.js                                             0.76 kB │ gzip:     0.41 kB
dist/assets/v4/InputGroupAddonProps-BEgjeFZQ.js                                                 0.76 kB │ gzip:     0.42 kB
dist/assets/v4/ContextMenuRadioItemProps-D0YOOEZh.js                                            0.76 kB │ gzip:     0.41 kB
dist/assets/v4/DropdownMenuShortcutProps-DExiQ9Zd.js                                            0.76 kB │ gzip:     0.40 kB
dist/assets/v4/MenubarCheckboxItemProps-TiMLoJn_.js                                             0.76 kB │ gzip:     0.41 kB
dist/assets/v4/SwitcherPrincipalRow-DGpDlbrx.js                                                 0.76 kB │ gzip:     0.41 kB
dist/assets/v4/resolveNotificationPaint-AXuuIPZl.js                                             0.76 kB │ gzip:     0.42 kB
dist/assets/v4/useMediaQuery-CRJ1r026.js                                                        0.76 kB │ gzip:     0.46 kB
dist/assets/v4/AccordionType-BTemZj_4.js                                                        0.77 kB │ gzip:     0.40 kB
dist/assets/v4/DropdownMenuRadioItemProps-DOIZlTdm.js                                           0.77 kB │ gzip:     0.41 kB
dist/assets/v4/LineChartShape-CcJhtHGI.js                                                       0.77 kB │ gzip:     0.41 kB
dist/assets/v4/DelegationCatalogBinding-Dj68Th4A.js                                             0.77 kB │ gzip:     0.41 kB
dist/assets/v4/TextareaResize-Dl6J-N1P.js                                                       0.77 kB │ gzip:     0.40 kB
dist/assets/v4/ContextMenuRadioGroupProps-DfuNlHtX.js                                           0.77 kB │ gzip:     0.41 kB
dist/assets/v4/ContextMenuSubContentProps-OoGLKxlv.js                                           0.77 kB │ gzip:     0.41 kB
dist/assets/v4/ContextMenuSubTriggerProps-CcWA7Ipd.js                                           0.77 kB │ gzip:     0.41 kB
dist/assets/v4/StatBarVariant-D8cAgEgs.js                                                       0.77 kB │ gzip:     0.41 kB
dist/assets/v4/ActiveAccount-WaRn6SYq.js                                                        0.77 kB │ gzip:     0.43 kB
dist/assets/v4/CommonsDeliveryResult-j42vpWIY.js                                                0.77 kB │ gzip:     0.45 kB
dist/assets/v4/decryptAead-C13-ZWvg.js                                                          0.77 kB │ gzip:     0.43 kB
dist/assets/v4/portal-ZPHQVmVB.js                                                               0.77 kB │ gzip:     0.41 kB
dist/assets/v4/resolveAccentColors-DUJxR_0X.js                                                  0.77 kB │ gzip:     0.37 kB
dist/assets/v4/AgentProgressLabels-BxQlTIPw.js                                                  0.77 kB │ gzip:     0.39 kB
dist/assets/v4/DropdownMenuRadioGroupProps-DOx574-w.js                                          0.77 kB │ gzip:     0.41 kB
dist/assets/v4/DropdownMenuSubContentProps-h-pzHuq-.js                                          0.77 kB │ gzip:     0.41 kB
dist/assets/v4/DropdownMenuSubTriggerProps-sSX1THsE.js                                          0.77 kB │ gzip:     0.41 kB
dist/assets/v4/NotificationPaint-CqFQPn6F.js                                                    0.77 kB │ gzip:     0.29 kB
dist/assets/v4/ContextMenuCheckboxItemProps-C6Qbn2yt.js                                         0.77 kB │ gzip:     0.42 kB
dist/assets/v4/Icons.IconStyle-GJTEvR0K.js                                                      0.78 kB │ gzip:     0.49 kB
dist/assets/v4/DropdownMenuCheckboxItemProps-CYv3QfGj.js                                        0.78 kB │ gzip:     0.42 kB
dist/assets/v4/ImageAspectRatio-y0wuIXdt.js                                                     0.78 kB │ gzip:     0.25 kB
dist/assets/v4/ModelPickerProvider-DcLgQH9H.js                                                  0.78 kB │ gzip:     0.45 kB
dist/assets/v4/ColorPresetPairing-Cb6mbloP.js                                                   0.78 kB │ gzip:     0.41 kB
dist/assets/v4/CircuitBreakerState-BbOHkwCz.js                                                  0.78 kB │ gzip:     0.35 kB
dist/assets/v4/VouchForPersonInput-CdJ97c6y.js                                                  0.78 kB │ gzip:     0.48 kB
dist/assets/v4/SessionLoginResponse-CLI2Uc1t.js                                                 0.78 kB │ gzip:     0.41 kB
dist/assets/v4/AuthRefreshReason-Df-Ugx05.js                                                    0.78 kB │ gzip:     0.42 kB
dist/assets/v4/SecurityActivity-CskXxnVK.js                                                     0.78 kB │ gzip:     0.31 kB
dist/assets/v4/PopoverProps-D1WgEC2V.js                                                         0.79 kB │ gzip:     0.42 kB
dist/assets/v4/SubtleHoverProps-BsCjgFCd.js                                                     0.79 kB │ gzip:     0.47 kB
dist/assets/v4/ensureValidToken-Cuhf7MZy.js                                                     0.79 kB │ gzip:     0.46 kB
dist/assets/v4/OxyConsentResource-DK4fxYIK.js                                                   0.79 kB │ gzip:     0.38 kB
dist/assets/v4/AVATAR_SIZES-BOtVwlbb.js                                                         0.79 kB │ gzip:     0.45 kB
dist/assets/v4/normalizeAndSortSessions-BHRDQg8b.js                                             0.79 kB │ gzip:     0.37 kB
dist/assets/v4/runSessionColdBoot-DRHbJa4p.js                                                   0.79 kB │ gzip:     0.33 kB
dist/assets/v4/ColorEngine.generateRoleColors-dzRCpozd.js                                       0.79 kB │ gzip:     0.44 kB
dist/assets/v4/ImageResolver-CHG9L6cM.js                                                        0.79 kB │ gzip:     0.49 kB
dist/assets/v4/AiChatShellLabels-BG3qqCEw.js                                                    0.79 kB │ gzip:     0.29 kB
dist/assets/v4/Fonts.FONT_ASSETS-BL1Tl1wG.js                                                    0.79 kB │ gzip:     0.41 kB
dist/assets/v4/Fonts.FontLoader-CFoRvIEu.js                                                     0.79 kB │ gzip:     0.51 kB
dist/assets/v4/LogoIcon-DNS8enyo.js                                                             0.79 kB │ gzip:     0.41 kB
dist/assets/v4/LogoText-BSpvXCKY.js                                                             0.79 kB │ gzip:     0.41 kB
dist/assets/v4/ChipSize-Brcwu3FV.js                                                             0.79 kB │ gzip:     0.41 kB
dist/assets/v4/CommonsApprovalSubjectAccount-BpCSt_u2.js                                        0.79 kB │ gzip:     0.44 kB
dist/assets/v4/FabSize-DuENKsTX.js                                                              0.79 kB │ gzip:     0.50 kB
dist/assets/v4/SignInFlowPhase-DVW7TDxA.js                                                      0.79 kB │ gzip:     0.50 kB
dist/assets/v4/badges-DlZCg7hk.js                                                               0.79 kB │ gzip:     0.41 kB
dist/assets/v4/buildThemeFromSeed-D_GFtiUy.js                                                   0.79 kB │ gzip:     0.42 kB
dist/assets/v4/BadgeSize-Dz_XsJCw.js                                                            0.80 kB │ gzip:     0.41 kB
dist/assets/v4/RadioSize-BBBjR2IO.js                                                            0.80 kB │ gzip:     0.41 kB
dist/assets/v4/BatchFileAccessEntry-CuY2xO3g.js                                                 0.80 kB │ gzip:     0.45 kB
dist/assets/v4/BoardSort-AIsaKO0s.js                                                            0.80 kB │ gzip:     0.41 kB
dist/assets/v4/useOxy-CyHFoOJ2.js                                                               0.80 kB │ gzip:     0.46 kB
dist/assets/v4/DropdownMenuProps-BJberZ13.js                                                    0.80 kB │ gzip:     0.42 kB
dist/assets/v4/EMAIL_REGEX-uiOWb0AH.js                                                          0.80 kB │ gzip:     0.42 kB
dist/assets/v4/LoadingSize-De75BO02.js                                                          0.80 kB │ gzip:     0.41 kB
dist/assets/v4/OAuthPopupHandle-D4mOCxqs.js                                                     0.80 kB │ gzip:     0.49 kB
dist/assets/v4/SpinnerIcon-B-orFXbT.js                                                          0.80 kB │ gzip:     0.41 kB
dist/assets/v4/CheckboxSize-C1WXgDbQ.js                                                         0.80 kB │ gzip:     0.41 kB
dist/assets/v4/upsertCachedUsers-CVZTmGAL.js                                                    0.81 kB │ gzip:     0.50 kB
dist/assets/v4/ChartCenterReadoutProps-Ci8T7Wdl.js                                              0.81 kB │ gzip:     0.41 kB
dist/assets/v4/ImportantAlertsCardAlert-BiVRm4ww.js                                             0.81 kB │ gzip:     0.39 kB
dist/assets/v4/StoreListingSummary-sCYGslnN.js                                                  0.81 kB │ gzip:     0.40 kB
dist/assets/v4/unlockWebIdentity-Cn4paYwV.js                                                    0.81 kB │ gzip:     0.39 kB
dist/assets/v4/LoadingVariant-2DKc9msc.js                                                       0.81 kB │ gzip:     0.41 kB
dist/assets/v4/NOTIFICATION_STATUS_ICON-_-GYWRk3.js                                             0.81 kB │ gzip:     0.48 kB
dist/assets/v4/resolveDeviceContext-BBZvcUC3.js                                                 0.81 kB │ gzip:     0.43 kB
dist/assets/v4/InputGroupProps-CpXZspER.js                                                      0.81 kB │ gzip:     0.45 kB
dist/assets/v4/PopupWindowHandle-DXg1YMBL.js                                                    0.81 kB │ gzip:     0.52 kB
dist/assets/v4/updateIdentityMarker-a3JntsD6.js                                                 0.81 kB │ gzip:     0.47 kB
dist/assets/v4/useAdminAccess-DQj7Bxj8.js                                                       0.81 kB │ gzip:     0.47 kB
dist/assets/v4/DeviceLinkedSession-CGdwRipM.js                                                  0.81 kB │ gzip:     0.40 kB
dist/assets/v4/AiChatContainer-rZ221kFM.js                                                      0.81 kB │ gzip:     0.51 kB
dist/assets/v4/FOLD_DIRECTIONS-BJKNMEx_.js                                                      0.82 kB │ gzip:     0.43 kB
dist/assets/v4/FOLD_MATERIALS-B53abl4E.js                                                       0.82 kB │ gzip:     0.44 kB
dist/assets/v4/CalendarViewMonthSwitcherProps-D6RpuMnh.js                                       0.82 kB │ gzip:     0.38 kB
dist/assets/v4/Grid-wy9eBxD9.js                                                                 0.82 kB │ gzip:     0.41 kB
dist/assets/v4/MASCOT_FINISHES-_0NbPHqp.js                                                      0.82 kB │ gzip:     0.44 kB
dist/assets/v4/activeSessionIdOf-D9P48qZS.js                                                    0.82 kB │ gzip:     0.43 kB
dist/assets/v4/ColorEngine.seedsFromImagePixels-BJnWvv1V.js                                     0.82 kB │ gzip:     0.47 kB
dist/assets/v4/toast-Dx-Srfkr.js                                                                0.82 kB │ gzip:     0.43 kB
dist/assets/v4/SupportedLanguage-Dk7_4Z4B.js                                                    0.82 kB │ gzip:     0.44 kB
dist/assets/v4/ThemeToggleProps-CZBRvdCT.js                                                     0.82 kB │ gzip:     0.44 kB
dist/assets/v4/AvailableCapabilityCatalog-CPk0zyiN.js                                           0.82 kB │ gzip:     0.31 kB
dist/assets/v4/ThemeValue-BeW9UNMW.js                                                           0.82 kB │ gzip:     0.43 kB
dist/assets/v4/styles-Dn7rc01O.js                                                               0.83 kB │ gzip:     0.48 kB
dist/assets/v4/SortBy-qbcCIhxJ.js                                                               0.83 kB │ gzip:     0.41 kB
dist/assets/v4/ContextMenuTriggerProps-cv-RYJqd.js                                              0.83 kB │ gzip:     0.42 kB
dist/assets/v4/NotificationPresence-8tRD9j3t.js                                                 0.83 kB │ gzip:     0.41 kB
dist/assets/v4/AspectRatioProps-BV3IAK_u.js                                                     0.83 kB │ gzip:     0.48 kB
dist/assets/v4/RecentHire-Y5TnoN_h.js                                                           0.83 kB │ gzip:     0.44 kB
dist/assets/v4/NotificationCenterTab-BXpM_rJl.js                                                0.83 kB │ gzip:     0.42 kB
dist/assets/v4/AnalyticsData-BnFEzR82.js                                                        0.83 kB │ gzip:     0.43 kB
dist/assets/v4/SurfaceStatus-BkLrJDNM.js                                                        0.83 kB │ gzip:     0.43 kB
dist/assets/v4/RgbaChannels-jdukhchc.js                                                         0.83 kB │ gzip:     0.27 kB
dist/assets/v4/AreaShape-B4s2t46_.js                                                            0.84 kB │ gzip:     0.44 kB
dist/assets/v4/PRESETS-C-3IY8_K.js                                                              0.84 kB │ gzip:     0.45 kB
dist/assets/v4/CalendarView-CQ8PWirW.js                                                         0.84 kB │ gzip:     0.50 kB
dist/assets/v4/OxySignInSurfaceAction-bqrcpUCs.js                                               0.84 kB │ gzip:     0.52 kB
dist/assets/v4/Code.Pre-Cgco879t.js                                                             0.84 kB │ gzip:     0.43 kB
dist/assets/v4/Grid.Col-BAblCX8J.js                                                             0.84 kB │ gzip:     0.43 kB
dist/assets/v4/Grid.Row-Dj_FB-PY.js                                                             0.84 kB │ gzip:     0.43 kB
dist/assets/v4/Kbd-Fahs8bxb.js                                                                  0.84 kB │ gzip:     0.43 kB
dist/assets/v4/Payment-CcFx90Xf.js                                                              0.84 kB │ gzip:     0.37 kB
dist/assets/v4/WeekRangePillProps-1YcY2pqa.js                                                   0.84 kB │ gzip:     0.39 kB
dist/assets/v4/subtle-hover-B7mAtf5c.js                                                         0.84 kB │ gzip:     0.48 kB
dist/assets/v4/MultiAgentChatAgent-zaaHf9xu.js                                                  0.84 kB │ gzip:     0.45 kB
dist/assets/v4/SidebarAccount-DNQ4WGHj.js                                                       0.84 kB │ gzip:     0.34 kB
dist/assets/v4/AlertDialogActionStyle-O52gVNgI.js                                               0.84 kB │ gzip:     0.42 kB
dist/assets/v4/Code.Code-fpKisKJz.js                                                            0.84 kB │ gzip:     0.43 kB
dist/assets/v4/FOLD_CONFIG-Djr8cFwB.js                                                          0.84 kB │ gzip:     0.45 kB
dist/assets/v4/Fill-mFcwToOe.js                                                                 0.84 kB │ gzip:     0.43 kB
dist/assets/v4/Item-Ds07zthL.js                                                                 0.84 kB │ gzip:     0.43 kB
dist/assets/v4/ThemeMode-lj70QsQC.js                                                            0.84 kB │ gzip:     0.41 kB
dist/assets/v4/Typography.Text-CkmWk3AL.js                                                      0.84 kB │ gzip:     0.43 kB
dist/assets/v4/Fonts.applyFontFaces-C22A5COJ.js                                                 0.84 kB │ gzip:     0.42 kB
dist/assets/v4/MinimalSocket-orsShW1L.js                                                        0.84 kB │ gzip:     0.33 kB
dist/assets/v4/OxyOAuthResult-bcjj-1L4.js                                                       0.84 kB │ gzip:     0.52 kB
dist/assets/v4/MenubarSub-YkuBQGlC.js                                                           0.84 kB │ gzip:     0.43 kB
dist/assets/v4/normalizeSharedDeviceSessionRead-DmXkd_YM.js                                     0.84 kB │ gzip:     0.44 kB
dist/assets/v4/theme-toggle-CclvYxku.js                                                         0.84 kB │ gzip:     0.44 kB
dist/assets/v4/ALIEN_CONFIG-CKXSpJra.js                                                         0.85 kB │ gzip:     0.45 kB
dist/assets/v4/Field-ztmmy8gG.js                                                                0.85 kB │ gzip:     0.43 kB
dist/assets/v4/FollowMutationResult-CTArXtpA.js                                                 0.85 kB │ gzip:     0.42 kB
dist/assets/v4/Label-CfFrHZ66.js                                                                0.85 kB │ gzip:     0.43 kB
dist/assets/v4/SignedOutReason-CQVG5j8k.js                                                      0.85 kB │ gzip:     0.44 kB
dist/assets/v4/resolveActiveContext-DxlStTx0.js                                                 0.85 kB │ gzip:     0.44 kB
dist/assets/v4/AccordionProps-BsRieGQ_.js                                                       0.85 kB │ gzip:     0.44 kB
dist/assets/v4/IconButton-NR_T4-L4.js                                                           0.85 kB │ gzip:     0.43 kB
dist/assets/v4/MASCOT_CONFIG-otHTI9RL.js                                                        0.85 kB │ gzip:     0.45 kB
dist/assets/v4/MenubarItem-2NgC75Am.js                                                          0.85 kB │ gzip:     0.43 kB
dist/assets/v4/TextButton-wPt3bAoF.js                                                           0.85 kB │ gzip:     0.43 kB
dist/assets/v4/persistOAuthReturnPath-CioOMkWt.js                                               0.85 kB │ gzip:     0.52 kB
dist/assets/v4/AdmonitionIcon-CkSNGVZ8.js                                                       0.85 kB │ gzip:     0.42 kB
dist/assets/v4/AiChatBulletProps-Cd3lkQjQ.js                                                    0.85 kB │ gzip:     0.44 kB
dist/assets/v4/AiChatStrongProps-Ry0pZ3_Y.js                                                    0.85 kB │ gzip:     0.43 kB
dist/assets/v4/FOLD_PRESETS-Dh7pj7dV.js                                                         0.85 kB │ gzip:     0.46 kB
dist/assets/v4/SidebarRailItemProps-C2zSUEw7.js                                                 0.85 kB │ gzip:     0.39 kB
dist/assets/v4/AGENT_LOG_UNIT_MOTION-C5zFkGKh.js                                                0.85 kB │ gzip:     0.46 kB
dist/assets/v4/DEFAULT_CONFIG-hJpOmgsX.js                                                       0.85 kB │ gzip:     0.45 kB
dist/assets/v4/FillRole-C_NnUIvL.js                                                             0.85 kB │ gzip:     0.46 kB
dist/assets/v4/GhostButton-fKg6UCaU.js                                                          0.85 kB │ gzip:     0.43 kB
dist/assets/v4/MASCOT_BUILDS-CDfowDUA.js                                                        0.85 kB │ gzip:     0.44 kB
dist/assets/v4/TextRole-67rUrKs-.js                                                             0.85 kB │ gzip:     0.46 kB
dist/assets/v4/ALIEN_SHAPES-Cwsu3ulk.js                                                         0.85 kB │ gzip:     0.44 kB
dist/assets/v4/MeetingSchedulerHourFormat-DIN92xY0.js                                           0.85 kB │ gzip:     0.44 kB
dist/assets/v4/SelectSeparator-DElW77CH.js                                                      0.85 kB │ gzip:     0.42 kB
dist/assets/v4/useOnlineStatus-BCGOwr7Y.js                                                      0.85 kB │ gzip:     0.42 kB
dist/assets/v4/ALIEN_PRESETS-BMnK_BGW.js                                                        0.85 kB │ gzip:     0.46 kB
dist/assets/v4/OxyAuthTerms-GmRwrGjO.js                                                         0.85 kB │ gzip:     0.46 kB
dist/assets/v4/PopoverHeaderProps-DCbKAlwz.js                                                   0.85 kB │ gzip:     0.40 kB
dist/assets/v4/TicketPriority-B_16Ms2s.js                                                       0.85 kB │ gzip:     0.42 kB
dist/assets/v4/useAssetStore-DEXNvzWR.js                                                        0.85 kB │ gzip:     0.42 kB
dist/assets/v4/AuthCard-n-YsgtGA.js                                                             0.85 kB │ gzip:     0.44 kB
dist/assets/v4/CanonicalUserHandleInput-c8hwUfJG.js                                             0.85 kB │ gzip:     0.45 kB
dist/assets/v4/Carousel-Dm_m-Wwz.js                                                             0.85 kB │ gzip:     0.43 kB
dist/assets/v4/MenubarGroup-HqZIBTDA.js                                                         0.85 kB │ gzip:     0.43 kB
dist/assets/v4/MenubarLabel-DP_-BzJA.js                                                         0.85 kB │ gzip:     0.43 kB
dist/assets/v4/StatCard-BLcHlY55.js                                                             0.85 kB │ gzip:     0.44 kB
dist/assets/v4/TaskList-_4q-McNX.js                                                             0.85 kB │ gzip:     0.44 kB
dist/assets/v4/ContextMenuSub-5iEWqQYE.js                                                       0.86 kB │ gzip:     0.43 kB
dist/assets/v4/MASCOT_PRESETS-2k9J21fy.js                                                       0.86 kB │ gzip:     0.46 kB
dist/assets/v4/PortalOutlet-DC2lYbf9.js                                                         0.86 kB │ gzip:     0.43 kB
dist/assets/v4/ScaleAndFadeIn-Buf7yi8i.js                                                       0.86 kB │ gzip:     0.46 kB
dist/assets/v4/StoreReviewsOptions-Bw2X0NbU.js                                                  0.86 kB │ gzip:     0.33 kB
dist/assets/v4/Code.CodeBlock-BAbDHC22.js                                                       0.86 kB │ gzip:     0.44 kB
dist/assets/v4/Code.CodeLines-BzdUztPb.js                                                       0.86 kB │ gzip:     0.44 kB
dist/assets/v4/InverseButton-HbgrqkZP.js                                                        0.86 kB │ gzip:     0.43 kB
dist/assets/v4/OutlineButton-DZOd6vok.js                                                        0.86 kB │ gzip:     0.43 kB
dist/assets/v4/PrimaryButton-DnLaeic5.js                                                        0.86 kB │ gzip:     0.43 kB
dist/assets/v4/QuestionnaireLabels-CTp-teEX.js                                                  0.86 kB │ gzip:     0.36 kB
dist/assets/v4/QuestionnaireQuestion-BgAhPomS.js                                                0.86 kB │ gzip:     0.42 kB
dist/assets/v4/RotateKeyResult-D3WDGp0h.js                                                      0.86 kB │ gzip:     0.47 kB
dist/assets/v4/StatCards-CP7QOff-.js                                                            0.86 kB │ gzip:     0.44 kB
dist/assets/v4/WebSearch-B-dJeStc.js                                                            0.86 kB │ gzip:     0.44 kB
dist/assets/v4/SIDEBAR_RAIL_WIDTH-bNV3YvCA.js                                                   0.86 kB │ gzip:     0.44 kB
dist/assets/v4/useAssetsStore-CS8ipjHf.js                                                       0.86 kB │ gzip:     0.42 kB
dist/assets/v4/DropdownMenuSub-D09N5N6x.js                                                      0.86 kB │ gzip:     0.43 kB
dist/assets/v4/ContextMenuItem-SD74pPip.js                                                      0.86 kB │ gzip:     0.43 kB
dist/assets/v4/FileUpload-BbW81aA5.js                                                           0.86 kB │ gzip:     0.44 kB
dist/assets/v4/IconCircle-CVu-lWfY.js                                                           0.86 kB │ gzip:     0.44 kB
dist/assets/v4/InputGroup-2fPbasfW.js                                                           0.86 kB │ gzip:     0.44 kB
dist/assets/v4/PageHeader-l3sdsok9.js                                                           0.86 kB │ gzip:     0.44 kB
dist/assets/v4/BorderRole-CaNlk7ZZ.js                                                           0.86 kB │ gzip:     0.47 kB
dist/assets/v4/Typography.H1-Ca1vdh_v.js                                                        0.86 kB │ gzip:     0.45 kB
dist/assets/v4/Typography.H2-ClCCFLI9.js                                                        0.86 kB │ gzip:     0.46 kB
dist/assets/v4/Typography.H3-Lq3aWEfa.js                                                        0.86 kB │ gzip:     0.46 kB
dist/assets/v4/Typography.H4-CzoV37QS.js                                                        0.86 kB │ gzip:     0.46 kB
dist/assets/v4/Typography.H5-B2m1nYfA.js                                                        0.86 kB │ gzip:     0.46 kB
dist/assets/v4/Typography.H6-BXSfAUvT.js                                                        0.86 kB │ gzip:     0.46 kB
dist/assets/v4/Typography.TypeScaleWeight-CHiDzhI5.js                                           0.86 kB │ gzip:     0.42 kB
dist/assets/v4/AgentLogRow-3eF-uEOk.js                                                          0.86 kB │ gzip:     0.44 kB
dist/assets/v4/ButtonLinkTone-DpPmjvzo.js                                                       0.86 kB │ gzip:     0.44 kB
dist/assets/v4/CloseButton-RNLWFKHu.js                                                          0.86 kB │ gzip:     0.44 kB
dist/assets/v4/DropdownMenuItem-vKPmMco7.js                                                     0.86 kB │ gzip:     0.43 kB
dist/assets/v4/RangeSlider-C526PT0q.js                                                          0.86 kB │ gzip:     0.44 kB
dist/assets/v4/SecondaryButton-DeXXTJY8.js                                                      0.86 kB │ gzip:     0.43 kB
dist/assets/v4/TypeRoleName-Dl8UpwIl.js                                                         0.86 kB │ gzip:     0.47 kB
dist/assets/v4/UserNodeMode-UF37Nh79.js                                                         0.86 kB │ gzip:     0.45 kB
dist/assets/v4/isValidUUID-1aZfFbaj.js                                                          0.86 kB │ gzip:     0.57 kB
dist/assets/v4/rail-6S_7xsai.js                                                                 0.86 kB │ gzip:     0.48 kB
dist/assets/v4/WebAuthMode-pz92RnKA.js                                                          0.87 kB │ gzip:     0.46 kB
dist/assets/v4/CarouselItem-Ct8C3iRM.js                                                         0.87 kB │ gzip:     0.44 kB
dist/assets/v4/ContextMenuGroup-DDPcazB7.js                                                     0.87 kB │ gzip:     0.43 kB
dist/assets/v4/ContextMenuLabel-DzP9J0c_.js                                                     0.87 kB │ gzip:     0.43 kB
dist/assets/v4/MASCOT_OUTFITS-Cw5QEQ1s.js                                                       0.87 kB │ gzip:     0.44 kB
dist/assets/v4/OrdersChartCardProps-51VIaClQ.js                                                 0.87 kB │ gzip:     0.46 kB
dist/assets/v4/PASSWORD_REGEX-CRu_01hc.js                                                       0.87 kB │ gzip:     0.46 kB
dist/assets/v4/showBottomSheet-B7VgZGmK.js                                                      0.87 kB │ gzip:     0.51 kB
dist/assets/v4/APP_COLOR_NAMES-Dg2e3_An.js                                                      0.87 kB │ gzip:     0.47 kB
dist/assets/v4/AgentProgress-CzhCOJ-G.js                                                        0.87 kB │ gzip:     0.44 kB
dist/assets/v4/AgentThinking-C9vsViPK.js                                                        0.87 kB │ gzip:     0.44 kB
dist/assets/v4/AiProfileCard-DFFvHzTt.js                                                        0.87 kB │ gzip:     0.44 kB
dist/assets/v4/DestructiveButton-BdBfv5S-.js                                                    0.87 kB │ gzip:     0.43 kB
dist/assets/v4/DropdownMenuGroup-aiKSrwxV.js                                                    0.87 kB │ gzip:     0.43 kB
dist/assets/v4/DropdownMenuLabel-BCqu_r20.js                                                    0.87 kB │ gzip:     0.43 kB
dist/assets/v4/MenubarShortcut-DOAzv4d3.js                                                      0.87 kB │ gzip:     0.43 kB
dist/assets/v4/RevenueChartCardProps-Cub54Ndo.js                                                0.87 kB │ gzip:     0.46 kB
dist/assets/v4/SidebarFolder-B_J74-ED.js                                                        0.87 kB │ gzip:     0.44 kB
dist/assets/v4/ColorPresetGate-iPGmr4Md.js                                                      0.87 kB │ gzip:     0.45 kB
dist/assets/v4/RotateKeyProof-Kig-J7Oo.js                                                       0.87 kB │ gzip:     0.46 kB
dist/assets/v4/TableAlign-DdmeQqOf.js                                                           0.87 kB │ gzip:     0.44 kB
dist/assets/v4/ToastOutlet-GMlvOWW_.js                                                          0.87 kB │ gzip:     0.52 kB
dist/assets/v4/CommonsSignInPurpose-DePsGS6h.js                                                 0.87 kB │ gzip:     0.53 kB
dist/assets/v4/AgentLogReveal-DteAN_It.js                                                       0.87 kB │ gzip:     0.44 kB
dist/assets/v4/ComposerLoader-BJ2wamA-.js                                                       0.87 kB │ gzip:     0.44 kB
dist/assets/v4/MenubarRadioItem-BFKaAF6P.js                                                     0.87 kB │ gzip:     0.43 kB
dist/assets/v4/PANEL_TOP_INSET-aY9nl4HB.js                                                      0.87 kB │ gzip:     0.45 kB
dist/assets/v4/ScreenTransitionDirection-DRET9UJ7.js                                            0.87 kB │ gzip:     0.44 kB
dist/assets/v4/BadgePlacement-C1lPhHRb.js                                                       0.87 kB │ gzip:     0.42 kB
dist/assets/v4/WriteListingInput-D8PvD9Th.js                                                    0.87 kB │ gzip:     0.43 kB
dist/assets/v4/agent-creator-CjIhdXrn.js                                                        0.87 kB │ gzip:     0.41 kB
dist/assets/v4/AuthCardValues-3LW9x59u.js                                                       0.88 kB │ gzip:     0.41 kB
dist/assets/v4/Fab-BcSFZz-e.js                                                                  0.88 kB │ gzip:     0.46 kB
dist/assets/v4/InputGroupAddon-BcQ_UADd.js                                                      0.88 kB │ gzip:     0.44 kB
dist/assets/v4/PatientInfoCard-WeaYk0C6.js                                                      0.88 kB │ gzip:     0.44 kB
dist/assets/v4/SidebarPlanCard-DvuQH8R9.js                                                      0.88 kB │ gzip:     0.44 kB
dist/assets/v4/TailwindPresetThemeExtend-LUwt47TM.js                                            0.88 kB │ gzip:     0.26 kB
dist/assets/v4/AiChatAssistantMessageProps-rj1CcWS8.js                                          0.88 kB │ gzip:     0.47 kB
dist/assets/v4/ImageAspectRatio.DEFAULT_ASPECT_RATIO-CYTyYd-0.js                                0.88 kB │ gzip:     0.47 kB
dist/assets/v4/isIOS-g4vSPayn.js                                                                0.88 kB │ gzip:     0.43 kB
dist/assets/v4/MenubarRadioGroup-C02TYF7K.js                                                    0.88 kB │ gzip:     0.43 kB
dist/assets/v4/MenubarSubContent-CHK5NWCr.js                                                    0.88 kB │ gzip:     0.43 kB
dist/assets/v4/MenubarSubTrigger-BEEccrY_.js                                                    0.88 kB │ gzip:     0.43 kB
dist/assets/v4/AEAD_KEY_LENGTH-GMAxMJKq.js                                                      0.88 kB │ gzip:     0.46 kB
dist/assets/v4/OXY_AUTHORIZE_URL-DqkJ2ywu.js                                                    0.88 kB │ gzip:     0.47 kB
dist/assets/v4/Rail-BAG01NSx.js                                                                 0.88 kB │ gzip:     0.46 kB
dist/assets/v4/AuthMediaCarousel-OBz-laao.js                                                    0.88 kB │ gzip:     0.45 kB
dist/assets/v4/ContextMenuShortcut-j69Y3__h.js                                                  0.88 kB │ gzip:     0.43 kB
dist/assets/v4/HapticStrength-UWcqqgPM.js                                                       0.88 kB │ gzip:     0.44 kB
dist/assets/v4/PopoverFooterProps-Cc4O5yHh.js                                                   0.88 kB │ gzip:     0.47 kB
dist/assets/v4/useFollowTargetStore-DyzTFQjk.js                                                 0.88 kB │ gzip:     0.43 kB
dist/assets/v4/FAMILIES-zqTNS7rO.js                                                             0.88 kB │ gzip:     0.43 kB
dist/assets/v4/AccentTextRole-i5UbBqkm.js                                                       0.88 kB │ gzip:     0.48 kB
dist/assets/v4/PageHeaderTitleAlign-C1kaAzjG.js                                                 0.88 kB │ gzip:     0.46 kB
dist/assets/v4/AgentLogWorkingRow-BUshb4tm.js                                                   0.88 kB │ gzip:     0.45 kB
dist/assets/v4/DropdownMenuShortcut-DY52amBl.js                                                 0.88 kB │ gzip:     0.43 kB
dist/assets/v4/FollowTargetButton-nuBXztkq.js                                                   0.88 kB │ gzip:     0.45 kB
dist/assets/v4/Fonts.FontFamilyName-2-jG_Nf9.js                                                 0.88 kB │ gzip:     0.47 kB
dist/assets/v4/ColorPresetFamily-fg82JddC.js                                                    0.89 kB │ gzip:     0.46 kB
dist/assets/v4/ContextMenuRadioItem-Ddk1iTzR.js                                                 0.89 kB │ gzip:     0.44 kB
dist/assets/v4/PANEL_BOTTOM_INSET-DLOyfATL.js                                                   0.89 kB │ gzip:     0.46 kB
dist/assets/v4/RouteName-C7DUSONr.js                                                            0.89 kB │ gzip:     0.41 kB
dist/assets/v4/ViewMode-3JWB1pZm.js                                                             0.89 kB │ gzip:     0.42 kB
dist/assets/v4/AgentLogGuideBridge-CEfbbJnJ.js                                                  0.89 kB │ gzip:     0.45 kB
dist/assets/v4/AgentLogShimmerText-CXhxMACV.js                                                  0.89 kB │ gzip:     0.45 kB
dist/assets/v4/ImportantAlertsCard-DESgYufk.js                                                  0.89 kB │ gzip:     0.44 kB
dist/assets/v4/MATERIALS-D_W3ZnzS.js                                                            0.89 kB │ gzip:     0.44 kB
dist/assets/v4/projectDevicePrincipals-Lc2RMRSv.js                                              0.89 kB │ gzip:     0.47 kB
dist/assets/v4/AEAD_NONCE_LENGTH-BC_66D6z.js                                                    0.89 kB │ gzip:     0.47 kB
dist/assets/v4/DataTableLayout-CuH6HmCL.js                                                      0.89 kB │ gzip:     0.45 kB
dist/assets/v4/DropdownMenuRadioItem-vk15vWuH.js                                                0.89 kB │ gzip:     0.44 kB
dist/assets/v4/MenubarCheckboxItem-D-mgJ1mt.js                                                  0.89 kB │ gzip:     0.44 kB
dist/assets/v4/directoryDisplayName-fgAS11Cy.js                                                 0.89 kB │ gzip:     0.47 kB
dist/assets/v4/registrableApex-Czy23dbX.js                                                      0.89 kB │ gzip:     0.52 kB
dist/assets/v4/AppendedChainRecord-BTdHZeb8.js                                                  0.89 kB │ gzip:     0.35 kB
dist/assets/v4/AccountMemberStatus-D_ZSzqPr.js                                                  0.89 kB │ gzip:     0.44 kB
dist/assets/v4/AgentLogRowConnector-C6IcDRLG.js                                                 0.89 kB │ gzip:     0.45 kB
dist/assets/v4/StatBar-DWq6eEni.js                                                              0.89 kB │ gzip:     0.46 kB
dist/assets/v4/mergeSessions-n1otVJ08.js                                                        0.89 kB │ gzip:     0.39 kB
dist/assets/v4/ContextMenuRadioGroup-DkUe81IY.js                                                0.89 kB │ gzip:     0.44 kB
dist/assets/v4/ContextMenuSubContent-Bckk7Woe.js                                                0.89 kB │ gzip:     0.44 kB
dist/assets/v4/ContextMenuSubTrigger-BNfIoahI.js                                                0.89 kB │ gzip:     0.44 kB
dist/assets/v4/DEFAULT_AGENT_PREFERENCES-Dm7JiolQ.js                                            0.89 kB │ gzip:     0.47 kB
dist/assets/v4/AiChatResizeHandleProps-DTa337Eh.js                                              0.89 kB │ gzip:     0.40 kB
dist/assets/v4/DividerAlign-Ci_oFmUw.js                                                         0.89 kB │ gzip:     0.45 kB
dist/assets/v4/DropdownMenuRadioGroup-DTzAD29T.js                                               0.89 kB │ gzip:     0.44 kB
dist/assets/v4/DropdownMenuSubContent-CuvnOzUG.js                                               0.89 kB │ gzip:     0.44 kB
dist/assets/v4/DropdownMenuSubTrigger-DX5pEdOl.js                                               0.89 kB │ gzip:     0.44 kB
dist/assets/v4/NotificationCenterStatus-CHCTLtFR.js                                             0.89 kB │ gzip:     0.43 kB
dist/assets/v4/SubscriptionStatus-2WkYWd46.js                                                   0.89 kB │ gzip:     0.44 kB
dist/assets/v4/TOAST_LAYER_Z-BiRKqC3B.js                                                        0.89 kB │ gzip:     0.48 kB
dist/assets/v4/isAndroid-qEaZfcnU.js                                                            0.89 kB │ gzip:     0.43 kB
dist/assets/v4/DataTableRowActionsProps-6ZRaPUfZ.js                                             0.90 kB │ gzip:     0.42 kB
dist/assets/v4/Sidebar-DkMJdJs3.js                                                              0.90 kB │ gzip:     0.46 kB
dist/assets/v4/COLOR_PRESET_FAMILIES-BaZn8Ocj.js                                                0.90 kB │ gzip:     0.48 kB
dist/assets/v4/ComposerPanelStatusTab-CYaaQwMW.js                                               0.90 kB │ gzip:     0.45 kB
dist/assets/v4/AGENT_SPEECH_RATES-DSJu1QaG.js                                                   0.90 kB │ gzip:     0.44 kB
dist/assets/v4/useSelectItemContext-CzQfSmUb.js                                                 0.90 kB │ gzip:     0.43 kB
dist/assets/v4/AvatarFamily-Ctgp-hNE.js                                                         0.90 kB │ gzip:     0.48 kB
dist/assets/v4/AppShell-DbbbVBSz.js                                                             0.90 kB │ gzip:     0.46 kB
dist/assets/v4/CardBody-BYdPFC2z.js                                                             0.90 kB │ gzip:     0.47 kB
dist/assets/v4/ContextMenuCheckboxItem-BDIItw8Q.js                                              0.90 kB │ gzip:     0.44 kB
dist/assets/v4/AgentProgressLoadingText-BXMnivVJ.js                                             0.90 kB │ gzip:     0.45 kB
dist/assets/v4/AgentLogRevealProps-DGT32lc8.js                                                  0.90 kB │ gzip:     0.49 kB
dist/assets/v4/DropdownMenuCheckboxItem-1DUb6sVp.js                                             0.90 kB │ gzip:     0.44 kB
dist/assets/v4/ShareWithMention-B8xHYMdy.js                                                     0.90 kB │ gzip:     0.57 kB
dist/assets/v4/CardTitle-CBThjNxV.js                                                            0.91 kB │ gzip:     0.47 kB
dist/assets/v4/FollowButton-DTJ0WJaQ.js                                                         0.91 kB │ gzip:     0.46 kB
dist/assets/v4/SelectSize-DhuiZjiL.js                                                           0.91 kB │ gzip:     0.45 kB
dist/assets/v4/DataTableSortDirection-CACtUIYY.js                                               0.91 kB │ gzip:     0.45 kB
dist/assets/v4/FALLBACK_LOCALE-ZFyy5McA.js                                                      0.91 kB │ gzip:     0.47 kB
dist/assets/v4/Announcement-cLTzebXy.js                                                         0.91 kB │ gzip:     0.44 kB
dist/assets/v4/NAMED_SHAPE_VIEW_BOX-BAXCYPfQ.js                                                 0.91 kB │ gzip:     0.47 kB
dist/assets/v4/NavigationTheme-DCqH5I9r.js                                                      0.91 kB │ gzip:     0.30 kB
dist/assets/v4/Notification-YFJSXw0Y.js                                                         0.91 kB │ gzip:     0.44 kB
dist/assets/v4/StatCardsProps-ByCKqR33.js                                                       0.91 kB │ gzip:     0.47 kB
dist/assets/v4/isWeb-CGVNPko6.js                                                                0.91 kB │ gzip:     0.45 kB
dist/assets/v4/Breadcrumb-DekzTQFV.js                                                           0.91 kB │ gzip:     0.46 kB
dist/assets/v4/CardFooter-Cv8tF5Pu.js                                                           0.91 kB │ gzip:     0.46 kB
dist/assets/v4/CardHeader-HW-tAXmQ.js                                                           0.91 kB │ gzip:     0.46 kB
dist/assets/v4/OxyProductEvent-DLJwdswE.js                                                      0.91 kB │ gzip:     0.44 kB
dist/assets/v4/Pagination-DJ5-Z-yQ.js                                                           0.91 kB │ gzip:     0.46 kB
dist/assets/v4/useChartRange-BitGfYfj.js                                                        0.91 kB │ gzip:     0.41 kB
dist/assets/v4/DividerVariant-DOwQprVB.js                                                       0.91 kB │ gzip:     0.46 kB
dist/assets/v4/Questionnaire-CEKR45xF.js                                                        0.91 kB │ gzip:     0.45 kB
dist/assets/v4/OxySignInPanelProps-CkArpSsZ.js                                                  0.91 kB │ gzip:     0.50 kB
dist/assets/v4/isNative-CcQfxXDq.js                                                             0.91 kB │ gzip:     0.45 kB
dist/assets/v4/ContributionTier-DyA6EBH8.js                                                     0.91 kB │ gzip:     0.41 kB
dist/assets/v4/LogEntry-_AgTZ_qv.js                                                             0.91 kB │ gzip:     0.49 kB
dist/assets/v4/AvatarGroup-2QACWPh4.js                                                          0.92 kB │ gzip:     0.47 kB
dist/assets/v4/ButtonGroup-D7hi1mCS.js                                                          0.92 kB │ gzip:     0.47 kB
dist/assets/v4/SidebarItem-D9UEcM5V.js                                                          0.92 kB │ gzip:     0.47 kB
dist/assets/v4/TabsContent-BN0sjjkr.js                                                          0.92 kB │ gzip:     0.47 kB
dist/assets/v4/TabsTrigger-BkijtjZf.js                                                          0.92 kB │ gzip:     0.47 kB
dist/assets/v4/ThemeToggle-BE0q2WiK.js                                                          0.92 kB │ gzip:     0.47 kB
dist/assets/v4/hkdfSha256-CxNqeRCl.js                                                           0.92 kB │ gzip:     0.53 kB
dist/assets/v4/TextFieldSize-jUjCZpZ_.js                                                        0.92 kB │ gzip:     0.51 kB
dist/assets/v4/PublisherListing-CjpYJM05.js                                                     0.92 kB │ gzip:     0.34 kB
dist/assets/v4/BloomSeedScope-CF4Ylw3l.js                                                       0.92 kB │ gzip:     0.55 kB
dist/assets/v4/TableSize-CXwIfgCS.js                                                            0.92 kB │ gzip:     0.46 kB
dist/assets/v4/CheckboxCard-Bj80hFtG.js                                                         0.92 kB │ gzip:     0.47 kB
dist/assets/v4/ContentPanel-c0VHApyB.js                                                         0.92 kB │ gzip:     0.47 kB
dist/assets/v4/DotGridMeter-BVikNdOJ.js                                                         0.92 kB │ gzip:     0.47 kB
dist/assets/v4/OxySignInPanel-B1auw5Kd.js                                                       0.92 kB │ gzip:     0.47 kB
dist/assets/v4/OxySignUpPanel-SvvGfHcY.js                                                       0.92 kB │ gzip:     0.47 kB
dist/assets/v4/ProOfferCard-Cr3LEkta.js                                                         0.92 kB │ gzip:     0.47 kB
dist/assets/v4/SocialButton-BImkgnKv.js                                                         0.92 kB │ gzip:     0.47 kB
dist/assets/v4/getAccountDisplayName-Cl6l1qAf.js                                                0.92 kB │ gzip:     0.55 kB
dist/assets/v4/openWebIdentity-BI8kQRgv.js                                                      0.92 kB │ gzip:     0.46 kB
dist/assets/v4/pressedSurface-BuGMrsHb.js                                                       0.92 kB │ gzip:     0.55 kB
dist/assets/v4/Typography.fontFamilies-B_q-2uQe.js                                              0.92 kB │ gzip:     0.45 kB
dist/assets/v4/mongodb-runtime-boundary-Qn1dMBfW.js                                             0.92 kB │ gzip:     0.52 kB
dist/assets/v4/MODEL_PICKER_EFFORT_LEVELS-Dr1srhHx.js                                           0.92 kB │ gzip:     0.50 kB
dist/assets/v4/TextFieldProps-DNWrSuzV.js                                                       0.92 kB │ gzip:     0.48 kB
dist/assets/v4/AccordionItem-DQ26PIiK.js                                                        0.93 kB │ gzip:     0.47 kB
dist/assets/v4/StatCardsDeltaColor-Bm_M_v4r.js                                                  0.93 kB │ gzip:     0.46 kB
dist/assets/v4/UserHoverCard-BAjn0yXR.js                                                        0.93 kB │ gzip:     0.47 kB
dist/assets/v4/UnderlineLink-BKT2McgV.js                                                        0.93 kB │ gzip:     0.56 kB
dist/assets/v4/CalendarViewHeader-CRuv6gxR.js                                                   0.93 kB │ gzip:     0.52 kB
dist/assets/v4/DenyValidationResult-QH9P3xyK.js                                                 0.93 kB │ gzip:     0.47 kB
dist/assets/v4/SelectTrigger-vDK34Dq5.js                                                        0.93 kB │ gzip:     0.54 kB
dist/assets/v4/ApplicationCredentialStatus-COx4v3YL.js                                          0.93 kB │ gzip:     0.44 kB
dist/assets/v4/AppShellHeader-C_aBp6YH.js                                                       0.93 kB │ gzip:     0.47 kB
dist/assets/v4/BreadcrumbItem-Qg2nL_6p.js                                                       0.93 kB │ gzip:     0.47 kB
dist/assets/v4/CompositionBar-Crg8SbRd.js                                                       0.93 kB │ gzip:     0.47 kB
dist/assets/v4/ConnectionDots-CSPRu42J.js                                                       0.93 kB │ gzip:     0.47 kB
dist/assets/v4/OxyAccountPicker-BAJR-t5K.js                                                     0.93 kB │ gzip:     0.47 kB
dist/assets/v4/RadioIndicator-BTQduM6E.js                                                       0.93 kB │ gzip:     0.47 kB
dist/assets/v4/TableProps-CRa7pKr0.js                                                           0.93 kB │ gzip:     0.45 kB
dist/assets/v4/shapes-gxYG2xqH.js                                                               0.93 kB │ gzip:     0.34 kB
dist/assets/v4/Notification-DcrPdoVg.js                                                         0.93 kB │ gzip:     0.46 kB
dist/assets/v4/ButtonGroupSize-D5Jj0mTd.js                                                      0.93 kB │ gzip:     0.46 kB
dist/assets/v4/FunnelShape-BFi2dCeh.js                                                          0.93 kB │ gzip:     0.46 kB
dist/assets/v4/closeAccountDialog-BsN_M9qe.js                                                   0.93 kB │ gzip:     0.45 kB
dist/assets/v4/WithdrawVouchResult-BQoFzlXd.js                                                  0.93 kB │ gzip:     0.47 kB
dist/assets/v4/generateDataKey-Bcs7Klsp.js                                                      0.93 kB │ gzip:     0.46 kB
dist/assets/v4/tooltip-BXsHSB5L.js                                                              0.93 kB │ gzip:     0.31 kB
dist/assets/v4/ActivityHeatmap-BHGH6MiY.js                                                      0.94 kB │ gzip:     0.47 kB
dist/assets/v4/AgentLimitsCard-BX6X63H4.js                                                      0.94 kB │ gzip:     0.47 kB
dist/assets/v4/AuthProvider-DhtW3VSd.js                                                         0.94 kB │ gzip:     0.48 kB
dist/assets/v4/ButtonGroupItem-qmAJN63c.js                                                      0.94 kB │ gzip:     0.47 kB
dist/assets/v4/CardDescription-CkWba-P0.js                                                      0.94 kB │ gzip:     0.47 kB
dist/assets/v4/LinkPreviewCard-DYxK5DIc.js                                                      0.94 kB │ gzip:     0.47 kB
dist/assets/v4/RecentHiresCard-Cvp0BNes.js                                                      0.94 kB │ gzip:     0.47 kB
dist/assets/v4/SidebarRailItem-BIEDLJTP.js                                                      0.94 kB │ gzip:     0.47 kB
dist/assets/v4/SidebarTeamMenu-BM-HHPbX.js                                                      0.94 kB │ gzip:     0.47 kB
dist/assets/v4/SidebarUserMenu-CwwcFiZ7.js                                                      0.94 kB │ gzip:     0.47 kB
dist/assets/v4/publishProvenDeviceCredential-GrTREeiD.js                                        0.94 kB │ gzip:     0.40 kB
dist/assets/v4/AccountCategoryId-Bk81a67h.js                                                    0.94 kB │ gzip:     0.49 kB
dist/assets/v4/TextFieldHintProps-CyaWnqTY.js                                                   0.94 kB │ gzip:     0.48 kB
dist/assets/v4/AGENT_LOG_ROW_INDENT-CBiGoqBE.js                                                 0.94 kB │ gzip:     0.47 kB
dist/assets/v4/OXY_INFERENCE_BASE_URL-DeyNGC6G.js                                               0.94 kB │ gzip:     0.49 kB
dist/assets/v4/RailProps-CzbxJO81.js                                                            0.94 kB │ gzip:     0.53 kB
dist/assets/v4/coerceToSupportedLocale-BLTzsq6q.js                                              0.94 kB │ gzip:     0.55 kB
dist/assets/v4/DEFAULT_OAUTH_SCOPE-CRAhyt85.js                                                  0.94 kB │ gzip:     0.49 kB
dist/assets/v4/PREMIUM_COLOR_NAMES-Bx_WDjTm.js                                                  0.94 kB │ gzip:     0.50 kB
dist/assets/v4/SocialProvider-DDmQ1ffw.js                                                       0.94 kB │ gzip:     0.50 kB
dist/assets/v4/ViewerGraph-IvQHfOZr.js                                                          0.94 kB │ gzip:     0.46 kB
dist/assets/v4/ChartStatTiles-C788JIMY.js                                                       0.94 kB │ gzip:     0.59 kB
dist/assets/v4/SecurityEventSeverity-BIZ7d8cD.js                                                0.94 kB │ gzip:     0.44 kB
dist/assets/v4/ShrinkAndPop-DxdxE8ro.js                                                         0.94 kB │ gzip:     0.51 kB
dist/assets/v4/TextFieldLabelProps-BexGDUH2.js                                                  0.94 kB │ gzip:     0.48 kB
dist/assets/v4/UseScrollRestorationOptions-CS-31qMq.js                                          0.94 kB │ gzip:     0.57 kB
dist/assets/v4/AccordionContent-Ej4ZjsR1.js                                                     0.94 kB │ gzip:     0.47 kB
dist/assets/v4/AccordionTrigger-D03zzjW4.js                                                     0.94 kB │ gzip:     0.47 kB
dist/assets/v4/NotificationBell-4ZsUzj61.js                                                     0.94 kB │ gzip:     0.47 kB
dist/assets/v4/SettingsListItem-ClkfDGwV.js                                                     0.94 kB │ gzip:     0.47 kB
dist/assets/v4/ApplicationEnvironment-BJKyPV4W.js                                               0.94 kB │ gzip:     0.46 kB
dist/assets/v4/ModelPickerLabels-Du1g4L7h.js                                                    0.94 kB │ gzip:     0.32 kB
dist/assets/v4/QuickAccount-BZw1Z94y.js                                                         0.94 kB │ gzip:     0.45 kB
dist/assets/v4/useContentHeadings-D7vClNck.js                                                   0.94 kB │ gzip:     0.59 kB
dist/assets/v4/AstroPage-Cmi2O-qj.js                                                            0.94 kB │ gzip:     0.57 kB
dist/assets/v4/AccountSuccessResult-Bvk5Rb7t.js                                                 0.95 kB │ gzip:     0.48 kB
dist/assets/v4/FileUploadResponse-B3uojFPq.js                                                   0.95 kB │ gzip:     0.48 kB
dist/assets/v4/FrostedIconButton-CcXhhJb_.js                                                    0.95 kB │ gzip:     0.47 kB
dist/assets/v4/SettingsListGroup-fQyHadkd.js                                                    0.95 kB │ gzip:     0.47 kB
dist/assets/v4/ContextChoiceOutcome-wCmZQd-4.js                                                 0.95 kB │ gzip:     0.52 kB
dist/assets/v4/FREE_COLOR_NAMES-B4xipr8H.js                                                     0.95 kB │ gzip:     0.51 kB
dist/assets/v4/HEX_TO_APP_COLOR-CDtu0KvV.js                                                     0.95 kB │ gzip:     0.49 kB
dist/assets/v4/resetLoggerConfig-BupjYyBL.js                                                    0.95 kB │ gzip:     0.46 kB
dist/assets/v4/ApplicationStatus-Qzvhf8Nd.js                                                    0.95 kB │ gzip:     0.45 kB
dist/assets/v4/ApplicationUsagePeriod-D31-XpfD.js                                               0.95 kB │ gzip:     0.45 kB
dist/assets/v4/MenubarSeparator-QoK7M_-L.js                                                     0.95 kB │ gzip:     0.44 kB
dist/assets/v4/OAuthConsentUnsupportedReason-DlZcG5rZ.js                                        0.95 kB │ gzip:     0.46 kB
dist/assets/v4/NotificationCenter-DQwYTod4.js                                                   0.95 kB │ gzip:     0.47 kB
dist/assets/v4/closeBottomSheet-u6tgcm_Y.js                                                     0.95 kB │ gzip:     0.47 kB
dist/assets/v4/useUserWalletTransactions-r4SXjn13.js                                            0.95 kB │ gzip:     0.46 kB
dist/assets/v4/WebOAuthRedirectReason-C9RFwRA5.js                                               0.95 kB │ gzip:     0.47 kB
dist/assets/v4/useAgentLogMotion-BC9a6xQE.js                                                    0.95 kB │ gzip:     0.47 kB
dist/assets/v4/CommonsSignInActionResult-CmixNgHG.js                                            0.95 kB │ gzip:     0.49 kB
dist/assets/v4/SettingsPlanCardProps-DDkrKGCo.js                                                0.95 kB │ gzip:     0.46 kB
dist/assets/v4/WebOAuthUnsupportedReason-B-Gt0tWw.js                                            0.95 kB │ gzip:     0.48 kB
dist/assets/v4/DialogAction-DsF4m_C2.js                                                         0.96 kB │ gzip:     0.51 kB
dist/assets/v4/SettingsListDivider-qdOgOaCN.js                                                  0.96 kB │ gzip:     0.48 kB
dist/assets/v4/OverlayRoot-BaPwNDeq.js                                                          0.96 kB │ gzip:     0.58 kB
dist/assets/v4/WEB_IDENTITY_PRF_OUTPUT_LENGTH-BCbXWtkw.js                                       0.96 kB │ gzip:     0.51 kB
dist/assets/v4/AVATAR_SHAPE_PATHS-d3wZ8q8j.js                                                   0.96 kB │ gzip:     0.49 kB
dist/assets/v4/SignInOutcome-DFUNv2Cx.js                                                        0.96 kB │ gzip:     0.45 kB
dist/assets/v4/ContextMenuSeparator-osUbNSSs.js                                                 0.96 kB │ gzip:     0.45 kB
dist/assets/v4/OxyAuthPromptProps-BlI7R-rV.js                                                   0.96 kB │ gzip:     0.54 kB
dist/assets/v4/SessionStateOrigin-Cvi0-SpR.js                                                   0.96 kB │ gzip:     0.58 kB
dist/assets/v4/TableSortDirection-D9DaslS_.js                                                   0.96 kB │ gzip:     0.46 kB
dist/assets/v4/DropdownMenuSeparator-BF54nKT6.js                                                0.96 kB │ gzip:     0.45 kB
dist/assets/v4/logger-DF9z_lSM.js                                                               0.96 kB │ gzip:     0.48 kB
dist/assets/v4/useCopyToClipboard-CK4cwK4n.js                                                   0.96 kB │ gzip:     0.56 kB
dist/assets/v4/OxyInferenceRequestOptions-KYKzyFmr.js                                           0.96 kB │ gzip:     0.56 kB
dist/assets/v4/GUTTER_MASK_SPREAD-Vka7ckKA.js                                                   0.96 kB │ gzip:     0.51 kB
dist/assets/v4/WalletTransactionType-Dvulqxyi.js                                                0.96 kB │ gzip:     0.46 kB
dist/assets/v4/accountCategoryLabel-B_D6BPUs.js                                                 0.96 kB │ gzip:     0.42 kB
dist/assets/v4/clearOAuthHandshake-BBtj8v8O.js                                                  0.96 kB │ gzip:     0.47 kB
dist/assets/v4/showsPrincipalHeaders-Do8cSvY5.js                                                0.96 kB │ gzip:     0.57 kB
dist/assets/v4/BACKDROP_BLUR_INTENSITY-DnDDJdac.js                                              0.97 kB │ gzip:     0.51 kB
dist/assets/v4/CalendarViewInboxMenuProps-D6HZ2h5y.js                                           0.97 kB │ gzip:     0.37 kB
dist/assets/v4/OxySignInRequestSurface-CXWXxx72.js                                              0.97 kB │ gzip:     0.48 kB
dist/assets/v4/WalletTransactionStatus-BG_poRHQ.js                                              0.97 kB │ gzip:     0.45 kB
dist/assets/v4/FollowGraphParams-Bv1iwFma.js                                                    0.97 kB │ gzip:     0.34 kB
dist/assets/v4/PushTokenPlatform-B_JvmTus.js                                                    0.97 kB │ gzip:     0.49 kB
dist/assets/v4/Typography.Blockquote-C0PWQBui.js                                                0.97 kB │ gzip:     0.57 kB
dist/assets/v4/AccountDialogView-B_ovWuSc.js                                                    0.97 kB │ gzip:     0.45 kB
dist/assets/v4/PresetTokens-DpqOzTmS.js                                                         0.97 kB │ gzip:     0.50 kB
dist/assets/v4/verifyPublicCardAttestation-DGnj1jOi.js                                          0.97 kB │ gzip:     0.55 kB
dist/assets/v4/MenubarProps-BDWiJqM5.js                                                         0.97 kB │ gzip:     0.45 kB
dist/assets/v4/AppColorName-BT1ALQ6c.js                                                         0.97 kB │ gzip:     0.50 kB
dist/assets/v4/MASCOT_ACTIVITIES-B53oIf46.js                                                    0.97 kB │ gzip:     0.46 kB
dist/assets/v4/oxyClient-c0az7aNM.js                                                            0.97 kB │ gzip:     0.51 kB
dist/assets/v4/packageInfo-MrCQaLGz.js                                                          0.97 kB │ gzip:     0.41 kB
dist/assets/v4/DataTableSize-B6TF5mHN.js                                                        0.97 kB │ gzip:     0.49 kB
dist/assets/v4/ComposerLoaderColors-Zj1d1P_M.js                                                 0.97 kB │ gzip:     0.47 kB
dist/assets/v4/OXY_CLOUD_URL-Dw6IkKB-.js                                                        0.97 kB │ gzip:     0.49 kB
dist/assets/v4/QuestionnaireSelect-BScedLaS.js                                                  0.97 kB │ gzip:     0.47 kB
dist/assets/v4/SidebarNavItem-BtA-nt3b.js                                                       0.97 kB │ gzip:     0.51 kB
dist/assets/v4/SubmitRealLifeAttestationInput-D2r3ZcKx.js                                       0.97 kB │ gzip:     0.52 kB
dist/assets/v4/TableColumnLayout-CGSyMsim.js                                                    0.97 kB │ gzip:     0.45 kB
dist/assets/v4/WebIdentityUnlockFailure-Yg65QFzz.js                                             0.97 kB │ gzip:     0.49 kB
dist/assets/v4/AssetUpdateVisibilityRequest-C2HODtWv.js                                         0.97 kB │ gzip:     0.48 kB
dist/assets/v4/IdentityMarker-CXX8lslW.js                                                       0.98 kB │ gzip:     0.53 kB
dist/assets/v4/MAX_DISPLAY_NAME_LENGTH-DXuLa14A.js                                              0.98 kB │ gzip:     0.51 kB
dist/assets/v4/SHAPES-BUBZlDfK.js                                                               0.98 kB │ gzip:     0.44 kB
dist/assets/v4/ACCENT_TEXT_ROLES-D5yeyjlz.js                                                    0.98 kB │ gzip:     0.47 kB
dist/assets/v4/TransferAccountOwnershipInput-D553wRxr.js                                        0.98 kB │ gzip:     0.48 kB
dist/assets/v4/RadioIndicatorProps-DK66kG8U.js                                                  0.98 kB │ gzip:     0.50 kB
dist/assets/v4/StatBarProps-BVfD9tFx.js                                                         0.98 kB │ gzip:     0.46 kB
dist/assets/v4/OVERLAY_STACK_BASE-BKFbGllC.js                                                   0.98 kB │ gzip:     0.51 kB
dist/assets/v4/AssetMetadata-1S1Q54A9.js                                                        0.98 kB │ gzip:     0.44 kB
dist/assets/v4/ScaleAndFadeOut-CF61p4I-.js                                                      0.98 kB │ gzip:     0.51 kB
dist/assets/v4/StoreReview-DJfU6Ni5.js                                                          0.98 kB │ gzip:     0.48 kB
dist/assets/v4/CreateApplicationInput-DcvJmPlg.js                                               0.98 kB │ gzip:     0.41 kB
dist/assets/v4/SettingsListDividerProps-Dx0ide13.js                                             0.98 kB │ gzip:     0.49 kB
dist/assets/v4/WebOAuthFailureReason-CmMg3iFx.js                                                0.99 kB │ gzip:     0.48 kB
dist/assets/v4/offering-badge-BxBaJxxe.js                                                       0.99 kB │ gzip:     0.47 kB
dist/assets/v4/SubtleHover-D47O1tiz.js                                                          0.99 kB │ gzip:     0.59 kB
dist/assets/v4/CommandItem-bKjaDoNZ.js                                                          0.99 kB │ gzip:     0.50 kB
dist/assets/v4/createSessionClientHost-Bxxp55g_.js                                              0.99 kB │ gzip:     0.50 kB
dist/assets/v4/COLOR_PLAYGROUND_NAMES-COEL2YHR.js                                               0.99 kB │ gzip:     0.53 kB
dist/assets/v4/StoreScreenshotPlatform-BwjS5wqB.js                                              0.99 kB │ gzip:     0.47 kB
dist/assets/v4/bloomThemeBlock-C8Zz-pEk.js                                                      0.99 kB │ gzip:     0.48 kB
dist/assets/v4/HttpStatus-CkKBGe4y.js                                                           0.99 kB │ gzip:     0.42 kB
dist/assets/v4/PolarSurface-utHpqK39.js                                                         0.99 kB │ gzip:     0.59 kB
dist/assets/v4/RemoveDomainResult-Bzqsx3rh.js                                                   0.99 kB │ gzip:     0.49 kB
dist/assets/v4/TypeRole-DZ8R5Igk.js                                                             0.99 kB │ gzip:     0.54 kB
dist/assets/v4/SocialButtonSize-DeD3mo9D.js                                                     0.99 kB │ gzip:     0.49 kB
dist/assets/v4/IdentityRecoveryResult-e5qlkDmU.js                                               0.99 kB │ gzip:     0.54 kB
dist/assets/v4/SubscriptionPlan-37uNmwXh.js                                                     0.99 kB │ gzip:     0.46 kB
dist/assets/v4/isValidDisplayName-CP2XsLBQ.js                                                   0.99 kB │ gzip:     0.61 kB
dist/assets/v4/stat-cards-CnHf0Fyu.js                                                           0.99 kB │ gzip:     0.38 kB
dist/assets/v4/PresentOptions-zjOJObiN.js                                                       0.99 kB │ gzip:     0.49 kB
dist/assets/v4/AuthMode-HOWyxxFL.js                                                             1.00 kB │ gzip:     0.45 kB
dist/assets/v4/ChartIcon-CWDuJQ5q.js                                                            1.00 kB │ gzip:     0.51 kB
dist/assets/v4/AlertButtonStyle-DQlJQ7Xf.js                                                     1.00 kB │ gzip:     0.49 kB
dist/assets/v4/CartesianPlot-CWv9JnsM.js                                                        1.00 kB │ gzip:     0.60 kB
dist/assets/v4/ColorEngine.GenerateOptions-Bu2Pomxz.js                                          1.00 kB │ gzip:     0.51 kB
dist/assets/v4/roleColorsToPresetTokens-agMR-SHF.js                                             1.00 kB │ gzip:     0.59 kB
dist/assets/v4/ComposerPanelAttachmentKind-CXtpqYdz.js                                          1.00 kB │ gzip:     0.45 kB
dist/assets/v4/SettingsIcon-buETTHhc.js                                                         1.00 kB │ gzip:     0.51 kB
dist/assets/v4/createProfileMutation-DPqRPD6T.js                                                1.00 kB │ gzip:     0.46 kB
dist/assets/v4/useTheme-CWJypwa1.js                                                             1.00 kB │ gzip:     0.46 kB
dist/assets/v4/MAX_ACCOUNT_CATEGORIES-BrExNTiG.js                                               1.00 kB │ gzip:     0.61 kB
dist/assets/v4/initCssInteropDarkMode-Cbnf8VTu.js                                               1.00 kB │ gzip:     0.50 kB
dist/assets/v4/IdentityDeviceBackupStore-tr4Abec1.js                                            1.00 kB │ gzip:     0.53 kB
dist/assets/v4/useSiteHeaderBottom-Cyd8TyRB.js                                                  1.00 kB │ gzip:     0.55 kB
dist/assets/v4/LogLevel-DYpuLGeQ.js                                                             1.00 kB │ gzip:     0.46 kB
dist/assets/v4/NotificationCenterCategory-CXcdoSqf.js                                           1.00 kB │ gzip:     0.48 kB
dist/assets/v4/QuestionnaireAnswers-DZFiuLGE.js                                                 1.00 kB │ gzip:     0.49 kB
dist/assets/v4/COLOR_PRESET_FAMILY_REGISTRY-D9FJnoKE.js                                         1.00 kB │ gzip:     0.52 kB
dist/assets/v4/CalendarViewParticipantColor-DIcYRc2L.js                                         1.01 kB │ gzip:     0.47 kB
dist/assets/v4/ComposerPanelLabels-CeAOd69z.js                                                  1.01 kB │ gzip:     0.38 kB
dist/assets/v4/DeviceContextActor-CsYKmuiV.js                                                   1.01 kB │ gzip:     0.53 kB
dist/assets/v4/normalizeColorScheme-Cg3NqWVn.js                                                 1.01 kB │ gzip:     0.44 kB
dist/assets/v4/SELECTABLE_ACCOUNT_CATEGORY_IDS-Co7V7vv8.js                                      1.01 kB │ gzip:     0.53 kB
dist/assets/v4/COLOR_PRESET_REGISTRY-CKLIbYxZ.js                                                1.01 kB │ gzip:     0.54 kB
dist/assets/v4/AgentLanguage-YEDe5V_H.js                                                        1.01 kB │ gzip:     0.42 kB
dist/assets/v4/mergeRefs-BMBw29c3.js                                                            1.01 kB │ gzip:     0.57 kB
dist/assets/v4/error-boundary-D3OK8LYn.js                                                       1.01 kB │ gzip:     0.49 kB
dist/assets/v4/ProfileButton-ByTMjYVm.js                                                        1.01 kB │ gzip:     0.51 kB
dist/assets/v4/ColdBootSkip-CvtlFQA5.js                                                         1.01 kB │ gzip:     0.51 kB
dist/assets/v4/agent-thinking-BmTU66Ql.js                                                       1.01 kB │ gzip:     0.49 kB
dist/assets/v4/CardElevation-DA3RaeTQ.js                                                        1.01 kB │ gzip:     0.51 kB
dist/assets/v4/isSelectableAccountCategoryId-Co7_MiOR.js                                        1.01 kB │ gzip:     0.46 kB
dist/assets/v4/ColorEngine.RoleColors-B_JOulHu.js                                               1.02 kB │ gzip:     0.50 kB
dist/assets/v4/WebSearchBrand-fbPJkAhE.js                                                       1.02 kB │ gzip:     0.54 kB
dist/assets/v4/useDirection-DEysq6cK.js                                                         1.02 kB │ gzip:     0.46 kB
dist/assets/v4/useSurfaceHeader-Dtqj7Sj2.js                                                     1.02 kB │ gzip:     0.62 kB
dist/assets/v4/OxyConsentApplication-JcWlZ9TL.js                                                1.02 kB │ gzip:     0.47 kB
dist/assets/v4/sealWebIdentity-DCOKGujN.js                                                      1.02 kB │ gzip:     0.51 kB
dist/assets/v4/COMPOSER_PANEL_PERMISSIONS-Bga9Hj8T.js                                           1.02 kB │ gzip:     0.53 kB
dist/assets/v4/TopicData-Bk42hBGR.js                                                            1.02 kB │ gzip:     0.36 kB
dist/assets/v4/Code.CodeLinesSize-BHNn-SkQ.js                                                   1.02 kB │ gzip:     0.52 kB
dist/assets/v4/AgentThinkingProps-CsJ66mHU.js                                                   1.02 kB │ gzip:     0.47 kB
dist/assets/v4/CardBorder-DjZ5t4Rm.js                                                           1.03 kB │ gzip:     0.47 kB
dist/assets/v4/CreateApplicationCredentialInput-weR5iIGl.js                                     1.03 kB │ gzip:     0.55 kB
dist/assets/v4/ImageResolverProvider-DZj2ELX_.js                                                1.03 kB │ gzip:     0.48 kB
dist/assets/v4/OVERLAY_STACK_BAND-DWoj5oTC.js                                                   1.03 kB │ gzip:     0.54 kB
dist/assets/v4/ApplicationType-DgTxGP7n.js                                                      1.03 kB │ gzip:     0.51 kB
dist/assets/v4/radio-indicator-D15NBnTO.js                                                      1.03 kB │ gzip:     0.45 kB
dist/assets/v4/OxyAuthScreenHeader-s076D2Pk.js                                                  1.03 kB │ gzip:     0.51 kB
dist/assets/v4/parseAttestPayload-BUkJZ2xq.js                                                   1.03 kB │ gzip:     0.55 kB
dist/assets/v4/useAmbientTheme-DGNdsXPH.js                                                      1.03 kB │ gzip:     0.47 kB
dist/assets/v4/NotificationBellProps-DH46mmom.js                                                1.03 kB │ gzip:     0.42 kB
dist/assets/v4/StoreListingStatus-Bre_6Uo-.js                                                   1.03 kB │ gzip:     0.49 kB
dist/assets/v4/ColdBootStep-Cm_K3I9Z.js                                                         1.04 kB │ gzip:     0.51 kB
dist/assets/v4/OXY_ACCOUNT_DELETED_EVENT_URI-BxYLHULB.js                                        1.04 kB │ gzip:     0.51 kB
dist/assets/v4/OXY_OAUTH_STATE_STORAGE_KEY-CGJ6jfe2.js                                          1.04 kB │ gzip:     0.50 kB
dist/assets/v4/OXY_OAUTH_STATE_STORAGE_KEY-CuDQW0oZ.js                                          1.04 kB │ gzip:     0.49 kB
dist/assets/v4/AgentLogRevealTickerOptions-DoZ6kG9r.js                                          1.04 kB │ gzip:     0.50 kB
dist/assets/v4/DEFAULT_CIRCUIT_BREAKER_CONFIG-BRXnvt4u.js                                       1.04 kB │ gzip:     0.52 kB
dist/assets/v4/ResponsiveDialogPlacement-BIuB80g9.js                                            1.04 kB │ gzip:     0.40 kB
dist/assets/v4/EmittableLogLevel-CECNihfK.js                                                    1.04 kB │ gzip:     0.51 kB
dist/assets/v4/CalendarViewEventColor-Cv70prCH.js                                               1.04 kB │ gzip:     0.47 kB
dist/assets/v4/SurfaceEntry-Bhmuagx6.js                                                         1.04 kB │ gzip:     0.51 kB
dist/assets/v4/bloomTailwindPreset-BiFA-oH2.js                                                  1.04 kB │ gzip:     0.53 kB
dist/assets/v4/AiChatIconComponent-XuCV_Bw7.js                                                  1.04 kB │ gzip:     0.50 kB
dist/assets/v4/AnimatedCheckRef-BZOTevWW.js                                                     1.04 kB │ gzip:     0.49 kB
dist/assets/v4/CalendarViewFeedColor-Dzzqr8MA.js                                                1.04 kB │ gzip:     0.47 kB
dist/assets/v4/AccountRole-DgjlPoGN.js                                                          1.04 kB │ gzip:     0.47 kB
dist/assets/v4/ThemeGradients-CuhphrLp.js                                                       1.04 kB │ gzip:     0.50 kB
dist/assets/v4/composition-bar-B3M_YhOW.js                                                      1.04 kB │ gzip:     0.50 kB
dist/assets/v4/layout-BQnfd41Z.js                                                               1.05 kB │ gzip:     0.38 kB
dist/assets/v4/resolveAccountDelegationAccess-Dg0-AAMg.js                                       1.05 kB │ gzip:     0.52 kB
dist/assets/v4/APP_COLOR_PRESETS-BQthLFFr.js                                                    1.05 kB │ gzip:     0.50 kB
dist/assets/v4/Asset--0yyOpWt.js                                                                1.05 kB │ gzip:     0.38 kB
dist/assets/v4/Slider-BQ8hVhiy.js                                                               1.05 kB │ gzip:     0.65 kB
dist/assets/v4/IdentityRecordType-Xii5vtou.js                                                   1.05 kB │ gzip:     0.54 kB
dist/assets/v4/SelectScrollProvider-D7x80h-j.js                                                 1.05 kB │ gzip:     0.49 kB
dist/assets/v4/AgentAvatarProps-BZDamkmk.js                                                     1.05 kB │ gzip:     0.40 kB
dist/assets/v4/Code.CodeLinesProps-DzkTSxHd.js                                                  1.05 kB │ gzip:     0.50 kB
dist/assets/v4/SurfaceHeaderAction-BfIb8VkQ.js                                                  1.05 kB │ gzip:     0.52 kB
dist/assets/v4/Wallet-gjZIVtKl.js                                                               1.06 kB │ gzip:     0.46 kB
dist/assets/v4/SelectIconProps-CACN3nnN.js                                                      1.06 kB │ gzip:     0.47 kB
dist/assets/v4/ProgressiveBlur-BLu8Ojob.js                                                      1.06 kB │ gzip:     0.66 kB
dist/assets/v4/Typography.TYPE_SCALE-BcMXmIVn.js                                                1.06 kB │ gzip:     0.50 kB
dist/assets/v4/AGENT_LOG_SOFT_EASE-DAxWhPfx.js                                                  1.06 kB │ gzip:     0.57 kB
dist/assets/v4/HANDLE_COLOR_NAMES-84GpbflK.js                                                   1.06 kB │ gzip:     0.55 kB
dist/assets/v4/useAsset-dPWzacXB.js                                                             1.06 kB │ gzip:     0.46 kB
dist/assets/v4/PaymentMethod-BDJU3sxF.js                                                        1.06 kB │ gzip:     0.46 kB
dist/assets/v4/StatCardsTone-BdeM0Gse.js                                                        1.06 kB │ gzip:     0.47 kB
dist/assets/v4/AvatarRingGradientDirection-Bjhxpx-j.js                                          1.06 kB │ gzip:     0.51 kB
dist/assets/v4/CalendarConstraintProps-BaZwyQK9.js                                              1.06 kB │ gzip:     0.54 kB
dist/assets/v4/ColorEngine.redFromArgb-Buks0SUY.js                                              1.06 kB │ gzip:     0.46 kB
dist/assets/v4/RequireOxyAuthProps-BMoaDC3e.js                                                  1.06 kB │ gzip:     0.43 kB
dist/assets/v4/SignInFailureReason-DTTqQVEt.js                                                  1.06 kB │ gzip:     0.57 kB
dist/assets/v4/important-alerts-card-GsphoOTC.js                                                1.06 kB │ gzip:     0.50 kB
dist/assets/v4/DataTableSelectProps-CkRpdhBB.js                                                 1.06 kB │ gzip:     0.51 kB
dist/assets/v4/useUploadProgress-CRtAS_dy.js                                                    1.06 kB │ gzip:     0.45 kB
dist/assets/v4/ColorEngine.blueFromArgb-C7K6cYsv.js                                             1.06 kB │ gzip:     0.46 kB
dist/assets/v4/parseRgba-Dk6B6_-o.js                                                            1.06 kB │ gzip:     0.59 kB
dist/assets/v4/useDialogContext-BA0bhPay.js                                                     1.07 kB │ gzip:     0.47 kB
dist/assets/v4/ModelPickerModel-BEjA_zKa.js                                                     1.07 kB │ gzip:     0.46 kB
dist/assets/v4/useMutationStatus-DzoTODYn.js                                                    1.07 kB │ gzip:     0.47 kB
dist/assets/v4/ChartSize-iAooND8D.js                                                            1.07 kB │ gzip:     0.46 kB
dist/assets/v4/ColorEngine.greenFromArgb-BXuGZmGL.js                                            1.07 kB │ gzip:     0.46 kB
dist/assets/v4/PillButton-D78IH89u.js                                                           1.07 kB │ gzip:     0.64 kB
dist/assets/v4/isDev-DxQdFCD9.js                                                                1.07 kB │ gzip:     0.52 kB
dist/assets/v4/upsertCachedUser-BGVf1tNC.js                                                     1.07 kB │ gzip:     0.56 kB
dist/assets/v4/AvatarPlaceholderProvider-Cs3lvehF.js                                            1.07 kB │ gzip:     0.49 kB
dist/assets/v4/Backdrop-wwZmx-B2.js                                                             1.07 kB │ gzip:     0.65 kB
dist/assets/v4/ImageAspectRatio.hasAspectRatio-BqBDg9fW.js                                      1.07 kB │ gzip:     0.47 kB
dist/assets/v4/ErrorBoundaryFallback-BNzmO9XT.js                                                1.07 kB │ gzip:     0.51 kB
dist/assets/v4/ChartDelta-PwrlYeRI.js                                                           1.07 kB │ gzip:     0.46 kB
dist/assets/v4/PeableButtonProps-Q4aJydHq.js                                                    1.07 kB │ gzip:     0.44 kB
dist/assets/v4/OXY_OAUTH_REDIRECT_URI_STORAGE_KEY-BcYyJQ9T.js                                   1.07 kB │ gzip:     0.52 kB
dist/assets/v4/formatFileSize-CRS391ae.js                                                       1.07 kB │ gzip:     0.47 kB
dist/assets/v4/ColorEngine.SchemeVariant-BxjMXAbo.js                                            1.08 kB │ gzip:     0.65 kB
dist/assets/v4/SidebarFolderProps-DNEehOQ0.js                                                   1.08 kB │ gzip:     0.42 kB
dist/assets/v4/createNativeAuthStateStore-UbkwhoWk.js                                           1.08 kB │ gzip:     0.53 kB
dist/assets/v4/OXY_OAUTH_CODE_VERIFIER_STORAGE_KEY-Ns1aOi9_.js                                  1.08 kB │ gzip:     0.51 kB
dist/assets/v4/OXY_OAUTH_CODE_VERIFIER_STORAGE_KEY-dyJwnF9L.js                                  1.08 kB │ gzip:     0.51 kB
dist/assets/v4/ImportantAlertsCardProps-9H4howw_.js                                             1.08 kB │ gzip:     0.52 kB
dist/assets/v4/RailItem-Bt957F1E.js                                                             1.08 kB │ gzip:     0.61 kB
dist/assets/v4/SettingsFileKind-C1XNdl2E.js                                                     1.08 kB │ gzip:     0.47 kB
dist/assets/v4/useAssetsByApp-D1BU6FTp.js                                                       1.08 kB │ gzip:     0.47 kB
dist/assets/v4/OxyRuntimeError-DRPEGGoJ.js                                                      1.08 kB │ gzip:     0.46 kB
dist/assets/v4/Slider-B1WzfLDs.js                                                               1.08 kB │ gzip:     0.57 kB
dist/assets/v4/IdCardRef-bOT2yQxb.js                                                            1.08 kB │ gzip:     0.54 kB
dist/assets/v4/useBloomTheme-DlpeMi-d.js                                                        1.08 kB │ gzip:     0.47 kB
dist/assets/v4/OverlayRootProps-BMrLiTLA.js                                                     1.08 kB │ gzip:     0.62 kB
dist/assets/v4/ContentViewer-Yec2WRsG.js                                                        1.08 kB │ gzip:     0.46 kB
dist/assets/v4/FileUploadLabels-Cryq8xbc.js                                                     1.08 kB │ gzip:     0.46 kB
dist/assets/v4/DEFAULT_COMPOSER_LOADER_COLORS-C1vDfMOm.js                                       1.09 kB │ gzip:     0.63 kB
dist/assets/v4/Skeleton.Box-Bb2X9wjm.js                                                         1.09 kB │ gzip:     0.57 kB
dist/assets/v4/WebSearchLabels-D9S5ZavE.js                                                      1.09 kB │ gzip:     0.52 kB
dist/assets/v4/windowEdgeGap-DR_o18tX.js                                                        1.09 kB │ gzip:     0.61 kB
dist/assets/v4/KeyPair-DihAFjdr.js                                                              1.09 kB │ gzip:     0.46 kB
dist/assets/v4/createQuickAccount-CtjtgW9I.js                                                   1.09 kB │ gzip:     0.47 kB
dist/assets/v4/OxyInferenceFetch-BUHgMI1-.js                                                    1.09 kB │ gzip:     0.56 kB
dist/assets/v4/FollowerDetails-CI_l3yXf.js                                                      1.09 kB │ gzip:     0.47 kB
dist/assets/v4/useAssetUsageCount-xrTDNNc4.js                                                   1.09 kB │ gzip:     0.48 kB
dist/assets/v4/ContactDiscoveryResponse-OSRMDzhs.js                                             1.09 kB │ gzip:     0.52 kB
dist/assets/v4/FileMetadata-PSiZIxot.js                                                         1.09 kB │ gzip:     0.38 kB
dist/assets/v4/AvatarTint-BmxaufX9.js                                                           1.10 kB │ gzip:     0.46 kB
dist/assets/v4/setOxyAssetInstance-DPFK7r3a.js                                                  1.10 kB │ gzip:     0.47 kB
dist/assets/v4/activeUserOf-B1cuAPfj.js                                                         1.10 kB │ gzip:     0.52 kB
dist/assets/v4/CENTRAL_IDP_APEX-DKUb0WVI.js                                                     1.10 kB │ gzip:     0.57 kB
dist/assets/v4/SocialBrand-UMMyX_J_.js                                                          1.10 kB │ gzip:     0.52 kB
dist/assets/v4/TemplateCopyTranslator-foS93mwt.js                                               1.10 kB │ gzip:     0.48 kB
dist/assets/v4/WeekStart-Tl7oVfIV.js                                                            1.10 kB │ gzip:     0.47 kB
dist/assets/v4/OpenedWebIdentity-TcqX-tx9.js                                                    1.10 kB │ gzip:     0.52 kB
dist/assets/v4/PaymentResponse-D7f3ZolG.js                                                      1.10 kB │ gzip:     0.47 kB
dist/assets/v4/TextStyleProp-BnLPAh5g.js                                                        1.10 kB │ gzip:     0.48 kB
dist/assets/v4/OxyAuthLoading-BcgTl6Vx.js                                                       1.10 kB │ gzip:     0.55 kB
dist/assets/v4/ToastType-8XSYSR5W.js                                                            1.10 kB │ gzip:     0.48 kB
dist/assets/v4/AUTH_STATE_STORAGE_KEY-DJ2ljDQ2.js                                               1.11 kB │ gzip:     0.68 kB
dist/assets/v4/ChainRecord-DB7Qfxkq.js                                                          1.11 kB │ gzip:     0.46 kB
dist/assets/v4/HeatmapCell-D3PTiKfY.js                                                          1.11 kB │ gzip:     0.47 kB
dist/assets/v4/StorageKeys-BqfqIql0.js                                                          1.11 kB │ gzip:     0.47 kB
dist/assets/v4/DeviceCredential-C-wAzXHS.js                                                     1.11 kB │ gzip:     0.46 kB
dist/assets/v4/AvatarShape-Dd4Jp0R9.js                                                          1.11 kB │ gzip:     0.55 kB
dist/assets/v4/isValidURL-CySFP9hL.js                                                           1.11 kB │ gzip:     0.48 kB
dist/assets/v4/Card-CxCxR6PS.js                                                                 1.11 kB │ gzip:     0.59 kB
dist/assets/v4/Chip-zK7oznKu.js                                                                 1.11 kB │ gzip:     0.59 kB
dist/assets/v4/IssueCredentialInput-CjvNZzgi.js                                                 1.11 kB │ gzip:     0.65 kB
dist/assets/v4/AreaVariant-DN9Rt_Kz.js                                                          1.11 kB │ gzip:     0.52 kB
dist/assets/v4/canSwitchIntoAccount-DXFEqcZc.js                                                 1.11 kB │ gzip:     0.55 kB
dist/assets/v4/ErrorBoundaryFallbackContext-D27M4p9K.js                                         1.11 kB │ gzip:     0.64 kB
dist/assets/v4/BottomSheet-CoJIY8xe.js                                                          1.11 kB │ gzip:     0.50 kB
dist/assets/v4/CLEARABLE_USER_FIELDS-Bzy1VJN5.js                                                1.11 kB │ gzip:     0.66 kB
dist/assets/v4/OxyAuthScreen-CTk3o8N9.js                                                        1.11 kB │ gzip:     0.51 kB
dist/assets/v4/ShadowRole-B963CKYU.js                                                           1.11 kB │ gzip:     0.65 kB
dist/assets/v4/DataTableSortValue-C7BVYOwZ.js                                                   1.12 kB │ gzip:     0.48 kB
dist/assets/v4/UpdateDeviceNameResponse-C3Zr2X2g.js                                             1.12 kB │ gzip:     0.47 kB
dist/assets/v4/Badge-DbUM4UTY.js                                                                1.12 kB │ gzip:     0.59 kB
dist/assets/v4/SharedDeviceCredentialRead-CwBPuT9m.js                                           1.12 kB │ gzip:     0.56 kB
dist/assets/v4/UNKNOWN_FOLLOW_STATUS-DtfVW_8P.js                                                1.12 kB │ gzip:     0.58 kB
dist/assets/v4/isValidArray-DCG-2-9-.js                                                         1.12 kB │ gzip:     0.48 kB
dist/assets/v4/ActivityRingsCardProps-D4lkJo1c.js                                               1.12 kB │ gzip:     0.55 kB
dist/assets/v4/FOLD_SHAPES-DB596Zr4.js                                                          1.12 kB │ gzip:     0.47 kB
dist/assets/v4/PopoverFooter-BctdhJty.js                                                        1.12 kB │ gzip:     0.48 kB
dist/assets/v4/oxy-link-preview-migration-CT85ijdx.js                                           1.12 kB │ gzip:     0.61 kB
dist/assets/v4/sanitizeHTML-xlbm8oRg.js                                                         1.12 kB │ gzip:     0.47 kB
dist/assets/v4/AuthActions-DL8UqEif.js                                                          1.12 kB │ gzip:     0.50 kB
dist/assets/v4/isValidObject-Dxm3BO1Q.js                                                        1.12 kB │ gzip:     0.48 kB
dist/assets/v4/useUserById-BkxWiK6r.js                                                          1.12 kB │ gzip:     0.64 kB
dist/assets/v4/Avatar-CSuvmJ3G.js                                                               1.12 kB │ gzip:     0.60 kB
dist/assets/v4/Button-DuQGRb3l.js                                                               1.12 kB │ gzip:     0.60 kB
dist/assets/v4/DataTableSelectOption-D3fvbGUS.js                                                1.12 kB │ gzip:     0.43 kB
dist/assets/v4/Loading-CwJNI90g.js                                                              1.12 kB │ gzip:     0.59 kB
dist/assets/v4/PageHeaderBorder-BVPHXYzv.js                                                     1.12 kB │ gzip:     0.51 kB
dist/assets/v4/StatCardsItem-Biu7ca6w.js                                                        1.12 kB │ gzip:     0.48 kB
dist/assets/v4/isValidEmail-rqKg4YPB.js                                                         1.12 kB │ gzip:     0.48 kB
dist/assets/v4/MenubarContent-BiFgBYaa.js                                                       1.12 kB │ gzip:     0.48 kB
dist/assets/v4/MenubarTrigger-CAbmq0Bd.js                                                       1.12 kB │ gzip:     0.48 kB
dist/assets/v4/PopoverContent-DY6GSqZU.js                                                       1.12 kB │ gzip:     0.48 kB
dist/assets/v4/PopoverTrigger-2Vja8x5u.js                                                       1.12 kB │ gzip:     0.48 kB
dist/assets/v4/DISPLAY_NAME_INVALID_MESSAGE-Dmnfw2rq.js                                         1.13 kB │ gzip:     0.57 kB
dist/assets/v4/LoadingProps-DR80jgp3.js                                                         1.13 kB │ gzip:     0.47 kB
dist/assets/v4/Textarea-CzKj6LuT.js                                                             1.13 kB │ gzip:     0.68 kB
dist/assets/v4/applyDarkClass-C7f_V0Sw.js                                                       1.13 kB │ gzip:     0.48 kB
dist/assets/v4/IDENTITY_PIN_STORAGE_KEY-Dxof8Vvu.js                                             1.13 kB │ gzip:     0.57 kB
dist/assets/v4/sanitizeString-DbhaBF83.js                                                       1.13 kB │ gzip:     0.47 kB
dist/assets/v4/useDeviceSwitcher-D_5TuLks.js                                                    1.13 kB │ gzip:     0.62 kB
dist/assets/v4/Divider-Ik6_Gw_9.js                                                              1.13 kB │ gzip:     0.60 kB
dist/assets/v4/AvatarSizeToken-BuwAzE9o.js                                                      1.13 kB │ gzip:     0.50 kB
dist/assets/v4/RequireOxyAuth-CY8eUdZ-.js                                                       1.13 kB │ gzip:     0.56 kB
dist/assets/v4/Search-CKMLvBdO.js                                                               1.13 kB │ gzip:     0.52 kB
dist/assets/v4/useImageResolver-lqDiBEvO.js                                                     1.13 kB │ gzip:     0.48 kB
dist/assets/v4/FollowVerb-CkG5EjgM.js                                                           1.13 kB │ gzip:     0.57 kB
dist/assets/v4/Checkbox-DjPcTtp7.js                                                             1.13 kB │ gzip:     0.60 kB
dist/assets/v4/FabVariant-CKsW0l4E.js                                                           1.13 kB │ gzip:     0.55 kB
dist/assets/v4/isValidDate-Er0jD7Lz.js                                                          1.13 kB │ gzip:     0.48 kB
dist/assets/v4/schemas-B_UsIMan.js                                                              1.13 kB │ gzip:     0.49 kB
dist/assets/v4/ContextMenuContent-KWtFGrmn.js                                                   1.14 kB │ gzip:     0.49 kB
dist/assets/v4/LabelProps-CdfKdhLy.js                                                           1.14 kB │ gzip:     0.54 kB
dist/assets/v4/ChartIconComponent-BuKjxKR4.js                                                   1.14 kB │ gzip:     0.50 kB
dist/assets/v4/RemoveNodeResult-k0-biPRo.js                                                     1.14 kB │ gzip:     0.54 kB
dist/assets/v4/useTemplateCopy-193hFhCi.js                                                      1.14 kB │ gzip:     0.50 kB
dist/assets/v4/CardRadius-DZ2zPwXu.js                                                           1.14 kB │ gzip:     0.60 kB
dist/assets/v4/ScreenFocusEffect-BMfGS757.js                                                    1.14 kB │ gzip:     0.49 kB
dist/assets/v4/Dialog-CVahRQKi.js                                                               1.14 kB │ gzip:     0.68 kB
dist/assets/v4/DropdownMenuContent-3rfaqQHG.js                                                  1.14 kB │ gzip:     0.49 kB
dist/assets/v4/DropdownMenuTrigger-DsHsYtsb.js                                                  1.14 kB │ gzip:     0.49 kB
dist/assets/v4/dependencies-I6R0HvnN.js                                                         1.14 kB │ gzip:     0.60 kB
dist/assets/v4/dependencies-tlPm9QaQ.js                                                         1.14 kB │ gzip:     0.60 kB
dist/assets/v4/isRequiredNumber-CHg4SkKA.js                                                     1.14 kB │ gzip:     0.48 kB
dist/assets/v4/isRequiredString-BU6Zw4Bm.js                                                     1.14 kB │ gzip:     0.48 kB
dist/assets/v4/Accordion-BViGeVeO.js                                                            1.14 kB │ gzip:     0.60 kB
dist/assets/v4/UpdateApplicationInput-BlKM8FKj.js                                               1.14 kB │ gzip:     0.42 kB
dist/assets/v4/buildQueryParams-D9bHfNSd.js                                                     1.14 kB │ gzip:     0.65 kB
dist/assets/v4/createWebAuthStateStore-DuvKMBbV.js                                              1.14 kB │ gzip:     0.57 kB
dist/assets/v4/AiProfileCardPeriod-sxdo2vV8.js                                                  1.14 kB │ gzip:     0.49 kB
dist/assets/v4/OxyAccountPickerProps-hTRU6IqA.js                                                1.14 kB │ gzip:     0.58 kB
dist/assets/v4/UseStorageResult-CBrGeTmu.js                                                     1.14 kB │ gzip:     0.48 kB
dist/assets/v4/getPlatformOS-C89puZG7.js                                                        1.14 kB │ gzip:     0.52 kB
dist/assets/v4/isRequiredBoolean-DZXzMTd3.js                                                    1.14 kB │ gzip:     0.48 kB
dist/assets/v4/SelectValueProps-CZHLtH1O.js                                                     1.14 kB │ gzip:     0.58 kB
dist/assets/v4/AccountMemberSource-DKyRzA0O.js                                                  1.15 kB │ gzip:     0.53 kB
dist/assets/v4/HeatmapChartCard-Bh-F2AQk.js                                                     1.15 kB │ gzip:     0.68 kB
dist/assets/v4/isValidPassword-BSZOPD2g.js                                                      1.15 kB │ gzip:     0.48 kB
dist/assets/v4/ChartRangeOption-ChAsT6cY.js                                                     1.15 kB │ gzip:     0.50 kB
dist/assets/v4/PRESS_LAYER_ALPHA-gqOAatYj.js                                                    1.15 kB │ gzip:     0.57 kB
dist/assets/v4/buildMoveQrPayload-CpJWCHyE.js                                                   1.15 kB │ gzip:     0.49 kB
dist/assets/v4/decideSharedDevicePublish-CD3nWGRx.js                                            1.15 kB │ gzip:     0.55 kB
dist/assets/v4/ButtonIconComponent-DcCOSoO9.js                                                  1.15 kB │ gzip:     0.49 kB
dist/assets/v4/PolarSurfaceProps-CysYuZuu.js                                                    1.15 kB │ gzip:     0.56 kB
dist/assets/v4/ClearableUserField-CIp0SwK9.js                                                   1.15 kB │ gzip:     0.55 kB
dist/assets/v4/HeatmapRow-CbID0M-Q.js                                                           1.15 kB │ gzip:     0.50 kB
dist/assets/v4/ComboRange-DO5Wi0Pn.js                                                           1.15 kB │ gzip:     0.50 kB
dist/assets/v4/OxyOAuthCallbackProps-DbvjRG-m.js                                                1.15 kB │ gzip:     0.55 kB
dist/assets/v4/SharedDeviceJoinSkipReason-C1ViwwmE.js                                           1.15 kB │ gzip:     0.53 kB
dist/assets/v4/ErrorBoundaryProps-cwzYwv2h.js                                                   1.16 kB │ gzip:     0.57 kB
dist/assets/v4/FollowDuration-Dsdfwpe3.js                                                       1.16 kB │ gzip:     0.50 kB
dist/assets/v4/StartWebOAuthSignInOptions-CmQJ5VGF.js                                           1.16 kB │ gzip:     0.65 kB
dist/assets/v4/WebIdentityRecoveryMaterial-Dd7E2e22.js                                          1.16 kB │ gzip:     0.49 kB
dist/assets/v4/Icons.RiBold-wI1cXX7c.js                                                         1.16 kB │ gzip:     0.50 kB
dist/assets/v4/Icons.RiHand-CKkFrrSd.js                                                         1.16 kB │ gzip:     0.50 kB
dist/assets/v4/Icons.RiLink-DT02lDKt.js                                                         1.16 kB │ gzip:     0.50 kB
dist/assets/v4/PatientInfoCardIcon-T4WCSRNy.js                                                  1.16 kB │ gzip:     0.53 kB
dist/assets/v4/generateOAuthState-Cu3159AB.js                                                   1.16 kB │ gzip:     0.53 kB
dist/assets/v4/LOOKS-CSepJP2Y.js                                                                1.16 kB │ gzip:     0.45 kB
dist/assets/v4/ComposerPillLabels-B3PpzQju.js                                                   1.16 kB │ gzip:     0.39 kB
dist/assets/v4/EDGE_GAP-XgUYSXa5.js                                                             1.16 kB │ gzip:     0.60 kB
dist/assets/v4/TopicTranslation-EdFyAzjv.js                                                     1.16 kB │ gzip:     0.49 kB
dist/assets/v4/LinkButton-BurgGCPD.js                                                           1.16 kB │ gzip:     0.55 kB
dist/assets/v4/OxyAuthScreenHeaderProps-msvf6--b.js                                             1.16 kB │ gzip:     0.50 kB
dist/assets/v4/CheckboxCardProps-DRopxVxN.js                                                    1.16 kB │ gzip:     0.50 kB
dist/assets/v4/Code.CodeToken-F-6CKejT.js                                                       1.16 kB │ gzip:     0.51 kB
dist/assets/v4/ColorEngine.hexFromArgb-CFThoHY-.js                                              1.16 kB │ gzip:     0.49 kB
dist/assets/v4/Icons.RiLinkM-DutfnthJ.js                                                        1.16 kB │ gzip:     0.50 kB
dist/assets/v4/preloadImage-D6QPee9P.js                                                         1.16 kB │ gzip:     0.49 kB
dist/assets/v4/AgentCreatorProps-CbmhRBc9.js                                                    1.16 kB │ gzip:     0.46 kB
dist/assets/v4/ImageAspectRatio.getAspectRatio-BrPl9rpW.js                                      1.16 kB │ gzip:     0.48 kB
dist/assets/v4/OVERLAY_STACK_MAX_RANK-Bb0g9XSK.js                                               1.16 kB │ gzip:     0.62 kB
dist/assets/v4/SegmentedControl-sLIYSSbn.js                                                     1.16 kB │ gzip:     0.53 kB
dist/assets/v4/SharedDevicePublishSkipReason-BMGGI-M3.js                                        1.16 kB │ gzip:     0.54 kB
dist/assets/v4/Icons.RiItalic-TWmtsYv8.js                                                       1.17 kB │ gzip:     0.50 kB
dist/assets/v4/SidebarIcon--9K-1UCx.js                                                          1.17 kB │ gzip:     0.48 kB
dist/assets/v4/FieldProps-D_PXfKmj.js                                                           1.17 kB │ gzip:     0.52 kB
dist/assets/v4/Icons.RiCarLine-Bkf1O7Sf.js                                                      1.17 kB │ gzip:     0.50 kB
dist/assets/v4/SidebarAvatarColor-Da1zzWnA.js                                                   1.17 kB │ gzip:     0.50 kB
dist/assets/v4/WebSearchSource-BkbTgm7O.js                                                      1.17 kB │ gzip:     0.63 kB
dist/assets/v4/Icons.RiAtLine-DnJ_6HfV.js                                                       1.17 kB │ gzip:     0.50 kB
dist/assets/v4/ThemeGradient-CSCbvJ4a.js                                                        1.17 kB │ gzip:     0.56 kB
dist/assets/v4/useSettingsSavedToast-B0yaQvWe.js                                                1.17 kB │ gzip:     0.56 kB
dist/assets/v4/Icons.RiHashtag-DKjvj7dC.js                                                      1.17 kB │ gzip:     0.50 kB
dist/assets/v4/patient-info-card-BPL5kDsp.js                                                    1.17 kB │ gzip:     0.51 kB
dist/assets/v4/useInteractionStates-BGeOJsPI.js                                                 1.17 kB │ gzip:     0.40 kB
dist/assets/v4/Icons.RiAddFill-CpgSGWu3.js                                                      1.17 kB │ gzip:     0.50 kB
dist/assets/v4/Icons.RiAddLine-B7oaVnII.js                                                      1.17 kB │ gzip:     0.50 kB
dist/assets/v4/Icons.RiEyeLine-BCKfapTU.js                                                      1.17 kB │ gzip:     0.50 kB
dist/assets/v4/Icons.RiMacLine-Ierg7yqc.js                                                      1.17 kB │ gzip:     0.50 kB
dist/assets/v4/Icons.RiRssFill-DfE6m3rv.js                                                      1.17 kB │ gzip:     0.50 kB
dist/assets/v4/SUPPORTED_LANGUAGES-CQSCMiau.js                                                  1.17 kB │ gzip:     0.61 kB
dist/assets/v4/Icons.RiSunLine-DsMpap8E.js                                                      1.17 kB │ gzip:     0.50 kB
dist/assets/v4/Icons.RiWalkLine-BQRyyUqf.js                                                     1.17 kB │ gzip:     0.50 kB
dist/assets/v4/RadioCardProps-DytGvTP5.js                                                       1.17 kB │ gzip:     0.52 kB
dist/assets/v4/ContributionsCard-CODH4m2g.js                                                    1.17 kB │ gzip:     0.62 kB
dist/assets/v4/surface-B1o5Lci6.js                                                              1.17 kB │ gzip:     0.59 kB
dist/assets/v4/AccentFill-C8qQ5Xip.js                                                           1.17 kB │ gzip:     0.55 kB
dist/assets/v4/EarningsRange-BvFaGdF4.js                                                        1.17 kB │ gzip:     0.51 kB
dist/assets/v4/Icons.RiAsterisk-B5FUJ5zA.js                                                     1.17 kB │ gzip:     0.50 kB
dist/assets/v4/Icons.RiFilmLine-D4UF74tH.js                                                     1.17 kB │ gzip:     0.51 kB
dist/assets/v4/Icons.RiLiveLine-D8yagZ-U.js                                                     1.17 kB │ gzip:     0.51 kB
dist/assets/v4/Icons.RiMetaFill-DSq25joU.js                                                     1.17 kB │ gzip:     0.50 kB
dist/assets/v4/Icons.RiPlayFill-v2D7OhJW.js                                                     1.17 kB │ gzip:     0.51 kB
dist/assets/v4/Icons.RiPlayLine-OuiZovdn.js                                                     1.17 kB │ gzip:     0.51 kB
dist/assets/v4/Icons.RiStopFill-DCL8WaVd.js                                                     1.17 kB │ gzip:     0.50 kB
dist/assets/v4/Icons.RiCropLine-BxeEwyzk.js                                                     1.17 kB │ gzip:     0.51 kB
dist/assets/v4/Icons.RiDropLine-DHBqbydp.js                                                     1.17 kB │ gzip:     0.50 kB
dist/assets/v4/Icons.RiEditLine-BxoUHCXU.js                                                     1.17 kB │ gzip:     0.51 kB
dist/assets/v4/Icons.RiFontSize-DdnzZZqH.js                                                     1.17 kB │ gzip:     0.50 kB
dist/assets/v4/Icons.RiLeafLine-wqtZSjKA.js                                                     1.17 kB │ gzip:     0.50 kB
dist/assets/v4/Icons.RiLockLine-BCSgu5Ts.js                                                     1.17 kB │ gzip:     0.51 kB
dist/assets/v4/Icons.RiMenuLine-CzHm2_33.js                                                     1.17 kB │ gzip:     0.51 kB
dist/assets/v4/Icons.RiMic2Line-CU-exmH1.js                                                     1.17 kB │ gzip:     0.51 kB
dist/assets/v4/Icons.RiMoreFill-CxnP28zs.js                                                     1.17 kB │ gzip:     0.51 kB
dist/assets/v4/Icons.RiNodeTree-Cvnk16Vc.js                                                     1.17 kB │ gzip:     0.50 kB
dist/assets/v4/Icons.RiPlugLine-DNy6WWL0.js                                                     1.17 kB │ gzip:     0.51 kB
dist/assets/v4/Icons.RiSaveLine-C0F3m5wO.js                                                     1.17 kB │ gzip:     0.51 kB
dist/assets/v4/Icons.RiSortDesc-BjR1UjfO.js                                                     1.17 kB │ gzip:     0.50 kB
dist/assets/v4/Icons.RiStarFill-Do8ZmRm1.js                                                     1.17 kB │ gzip:     0.50 kB
dist/assets/v4/Icons.RiStarLine-rifGcIMl.js                                                     1.17 kB │ gzip:     0.50 kB
dist/assets/v4/Icons.RiTimeLine-q0rSgxS7.js                                                     1.17 kB │ gzip:     0.50 kB
dist/assets/v4/SidebarVariant-CBmZxI6r.js                                                       1.17 kB │ gzip:     0.58 kB
dist/assets/v4/Typography.P-rBjI4i10.js                                                         1.17 kB │ gzip:     0.52 kB
dist/assets/v4/useOxySnapshot-BeWLk0e-.js                                                       1.17 kB │ gzip:     0.52 kB
dist/assets/v4/Icons.RiBox3Line-L63DiCug.js                                                     1.18 kB │ gzip:     0.51 kB
dist/assets/v4/Icons.RiEarthLine-Dbbjk7b-.js                                                    1.18 kB │ gzip:     0.50 kB
dist/assets/v4/Icons.RiFireLine-DCAfOrV-.js                                                     1.18 kB │ gzip:     0.51 kB
dist/assets/v4/Icons.RiGiftFill-C4E9X0lK.js                                                     1.18 kB │ gzip:     0.51 kB
dist/assets/v4/Icons.RiGiftLine-CHpTPZ-N.js                                                     1.18 kB │ gzip:     0.51 kB
dist/assets/v4/Icons.RiGuideLine-bjX-nPuq.js                                                    1.18 kB │ gzip:     0.51 kB
dist/assets/v4/Icons.RiKey2Line-FM0oELVm.js                                                     1.18 kB │ gzip:     0.51 kB
dist/assets/v4/Icons.RiMoonLine-Duk7_c6n.js                                                     1.18 kB │ gzip:     0.51 kB
dist/assets/v4/Icons.RiRouteLine-y0mVUh2g.js                                                    1.18 kB │ gzip:     0.50 kB
dist/assets/v4/PeableButton-BwGf5H6Z.js                                                         1.18 kB │ gzip:     0.58 kB
dist/assets/v4/RefreshDeps-yz-rdXIe.js                                                          1.18 kB │ gzip:     0.65 kB
dist/assets/v4/Icons.RiFlagLine-9GlPCeUQ.js                                                     1.18 kB │ gzip:     0.51 kB
dist/assets/v4/Icons.RiMailFill-Cjk5hQv1.js                                                     1.18 kB │ gzip:     0.51 kB
dist/assets/v4/Icons.RiMailLine-CY__vP2u.js                                                     1.18 kB │ gzip:     0.51 kB
dist/assets/v4/Icons.RiMenLine-DuAXMMPe.js                                                      1.18 kB │ gzip:     0.51 kB
dist/assets/v4/OXY_OAUTH_RETURN_PATH_STORAGE_KEY-CwC1pMOe.js                                    1.18 kB │ gzip:     0.57 kB
dist/assets/v4/ScatterActivePoint-tQU0BYel.js                                                   1.18 kB │ gzip:     0.50 kB
dist/assets/v4/Icons.RiAppleFill-Bb4dPN34.js                                                    1.18 kB │ gzip:     0.51 kB
dist/assets/v4/Icons.RiAppleLine-5VlZ2--h.js                                                    1.18 kB │ gzip:     0.51 kB
dist/assets/v4/Icons.RiBankLine-CJOAmrs9.js                                                     1.18 kB │ gzip:     0.51 kB
dist/assets/v4/Icons.RiCake2Line-BDWvQYkH.js                                                    1.18 kB │ gzip:     0.51 kB
dist/assets/v4/Icons.RiDraggable-B1ju4PpJ.js                                                    1.18 kB │ gzip:     0.50 kB
dist/assets/v4/Icons.RiHomeFill-CmrjmPAp.js                                                     1.18 kB │ gzip:     0.51 kB
dist/assets/v4/Icons.RiHomeLine-Be1yTRBJ.js                                                     1.18 kB │ gzip:     0.51 kB
dist/assets/v4/Icons.RiImageLine-DPLllBfw.js                                                    1.18 kB │ gzip:     0.51 kB
dist/assets/v4/Icons.RiPauseFill-D2TY8mYD.js                                                    1.18 kB │ gzip:     0.51 kB
dist/assets/v4/Icons.RiPauseLine-CDC-LXsU.js                                                    1.18 kB │ gzip:     0.51 kB
dist/assets/v4/Icons.RiVideoLine-CW95OsI9.js                                                    1.18 kB │ gzip:     0.51 kB
dist/assets/v4/SettingsTextFieldProps-Cqf-pV_1.js                                               1.18 kB │ gzip:     0.53 kB
dist/assets/v4/Icons.RiAlertFill-DLENDocK.js                                                    1.18 kB │ gzip:     0.51 kB
dist/assets/v4/Icons.RiAlertLine-DK6L7N7E.js                                                    1.18 kB │ gzip:     0.51 kB
dist/assets/v4/Icons.RiCheckFill-BkRVJoxc.js                                                    1.18 kB │ gzip:     0.51 kB
dist/assets/v4/Icons.RiCheckLine-C9XvyCbp.js                                                    1.18 kB │ gzip:     0.51 kB
dist/assets/v4/Icons.RiCloseLine-Bs1pVf3s.js                                                    1.18 kB │ gzip:     0.51 kB
dist/assets/v4/Icons.RiCodeBlock-Cs9cDYJD.js                                                    1.18 kB │ gzip:     0.50 kB
dist/assets/v4/Icons.RiPhoneLine-KfvSwQpp.js                                                    1.18 kB │ gzip:     0.51 kB
dist/assets/v4/Icons.RiToolsFill-BXG8vxml.js                                                    1.18 kB │ gzip:     0.51 kB
dist/assets/v4/TooltipTrigger-MuqxtuaU.js                                                       1.18 kB │ gzip:     0.49 kB
dist/assets/v4/Icons.RiCoinsFill-Ca5l7vvk.js                                                    1.18 kB │ gzip:     0.51 kB
dist/assets/v4/Icons.RiCoinsLine-DLBSq6se.js                                                    1.18 kB │ gzip:     0.51 kB
dist/assets/v4/Icons.RiFontSize2-h-l9_Jne.js                                                    1.18 kB │ gzip:     0.51 kB
dist/assets/v4/Icons.RiMore2Fill-TjpnY8je.js                                                    1.18 kB │ gzip:     0.51 kB
dist/assets/v4/Icons.RiMore2Line-D8fAG8c8.js                                                    1.18 kB │ gzip:     0.51 kB
dist/assets/v4/Icons.RiStockLine-aEY5XfH6.js                                                    1.18 kB │ gzip:     0.51 kB
dist/assets/v4/NotificationIconComponent-B72EQ14f.js                                            1.18 kB │ gzip:     0.51 kB
dist/assets/v4/SharedDeviceCredentialStore-CsTpnOWB.js                                          1.18 kB │ gzip:     0.54 kB
dist/assets/v4/AlertDialog-BkDySn_S.js                                                          1.18 kB │ gzip:     0.59 kB
dist/assets/v4/Icons.RiMapPinFill-BimtjjK3.js                                                   1.18 kB │ gzip:     0.51 kB
dist/assets/v4/Icons.RiMapPinLine-CtfL9KhW.js                                                   1.18 kB │ gzip:     0.51 kB
dist/assets/v4/Icons.RiTeamLine-BXtIO-JH.js                                                     1.18 kB │ gzip:     0.51 kB
dist/assets/v4/Icons.RiUserFill-ake0bRZ3.js                                                     1.18 kB │ gzip:     0.51 kB
dist/assets/v4/Icons.RiUserLine-L8AZDmcf.js                                                     1.18 kB │ gzip:     0.51 kB
dist/assets/v4/SurfaceConfirmOptions-D1oRZerB.js                                                1.18 kB │ gzip:     0.51 kB
dist/assets/v4/generateWebIdentity-CwKOJIUv.js                                                  1.18 kB │ gzip:     0.52 kB
dist/assets/v4/runColdBoot-DrxAHNVk.js                                                          1.18 kB │ gzip:     0.54 kB
dist/assets/v4/AgentCreator-C9FH1zvw.js                                                         1.18 kB │ gzip:     0.51 kB
dist/assets/v4/Icons.RiCameraFill-Csqxk-ik.js                                                   1.18 kB │ gzip:     0.51 kB
dist/assets/v4/Icons.RiCameraLine-7O7YzWhe.js                                                   1.18 kB │ gzip:     0.51 kB
dist/assets/v4/Icons.RiGoogleFill-CKHBZ4Et.js                                                   1.18 kB │ gzip:     0.51 kB
dist/assets/v4/Icons.RiRepeatLine-BvrJdU4n.js                                                   1.18 kB │ gzip:     0.51 kB
dist/assets/v4/ProjectBoard-B6WPes_a.js                                                         1.18 kB │ gzip:     0.51 kB
dist/assets/v4/StatCardsIcon-Bk5PlLKs.js                                                        1.18 kB │ gzip:     0.52 kB
dist/assets/v4/useOxyRuntime-BkcZy4GV.js                                                        1.18 kB │ gzip:     0.52 kB
dist/assets/v4/AgentThinkingTone-gtK5suK2.js                                                    1.18 kB │ gzip:     0.51 kB
dist/assets/v4/Icons.RiFilterLine-BMGueiQb.js                                                   1.18 kB │ gzip:     0.51 kB
dist/assets/v4/Icons.RiFlowerLine-BLIHJYpp.js                                                   1.18 kB │ gzip:     0.51 kB
dist/assets/v4/Icons.RiForbidLine-ClnpihV-.js                                                   1.18 kB │ gzip:     0.51 kB
dist/assets/v4/Icons.RiHome4Line-Dc-sMC2L.js                                                    1.18 kB │ gzip:     0.51 kB
dist/assets/v4/Icons.RiHome5Fill-WwRn4isB.js                                                    1.18 kB │ gzip:     0.51 kB
dist/assets/v4/Icons.RiHome5Line-C48scAM6.js                                                    1.18 kB │ gzip:     0.51 kB
dist/assets/v4/Icons.RiMusic2Line-DbunMrTP.js                                                   1.18 kB │ gzip:     0.51 kB
dist/assets/v4/Icons.RiSearchFill-DSJP9mFg.js                                                   1.18 kB │ gzip:     0.51 kB
dist/assets/v4/Icons.RiSearchLine-CQmlZw2m.js                                                   1.18 kB │ gzip:     0.51 kB
dist/assets/v4/Icons.RiShapesLine-BaPaJxQB.js                                                   1.18 kB │ gzip:     0.51 kB
dist/assets/v4/Icons.RiShieldLine-D-1GnuNJ.js                                                   1.18 kB │ gzip:     0.51 kB
dist/assets/v4/Icons.RiTabletLine-CiD3c4M0.js                                                   1.18 kB │ gzip:     0.51 kB
dist/assets/v4/Icons.RiUploadLine-Ctcl2mbq.js                                                   1.18 kB │ gzip:     0.51 kB
dist/assets/v4/Icons.RiWrenchLine-BIDA8NcA.js                                                   1.18 kB │ gzip:     0.51 kB
dist/assets/v4/Select-1-DDoRCQVm.js                                                             1.18 kB │ gzip:     0.51 kB
dist/assets/v4/Table-YR7N7XPg.js                                                                1.18 kB │ gzip:     0.51 kB
dist/assets/v4/TailwindPreset-CTlu4rSm.js                                                       1.18 kB │ gzip:     0.51 kB
dist/assets/v4/wipeBytes-C50mt_dz.js                                                            1.18 kB │ gzip:     0.53 kB
dist/assets/v4/Icons.RiEyeOffLine-DK6Dy1RQ.js                                                   1.18 kB │ gzip:     0.51 kB
dist/assets/v4/Icons.RiFocus3Line-Dj_irL65.js                                                   1.18 kB │ gzip:     0.51 kB
dist/assets/v4/Icons.RiListCheck3-DerWpPSq.js                                                   1.18 kB │ gzip:     0.51 kB
dist/assets/v4/Icons.RiPushpinFill-D5ABM9yW.js                                                  1.18 kB │ gzip:     0.51 kB
dist/assets/v4/Icons.RiPushpinLine-uw_0twm7.js                                                  1.18 kB │ gzip:     0.51 kB
dist/assets/v4/Icons.RiQrCodeLine-9hMmbh4V.js                                                   1.18 kB │ gzip:     0.51 kB
dist/assets/v4/Icons.RiShare2Line-CkeI9PFk.js                                                   1.18 kB │ gzip:     0.51 kB
dist/assets/v4/Icons.RiTicketLine-2GajCaTn.js                                                   1.18 kB │ gzip:     0.51 kB
dist/assets/v4/ImportantAlertsCardIcon--U3jzCNC.js                                              1.18 kB │ gzip:     0.53 kB
dist/assets/v4/AnnouncementIconComponent-5y_tixsF.js                                            1.18 kB │ gzip:     0.51 kB
dist/assets/v4/Icons.RiAtomLine-DMezs6_z.js                                                     1.18 kB │ gzip:     0.51 kB
dist/assets/v4/Icons.RiCodeSLine-Cl6jVmyD.js                                                    1.18 kB │ gzip:     0.51 kB
dist/assets/v4/Icons.RiFolderLine-6Q3rbPPn.js                                                   1.18 kB │ gzip:     0.51 kB
dist/assets/v4/Icons.RiGlobalLine-ClbVD0fK.js                                                   1.18 kB │ gzip:     0.51 kB
dist/assets/v4/Icons.RiGroupFill-DhXPUBQt.js                                                    1.18 kB │ gzip:     0.51 kB
dist/assets/v4/Icons.RiGroupLine-CeDuPIA_.js                                                    1.18 kB │ gzip:     0.51 kB
dist/assets/v4/Icons.RiWindowLine-BMG73DHd.js                                                   1.18 kB │ gzip:     0.51 kB
dist/assets/v4/ScatterChartCard-DG91pxyR.js                                                     1.18 kB │ gzip:     0.71 kB
dist/assets/v4/normalizeMnemonic-DURBLMSP.js                                                    1.18 kB │ gzip:     0.50 kB
dist/assets/v4/Icons.RiAndroidFill-Ro212Xnt.js                                                  1.19 kB │ gzip:     0.51 kB
dist/assets/v4/Icons.RiBlueskyFill-DXN0kp08.js                                                  1.19 kB │ gzip:     0.51 kB
dist/assets/v4/Icons.RiGalleryLine-TDKZVQp_.js                                                  1.19 kB │ gzip:     0.51 kB
dist/assets/v4/Icons.RiInbox2Line-CW44qez-.js                                                   1.19 kB │ gzip:     0.51 kB
dist/assets/v4/Icons.RiSchoolLine-Yt-eG9Kf.js                                                   1.19 kB │ gzip:     0.51 kB
dist/assets/v4/Icons.RiAttachment2-CQ40cPOK.js                                                  1.19 kB │ gzip:     0.50 kB
dist/assets/v4/Icons.RiChat3Fill-bhjqbgV1.js                                                    1.19 kB │ gzip:     0.51 kB
dist/assets/v4/Icons.RiChat3Line-CTHShp2K.js                                                    1.19 kB │ gzip:     0.51 kB
dist/assets/v4/Icons.RiChat4Fill-BwUg3jS1.js                                                    1.19 kB │ gzip:     0.51 kB
dist/assets/v4/Icons.RiChat4Line-BamBwP0X.js                                                    1.19 kB │ gzip:     0.51 kB
dist/assets/v4/Icons.RiGamepadLine-BFuaol9l.js                                                  1.19 kB │ gzip:     0.51 kB
dist/assets/v4/Icons.RiImageAiLine-CbkH_WrQ.js                                                  1.19 kB │ gzip:     0.51 kB
dist/assets/v4/Icons.RiPaletteLine-B180-ljh.js                                                  1.19 kB │ gzip:     0.51 kB
dist/assets/v4/Icons.RiRefreshLine-BRHbYyKO.js                                                  1.19 kB │ gzip:     0.51 kB
dist/assets/v4/Icons.RiRepeat2Line-CFNKmj-o.js                                                  1.19 kB │ gzip:     0.51 kB
dist/assets/v4/Icons.RiSpeedUpFill-DTAfCvy6.js                                                  1.19 kB │ gzip:     0.51 kB
dist/assets/v4/Icons.RiSpeedUpLine-AVpXg7dz.js                                                  1.19 kB │ gzip:     0.51 kB
dist/assets/v4/NotificationStatus-L6zS2wXx.js                                                   1.19 kB │ gzip:     0.51 kB
dist/assets/v4/isOfficialWebOrigin-BIUGV7oL.js                                                  1.19 kB │ gzip:     0.51 kB
dist/assets/v4/AccountStorageUsageResponse-BfQyXx-2.js                                          1.19 kB │ gzip:     0.33 kB
dist/assets/v4/Icons.RiArrowUpLine-DMVm2s6P.js                                                  1.19 kB │ gzip:     0.51 kB
dist/assets/v4/Icons.RiBrushAiLine-CMaRYDPj.js                                                  1.19 kB │ gzip:     0.51 kB
dist/assets/v4/Icons.RiCursorLine-DCbNkoVH.js                                                   1.19 kB │ gzip:     0.51 kB
dist/assets/v4/Icons.RiEditBoxLine-C7lCIEwK.js                                                  1.19 kB │ gzip:     0.51 kB
dist/assets/v4/Icons.RiFilter3Fill-C67h6I8G.js                                                  1.19 kB │ gzip:     0.51 kB
dist/assets/v4/Icons.RiKanbanView2-CGwQuHzk.js                                                  1.19 kB │ gzip:     0.51 kB
dist/assets/v4/Icons.RiLoader4Line-CsHkWOMr.js                                                  1.19 kB │ gzip:     0.51 kB
dist/assets/v4/Icons.RiShiningLine-BvJKJ4Zu.js                                                  1.19 kB │ gzip:     0.51 kB
dist/assets/v4/Icons.RiSideBarFill-Dcidyu5T.js                                                  1.19 kB │ gzip:     0.51 kB
dist/assets/v4/Icons.RiSideBarLine-CG_HbYq4.js                                                  1.19 kB │ gzip:     0.51 kB
dist/assets/v4/Icons.RiThumbUpLine-CKuy5KoW.js                                                  1.19 kB │ gzip:     0.51 kB
dist/assets/v4/Icons.RiUpload2Line-DR_2PD1E.js                                                  1.19 kB │ gzip:     0.51 kB
dist/assets/v4/PageShell-B65Xdn_E.js                                                            1.19 kB │ gzip:     0.68 kB
dist/assets/v4/Popover-BTJmsDF3.js                                                              1.19 kB │ gzip:     0.51 kB
dist/assets/v4/Icons.RiAliensLine-DP2Qnrkp.js                                                   1.19 kB │ gzip:     0.51 kB
dist/assets/v4/Icons.RiArchiveLine-DLVY7bbA.js                                                  1.19 kB │ gzip:     0.51 kB
dist/assets/v4/Icons.RiFlaskLine-6X6Enyim.js                                                    1.19 kB │ gzip:     0.51 kB
dist/assets/v4/Icons.RiHeartFill-BzrzQlLa.js                                                    1.19 kB │ gzip:     0.51 kB
dist/assets/v4/Icons.RiHeartLine-B3C_U75G.js                                                    1.19 kB │ gzip:     0.51 kB
dist/assets/v4/Icons.RiHotelBedLine-CbI_hS7J.js                                                 1.19 kB │ gzip:     0.51 kB
dist/assets/v4/Icons.RiLungsFill-BqiKUw8r.js                                                    1.19 kB │ gzip:     0.51 kB
dist/assets/v4/Icons.RiPrinterLine-CuFBBhWk.js                                                  1.19 kB │ gzip:     0.51 kB
dist/assets/v4/Icons.RiPulseLine-DLAAoSXr.js                                                    1.19 kB │ gzip:     0.51 kB
dist/assets/v4/Icons.RiRefund2Fill-Dvqn73OF.js                                                  1.19 kB │ gzip:     0.51 kB
dist/assets/v4/Icons.RiWallet3Line-hJk4_flh.js                                                  1.19 kB │ gzip:     0.51 kB
dist/assets/v4/Icons.RiFileGifLine-C88SChdm.js                                                  1.19 kB │ gzip:     0.51 kB
dist/assets/v4/Icons.RiFolder2Line-DMn84_d8.js                                                  1.19 kB │ gzip:     0.51 kB
dist/assets/v4/Icons.RiFolder3Line-CFwDIvdD.js                                                  1.19 kB │ gzip:     0.51 kB
dist/assets/v4/Icons.RiFolder6Line-CHaoVC0X.js                                                  1.19 kB │ gzip:     0.51 kB
dist/assets/v4/Icons.RiRobot2Fill-C04f2g7F.js                                                   1.19 kB │ gzip:     0.51 kB
dist/assets/v4/Icons.RiRobot2Line-PqaucUU3.js                                                   1.19 kB │ gzip:     0.51 kB
dist/assets/v4/announcement-CbsKn-85.js                                                         1.19 kB │ gzip:     0.53 kB
dist/assets/v4/AuthLayout-i35ufuBC.js                                                           1.19 kB │ gzip:     0.56 kB
dist/assets/v4/Icons.RiChatAiLine-B-3KL_iz.js                                                   1.19 kB │ gzip:     0.51 kB
dist/assets/v4/Icons.RiComputerLine-DTvFvgdZ.js                                                 1.19 kB │ gzip:     0.51 kB
dist/assets/v4/Icons.RiDownloadLine-Z08Iiktq.js                                                 1.19 kB │ gzip:     0.51 kB
dist/assets/v4/Icons.RiImageAddLine-DE5V4pd6.js                                                 1.19 kB │ gzip:     0.51 kB
dist/assets/v4/Icons.RiInfinityLine-rnDFWxCu.js                                                 1.19 kB │ gzip:     0.51 kB
dist/assets/v4/Icons.RiQuestionLine-DSn6laGk.js                                                 1.19 kB │ gzip:     0.51 kB
dist/assets/v4/Icons.RiSeedlingLine-BbKVIE1h.js                                                 1.19 kB │ gzip:     0.51 kB
dist/assets/v4/Icons.RiSettingsLine-DkFrLY3V.js                                                 1.19 kB │ gzip:     0.51 kB
dist/assets/v4/Icons.RiTwitterXFill-CA0lke4p.js                                                 1.19 kB │ gzip:     0.51 kB
dist/assets/v4/Icons.RiVolumeUpLine-CdW_0T8i.js                                                 1.19 kB │ gzip:     0.51 kB
dist/assets/v4/Icons.RiLoginBoxLine-CItRGCCY.js                                                 1.19 kB │ gzip:     0.51 kB
dist/assets/v4/MultiAgentChat-CKuuZOHy.js                                                       1.19 kB │ gzip:     0.52 kB
dist/assets/v4/SurfacePromptOptions-aFR66S7r.js                                                 1.19 kB │ gzip:     0.50 kB
dist/assets/v4/invalidateUserQueries-BaPO21lR.js                                                1.19 kB │ gzip:     0.50 kB
dist/assets/v4/useThemeColor-CMes4YTP.js                                                        1.19 kB │ gzip:     0.52 kB
dist/assets/v4/Icons.RiArrowUpSLine-DjrPmvs0.js                                                 1.19 kB │ gzip:     0.51 kB
dist/assets/v4/Icons.RiBankCardLine-BMKxLvai.js                                                 1.19 kB │ gzip:     0.52 kB
dist/assets/v4/Icons.RiBookmarkFill-CqBfk0VP.js                                                 1.19 kB │ gzip:     0.51 kB
dist/assets/v4/Icons.RiBookmarkLine-B6Lb2PCu.js                                                 1.19 kB │ gzip:     0.51 kB
dist/assets/v4/Icons.RiCalendarLine-CF0hmFhf.js                                                 1.19 kB │ gzip:     0.51 kB
dist/assets/v4/Icons.RiEmotionLine-BD-x4vd8.js                                                  1.19 kB │ gzip:     0.51 kB
dist/assets/v4/Icons.RiHandCoinLine-CgjY0zr2.js                                                 1.19 kB │ gzip:     0.52 kB
dist/assets/v4/Icons.RiSpaceShipLine-JPiWtCXr.js                                                1.19 kB │ gzip:     0.51 kB
dist/assets/v4/Icons.RiSunFoggyLine-DGqv56ae.js                                                 1.19 kB │ gzip:     0.51 kB
dist/assets/v4/Icons.RiVipCrownLine-DjC1vFjH.js                                                 1.19 kB │ gzip:     0.51 kB
dist/assets/v4/Menubar-Bd9PtqpU.js                                                              1.19 kB │ gzip:     0.52 kB
dist/assets/v4/ChipHue-jSA5S_CW.js                                                              1.19 kB │ gzip:     0.51 kB
dist/assets/v4/Icons.RiBookOpenLine-CL-zkuzl.js                                                 1.19 kB │ gzip:     0.51 kB
dist/assets/v4/Icons.RiBroadcastLine-pZhevaqd.js                                                1.19 kB │ gzip:     0.51 kB
dist/assets/v4/Icons.RiDiscussLine-DnAsF95A.js                                                  1.19 kB │ gzip:     0.51 kB
dist/assets/v4/Icons.RiEqualizerLine-DEldREb0.js                                                1.19 kB │ gzip:     0.51 kB
dist/assets/v4/Icons.RiFileCodeLine-C2ZrzNcq.js                                                 1.19 kB │ gzip:     0.51 kB
dist/assets/v4/Icons.RiFileCopyLine-Dsyy6Jya.js                                                 1.19 kB │ gzip:     0.52 kB
dist/assets/v4/Icons.RiFileTextLine-D0ykxvEo.js                                                 1.19 kB │ gzip:     0.51 kB
dist/assets/v4/Icons.RiMailOpenLine-5K4q-IlH.js                                                 1.19 kB │ gzip:     0.52 kB
dist/assets/v4/Icons.RiUserAddFill-v1GOLqaL.js                                                  1.19 kB │ gzip:     0.52 kB
dist/assets/v4/Icons.RiUserAddLine-B9-Q9U9-.js                                                  1.19 kB │ gzip:     0.52 kB
dist/assets/v4/Icons.RiDashboardLine-ro-Yw_l8.js                                                1.19 kB │ gzip:     0.51 kB
dist/assets/v4/Icons.RiLightbulbLine-Q75DytOs.js                                                1.19 kB │ gzip:     0.51 kB
dist/assets/v4/Icons.RiListUnordered-BC1hwA5z.js                                                1.19 kB │ gzip:     0.51 kB
dist/assets/v4/Icons.RiRectangleLine-CsqsYweR.js                                                1.19 kB │ gzip:     0.51 kB
dist/assets/v4/Icons.RiAddCircleLine-d1timSZ4.js                                                1.20 kB │ gzip:     0.51 kB
dist/assets/v4/Icons.RiArrowDownLine-CY9LEQMy.js                                                1.20 kB │ gzip:     0.51 kB
dist/assets/v4/Icons.RiArrowLeftLine-NcMGofiW.js                                                1.20 kB │ gzip:     0.51 kB
dist/assets/v4/Icons.RiDatabase2Line-VEFchxl0.js                                                1.20 kB │ gzip:     0.51 kB
dist/assets/v4/Icons.RiDeleteBinLine-CxYvMZSe.js                                                1.20 kB │ gzip:     0.51 kB
dist/assets/v4/Icons.RiDoubleQuotesL-GlwWVKjt.js                                                1.20 kB │ gzip:     0.51 kB
dist/assets/v4/Icons.RiDoubleQuotesR-JjH30FnP.js                                                1.20 kB │ gzip:     0.51 kB
dist/assets/v4/Icons.RiDownload2Line-Cf4oCH8b.js                                                1.20 kB │ gzip:     0.51 kB
dist/assets/v4/Icons.RiLoopRightLine-D3kSE2WB.js                                                1.20 kB │ gzip:     0.51 kB
dist/assets/v4/Icons.RiResetLeftLine-C1H9ykeZ.js                                                1.20 kB │ gzip:     0.51 kB
dist/assets/v4/Icons.RiSettings3Fill-DR1npA2s.js                                                1.20 kB │ gzip:     0.51 kB
dist/assets/v4/Icons.RiSettings3Line-DrpGTnyF.js                                                1.20 kB │ gzip:     0.51 kB
dist/assets/v4/Icons.RiSettings4Line-DKCNiNIT.js                                                1.20 kB │ gzip:     0.51 kB
dist/assets/v4/Icons.RiSettings6Line-BfAlOhrc.js                                                1.20 kB │ gzip:     0.51 kB
dist/assets/v4/Icons.RiSnowflakeLine-BeRqmpoT.js                                                1.20 kB │ gzip:     0.51 kB
dist/assets/v4/Icons.RiSparklingFill-DfrIsNDV.js                                                1.20 kB │ gzip:     0.51 kB
dist/assets/v4/Icons.RiSparklingLine-BWcOXUIy.js                                                1.20 kB │ gzip:     0.51 kB
dist/assets/v4/Icons.RiTerminalFill-CLJYteTi.js                                                 1.20 kB │ gzip:     0.51 kB
dist/assets/v4/Icons.RiThumbDownLine-BRVsUiqP.js                                                1.20 kB │ gzip:     0.51 kB
dist/assets/v4/Icons.RiCapsuleFill-B19-CvXx.js                                                  1.20 kB │ gzip:     0.52 kB
dist/assets/v4/Icons.RiClipboardLine-DZV4XXk9.js                                                1.20 kB │ gzip:     0.51 kB
dist/assets/v4/Icons.RiGitMergeLine-mGp8vLZd.js                                                 1.20 kB │ gzip:     0.51 kB
dist/assets/v4/Icons.RiHandHeartLine-jcDOZi8u.js                                                1.20 kB │ gzip:     0.51 kB
dist/assets/v4/Icons.RiMegaphoneLine-DhaSxVbG.js                                                1.20 kB │ gzip:     0.51 kB
dist/assets/v4/Icons.RiMoonClearFill-Bfo3C3y4.js                                                1.20 kB │ gzip:     0.51 kB
dist/assets/v4/Icons.RiNewspaperLine-ZGvCweA5.js                                                1.20 kB │ gzip:     0.51 kB
dist/assets/v4/Icons.RiRestaurantLine-5rfAP4JK.js                                               1.20 kB │ gzip:     0.51 kB
dist/assets/v4/SankeyActiveItem-CUMaRnAR.js                                                     1.20 kB │ gzip:     0.52 kB
dist/assets/v4/BatchFileAccessResponse-CgAVz276.js                                              1.20 kB │ gzip:     0.56 kB
dist/assets/v4/Calendar-BaOWMWih.js                                                             1.20 kB │ gzip:     0.52 kB
dist/assets/v4/CtaBlock-D8RUiaoF.js                                                             1.20 kB │ gzip:     0.67 kB
dist/assets/v4/DateRange-BCy9taa5.js                                                            1.20 kB │ gzip:     0.51 kB
dist/assets/v4/Icons.RiBankCard2Line-h4XC8AqB.js                                                1.20 kB │ gzip:     0.52 kB
dist/assets/v4/Icons.RiBookmark3Line-DaLith7F.js                                                1.20 kB │ gzip:     0.51 kB
dist/assets/v4/Icons.RiCalendar2Line-BURHuHkj.js                                                1.20 kB │ gzip:     0.51 kB
dist/assets/v4/Icons.RiFeedbackLine-B0H9GFH8.js                                                 1.20 kB │ gzip:     0.51 kB
dist/assets/v4/Icons.RiFileCloseLine-DQXabQbo.js                                                1.20 kB │ gzip:     0.51 kB
dist/assets/v4/Icons.RiFileImageLine-DIiK2eLr.js                                                1.20 kB │ gzip:     0.51 kB
dist/assets/v4/Icons.RiLineChartLine-CEobFvD0.js                                                1.20 kB │ gzip:     0.51 kB
dist/assets/v4/Icons.RiMailCheckLine-C2kC1uM3.js                                                1.20 kB │ gzip:     0.52 kB
dist/assets/v4/Icons.RiSendPlaneLine-CZrb6Ums.js                                                1.20 kB │ gzip:     0.52 kB
dist/assets/v4/InputOtp-BAbDVi7T.js                                                             1.20 kB │ gzip:     0.52 kB
dist/assets/v4/TableRow-Cc853JU0.js                                                             1.20 kB │ gzip:     0.52 kB
dist/assets/v4/AccountStorageCategoryUsage-DK-4QZqT.js                                          1.20 kB │ gzip:     0.51 kB
dist/assets/v4/AgentChatComposerLabels-6IEEi57q.js                                              1.20 kB │ gzip:     0.44 kB
dist/assets/v4/Icons.RiBuilding2Line-COzyEo94.js                                                1.20 kB │ gzip:     0.51 kB
dist/assets/v4/Icons.RiEqualizer3Line-DFkieEQ_.js                                               1.20 kB │ gzip:     0.51 kB
dist/assets/v4/Icons.RiHomeHeartLine-BcSsmFk5.js                                                1.20 kB │ gzip:     0.52 kB
dist/assets/v4/Icons.RiMessage2Line-CDJR6DBD.js                                                 1.20 kB │ gzip:     0.52 kB
dist/assets/v4/Icons.RiSmartphoneLine-BgWHqmd7.js                                               1.20 kB │ gzip:     0.51 kB
dist/assets/v4/Icons.RiVolumeMuteLine-DXd4gEVT.js                                               1.20 kB │ gzip:     0.51 kB
dist/assets/v4/NotificationCenterIcon--za8l5Q_.js                                               1.20 kB │ gzip:     0.48 kB
dist/assets/v4/Icons.RiAiGenerateText-3UtvS0VJ.js                                               1.20 kB │ gzip:     0.51 kB
dist/assets/v4/Icons.RiArrowRightLine-hOurSB7W.js                                               1.20 kB │ gzip:     0.51 kB
dist/assets/v4/Icons.RiFlashlightLine-Cr4hqtW5.js                                               1.20 kB │ gzip:     0.51 kB
dist/assets/v4/Icons.RiLayoutGridLine-v3xEh6DG.js                                               1.20 kB │ gzip:     0.52 kB
dist/assets/v4/Icons.RiMenuSearchLine-BMk6KU4u.js                                               1.20 kB │ gzip:     0.52 kB
dist/assets/v4/Icons.RiPaintBrushLine-Buf9dvmE.js                                               1.20 kB │ gzip:     0.52 kB
dist/assets/v4/Icons.RiResetRightLine-N1KuB_i3.js                                               1.20 kB │ gzip:     0.51 kB
dist/assets/v4/Icons.RiShieldStarFill-D_rLx8g7.js                                               1.20 kB │ gzip:     0.51 kB
dist/assets/v4/Icons.RiShieldUserLine-B4Pl8TUc.js                                               1.20 kB │ gzip:     0.52 kB
dist/assets/v4/SettingsServerTone-B967dXE9.js                                                   1.20 kB │ gzip:     0.50 kB
dist/assets/v4/invalidateDeviceQueries-mLaB5cDQ.js                                              1.20 kB │ gzip:     0.50 kB
dist/assets/v4/webLocalStorage-Rmg2qLw6.js                                                      1.20 kB │ gzip:     0.55 kB
dist/assets/v4/Icons.RiArrowDownSFill-j9MMAURg.js                                               1.20 kB │ gzip:     0.51 kB
dist/assets/v4/Icons.RiArrowDownSLine-Dnm-Uw60.js                                               1.20 kB │ gzip:     0.51 kB
dist/assets/v4/Icons.RiArrowLeftSLine-DrMyiM6i.js                                               1.20 kB │ gzip:     0.52 kB
dist/assets/v4/Icons.RiAttachmentLine-Hs5aGHqT.js                                               1.20 kB │ gzip:     0.51 kB
dist/assets/v4/Icons.RiDeleteBin6Line-JkkSgmfA.js                                               1.20 kB │ gzip:     0.52 kB
dist/assets/v4/Icons.RiLogoutBoxRLine-CpupDj4v.js                                               1.20 kB │ gzip:     0.52 kB
dist/assets/v4/Icons.RiSparkling2Line-DSCzNGea.js                                               1.20 kB │ gzip:     0.51 kB
dist/assets/v4/SettingsServerListProps-C8Fwqety.js                                              1.20 kB │ gzip:     0.39 kB
dist/assets/v4/useOverlayLayerContext-CJE725J0.js                                               1.20 kB │ gzip:     0.52 kB
dist/assets/v4/Icons.RiFolderOpenLine-ClJPtwH7.js                                               1.20 kB │ gzip:     0.52 kB
dist/assets/v4/Icons.RiShakeHandsLine-CORQag7u.js                                               1.20 kB │ gzip:     0.52 kB
dist/assets/v4/Icons.RiSlideshow3Line-4ws6Zwvq.js                                               1.20 kB │ gzip:     0.51 kB
dist/assets/v4/Icons.RiTestTubeFill-DeiGiLsQ.js                                                 1.20 kB │ gzip:     0.52 kB
dist/assets/v4/Icons.RiUserHeartLine-BUim78Sv.js                                                1.20 kB │ gzip:     0.52 kB
dist/assets/v4/Icons.RiUserMinusLine-C8ZucX-F.js                                                1.20 kB │ gzip:     0.52 kB
dist/assets/v4/Icons.RiUserSmileLine-DDOQ6RCY.js                                                1.20 kB │ gzip:     0.52 kB
dist/assets/v4/invalidateStorageQueries-C4-UzIxH.js                                             1.20 kB │ gzip:     0.50 kB
dist/assets/v4/ComposerStatusBarFolder-BgONwB-3.js                                              1.20 kB │ gzip:     0.50 kB
dist/assets/v4/Icons.RiFileExcel2Line-Dc4Nieev.js                                               1.20 kB │ gzip:     0.52 kB
dist/assets/v4/Icons.RiFilePaper2Line-CO3rs3vk.js                                               1.20 kB │ gzip:     0.52 kB
dist/assets/v4/Icons.RiInformationFill-CrQXKyKB.js                                              1.20 kB │ gzip:     0.51 kB
dist/assets/v4/Icons.RiInformationLine-DXXSguIa.js                                              1.20 kB │ gzip:     0.51 kB
dist/assets/v4/Icons.RiLinkedinBoxFill-COtCcBmG.js                                              1.20 kB │ gzip:     0.52 kB
dist/assets/v4/SelectIcon-XSRKeQ3X.js                                                           1.20 kB │ gzip:     0.52 kB
dist/assets/v4/SelectItem-Dj23sQ8v.js                                                           1.20 kB │ gzip:     0.52 kB
dist/assets/v4/StepsCard-DSMdftJo.js                                                            1.20 kB │ gzip:     0.52 kB
dist/assets/v4/TableBody-D7148Vn-.js                                                            1.20 kB │ gzip:     0.52 kB
dist/assets/v4/TableCell-DPGNvRAu.js                                                            1.20 kB │ gzip:     0.52 kB
dist/assets/v4/Badge-B9-ngL1R.js                                                                1.20 kB │ gzip:     0.66 kB
dist/assets/v4/Icons.RiCloseCircleLine-CFmPPWW8.js                                              1.20 kB │ gzip:     0.52 kB
dist/assets/v4/Icons.RiPlayListAddLine-dQcppJBj.js                                              1.20 kB │ gzip:     0.52 kB
dist/assets/v4/Icons.RiShieldCheckLine-CHvZPnd4.js                                              1.20 kB │ gzip:     0.52 kB
dist/assets/v4/invalidateAccountQueries-cSPYL6Du.js                                             1.20 kB │ gzip:     0.50 kB
dist/assets/v4/invalidateSessionQueries-CWwn5GNq.js                                             1.20 kB │ gzip:     0.50 kB
dist/assets/v4/COLOR_PRESET_GROUPS-CucDdMzx.js                                                  1.20 kB │ gzip:     0.56 kB
dist/assets/v4/Icons.RiArrowRightSLine-CetVzBlz.js                                              1.20 kB │ gzip:     0.52 kB
dist/assets/v4/invalidatePrivacyQueries-qPuqYKue.js                                             1.20 kB │ gzip:     0.50 kB
dist/assets/v4/useOverlayLayer-DY_7QYit.js                                                      1.20 kB │ gzip:     0.55 kB
dist/assets/v4/AUTH_WEB_ORIGIN-Bk5EbW8n.js                                                      1.21 kB │ gzip:     0.64 kB
dist/assets/v4/Icons.RiCodeSSlashLine--Jnan1tp.js                                               1.21 kB │ gzip:     0.52 kB
dist/assets/v4/Icons.RiNotificationFill-C7zxi0QV.js                                             1.21 kB │ gzip:     0.51 kB
dist/assets/v4/Icons.RiNotificationLine-BqDzYpSQ.js                                             1.21 kB │ gzip:     0.51 kB
dist/assets/v4/Icons.RiUserFollowLine-8Mfik-br.js                                               1.21 kB │ gzip:     0.52 kB
dist/assets/v4/Icons.RiUserSearchLine-BZNhDjH2.js                                               1.21 kB │ gzip:     0.52 kB
dist/assets/v4/isAuthenticationError-auKDZer7.js                                                1.21 kB │ gzip:     0.51 kB
dist/assets/v4/DataTableIconComponent-1fX9jNmH.js                                               1.21 kB │ gzip:     0.49 kB
dist/assets/v4/PlatformOS-BBp8nqRE.js                                                           1.21 kB │ gzip:     0.55 kB
dist/assets/v4/Icons.RiAlarmWarningFill-C_NU3VZe.js                                             1.21 kB │ gzip:     0.52 kB
dist/assets/v4/Icons.RiAlarmWarningLine-C743JzSN.js                                             1.21 kB │ gzip:     0.52 kB
dist/assets/v4/Icons.RiChatSmile2Line-fRpgovmL.js                                               1.21 kB │ gzip:     0.52 kB
dist/assets/v4/Icons.RiErrorWarningFill-DBhqMw46.js                                             1.21 kB │ gzip:     0.52 kB
dist/assets/v4/Icons.RiExternalLinkLine-D97fiERZ.js                                             1.21 kB │ gzip:     0.52 kB
dist/assets/v4/Icons.RiFlipVerticalLine-DnHuZYI0.js                                             1.21 kB │ gzip:     0.52 kB
dist/assets/v4/Icons.RiLogoutCircleLine-BVfYFkeR.js                                             1.21 kB │ gzip:     0.52 kB
dist/assets/v4/Icons.RiShareForwardLine-B7Cv7iXS.js                                             1.21 kB │ gzip:     0.51 kB
dist/assets/v4/SelectValue-C5S_XFR2.js                                                          1.21 kB │ gzip:     0.52 kB
dist/assets/v4/TOKEN_REFRESH_LEAD_MS-C5JHJSuy.js                                                1.21 kB │ gzip:     0.61 kB
dist/assets/v4/TransactionResponse-Du-vB9fv.js                                                  1.21 kB │ gzip:     0.50 kB
dist/assets/v4/isSupportedLocale-HX-OCYoz.js                                                    1.21 kB │ gzip:     0.51 kB
dist/assets/v4/Icons.RiArrowRightUpLine-OjUTsOK0.js                                             1.21 kB │ gzip:     0.52 kB
dist/assets/v4/Icons.RiCornerUpLeftLine-l-9GgANX.js                                             1.21 kB │ gzip:     0.52 kB
dist/assets/v4/Icons.RiExpandUpDownLine-BSIttVlP.js                                             1.21 kB │ gzip:     0.52 kB
dist/assets/v4/Icons.RiFlightTakeoffLine-7olz_Ek7.js                                            1.21 kB │ gzip:     0.52 kB
dist/assets/v4/Icons.RiTerminalBoxLine-BvFdXU03.js                                              1.21 kB │ gzip:     0.52 kB
dist/assets/v4/Icons.RiUploadCloud2Line-D2nGIkmI.js                                             1.21 kB │ gzip:     0.52 kB
dist/assets/v4/invalidateSecurityQueries-D21hrKBI.js                                            1.21 kB │ gzip:     0.51 kB
dist/assets/v4/ActivityDay-BF8TKxt8.js                                                          1.21 kB │ gzip:     0.50 kB
dist/assets/v4/Icons.RiContactsBookFill-B_sbHpZq.js                                             1.21 kB │ gzip:     0.52 kB
dist/assets/v4/Icons.RiContactsBookLine-hjzoKgsh.js                                             1.21 kB │ gzip:     0.52 kB
dist/assets/v4/Icons.RiHeartPulseFill-DEuXTaJj.js                                               1.21 kB │ gzip:     0.52 kB
dist/assets/v4/Icons.RiHeartPulseLine-CzW3Ipp_.js                                               1.21 kB │ gzip:     0.52 kB
dist/assets/v4/Icons.RiShoppingBag3Line-Bhv2EHeJ.js                                             1.21 kB │ gzip:     0.52 kB
dist/assets/v4/Icons.RiAccessibilityLine-D7t3F1K2.js                                            1.21 kB │ gzip:     0.51 kB
dist/assets/v4/Icons.RiNotification2Line-DvN4FHqe.js                                            1.21 kB │ gzip:     0.51 kB
dist/assets/v4/Icons.RiNotification3Fill-DscF3Utn.js                                            1.21 kB │ gzip:     0.51 kB
dist/assets/v4/Icons.RiNotification3Line-a-bMH_1U.js                                            1.21 kB │ gzip:     0.51 kB
dist/assets/v4/Icons.RiOrganizationChart-By4oWbZF.js                                            1.21 kB │ gzip:     0.51 kB
dist/assets/v4/Icons.RiVolumeVibrateLine-DsuqKfi1.js                                            1.21 kB │ gzip:     0.52 kB
dist/assets/v4/Loading-B3TmcnnI.js                                                              1.21 kB │ gzip:     0.64 kB
dist/assets/v4/Icons.RiCheckboxBlankLine-kW3tLf0f.js                                            1.21 kB │ gzip:     0.52 kB
dist/assets/v4/TabsIconComponent-Cuef5SKo.js                                                    1.21 kB │ gzip:     0.52 kB
dist/assets/v4/AspectRatio-siy58-rz.js                                                          1.21 kB │ gzip:     0.52 kB
dist/assets/v4/BarListCard-BVGZjbL_.js                                                          1.21 kB │ gzip:     0.53 kB
dist/assets/v4/ContextMenu-D43q3dqD.js                                                          1.21 kB │ gzip:     0.52 kB
dist/assets/v4/DropdownMenu-CWxFQNOs.js                                                         1.21 kB │ gzip:     0.52 kB
dist/assets/v4/Icons.RiArrowDropDownLine-CvEPDqwE.js                                            1.21 kB │ gzip:     0.52 kB
dist/assets/v4/Icons.RiArrowUpCircleFill-BFNOvtf1.js                                            1.21 kB │ gzip:     0.52 kB
dist/assets/v4/Icons.RiArrowUpCircleLine-nP3uaTsu.js                                            1.21 kB │ gzip:     0.52 kB
dist/assets/v4/Icons.RiStethoscopeLine-C9F3FeWw.js                                              1.21 kB │ gzip:     0.52 kB
dist/assets/v4/MenubarMenu-C7AhdtTp.js                                                          1.21 kB │ gzip:     0.52 kB
dist/assets/v4/TableColumn-BD26iJ6F.js                                                          1.21 kB │ gzip:     0.52 kB
dist/assets/v4/TableHeader-vWoX7MDo.js                                                          1.21 kB │ gzip:     0.52 kB
dist/assets/v4/Icons.RiEmotionHappyLine-BxBn5WpB.js                                             1.21 kB │ gzip:     0.52 kB
dist/assets/v4/Icons.RiEmotionLaughLine-CWYeyk1b.js                                             1.21 kB │ gzip:     0.52 kB
dist/assets/v4/Icons.RiUserUnfollowLine-D7kiCvY0.js                                             1.21 kB │ gzip:     0.52 kB
dist/assets/v4/Icons.RiVerifiedBadgeFill-C1FirpTL.js                                            1.21 kB │ gzip:     0.52 kB
dist/assets/v4/Icons.RiVerifiedBadgeLine-Dkt4rJMB.js                                            1.21 kB │ gzip:     0.52 kB
dist/assets/v4/Switch-CbTyy8uF.js                                                               1.21 kB │ gzip:     0.62 kB
dist/assets/v4/FabPlacement-BmH7gpMX.js                                                         1.22 kB │ gzip:     0.63 kB
dist/assets/v4/Icons.RiCheckboxCircleFill-D5z7fdNc.js                                           1.22 kB │ gzip:     0.52 kB
dist/assets/v4/Icons.RiCheckboxCircleLine-Dn9VfvUm.js                                           1.22 kB │ gzip:     0.52 kB
dist/assets/v4/Icons.RiFlipHorizontalLine-D4ar0386.js                                           1.22 kB │ gzip:     0.52 kB
dist/assets/v4/ServiceActingAsVerification-Bbg5f5jO.js                                          1.22 kB │ gzip:     0.69 kB
dist/assets/v4/StatCardsVariant-BVX-Sqt_.js                                                     1.22 kB │ gzip:     0.58 kB
dist/assets/v4/Icons.RiArrowLeftRightLine-Cs_SL2zB.js                                           1.22 kB │ gzip:     0.52 kB
dist/assets/v4/Icons.RiCornerDownLeftLine-C9MbkuvV.js                                           1.22 kB │ gzip:     0.52 kB
dist/assets/v4/Icons.RiDownloadCloud2Line-C1_5VWFI.js                                           1.22 kB │ gzip:     0.52 kB
dist/assets/v4/Icons.RiShoppingBasketLine-Cdq1Fmgw.js                                           1.22 kB │ gzip:     0.52 kB
dist/assets/v4/Icons.RiAccountCircleFill-B5wHQ_1j.js                                            1.22 kB │ gzip:     0.52 kB
dist/assets/v4/Icons.RiAccountCircleLine-mSrRsPVU.js                                            1.22 kB │ gzip:     0.52 kB
dist/assets/v4/Icons.RiQuestionnaireLine-DoNYIt3n.js                                            1.22 kB │ gzip:     0.52 kB
dist/assets/v4/Icons.RiUserCommunityLine-BSRgmS0U.js                                            1.22 kB │ gzip:     0.52 kB
dist/assets/v4/PopoverTitle-B5MGKslN.js                                                         1.22 kB │ gzip:     0.52 kB
dist/assets/v4/BloomThemeStorage-BX-ZG-U8.js                                                    1.22 kB │ gzip:     0.50 kB
dist/assets/v4/Icons.RiNotificationOffFill-DXFe9mqN.js                                          1.22 kB │ gzip:     0.52 kB
dist/assets/v4/Icons.RiNotificationOffLine-BIA3oUXO.js                                          1.22 kB │ gzip:     0.52 kB
dist/assets/v4/AiChatGalleryPanelLabels-Cp3irSIr.js                                             1.22 kB │ gzip:     0.33 kB
dist/assets/v4/Icons.RiArrowDownCircleFill-DzJW9Isd.js                                          1.22 kB │ gzip:     0.52 kB
dist/assets/v4/Icons.RiCornerDownRightLine-B_nv1Sms.js                                          1.22 kB │ gzip:     0.52 kB
dist/assets/v4/Icons.RiExpandDiagonalSLine-0k79lB0a.js                                          1.22 kB │ gzip:     0.52 kB
dist/assets/v4/followRecordToStatus-BYktklQz.js                                                 1.22 kB │ gzip:     0.52 kB
dist/assets/v4/switch-DoH3fUSY.js                                                               1.22 kB │ gzip:     0.55 kB
dist/assets/v4/ContributionsStat-HPp792ns.js                                                    1.22 kB │ gzip:     0.50 kB
dist/assets/v4/FileVisibility-Byxm7BxV.js                                                       1.22 kB │ gzip:     0.56 kB
dist/assets/v4/Icons.RiCustomerServiceLine-B1Znn8g2.js                                          1.22 kB │ gzip:     0.52 kB
dist/assets/v4/Icons.RiEmotionUnhappyLine-Dr1HPboT.js                                           1.22 kB │ gzip:     0.52 kB
dist/assets/v4/Icons.RiGitPullRequestLine-ChmfB2dO.js                                           1.22 kB │ gzip:     0.53 kB
dist/assets/v4/Icons.RiShoppingBasket2Fill-fzjvgDMK.js                                          1.22 kB │ gzip:     0.52 kB
dist/assets/v4/buildUserDid-DvdpDV_1.js                                                         1.22 kB │ gzip:     0.53 kB
dist/assets/v4/AreaChartCard-BFB6tsoq.js                                                        1.22 kB │ gzip:     0.53 kB
dist/assets/v4/CommonsSignInHandle-CpoVtSEZ.js                                                  1.22 kB │ gzip:     0.64 kB
dist/assets/v4/Icons.RiClosedCaptioningFill-mVN5PJPX.js                                         1.22 kB │ gzip:     0.52 kB
dist/assets/v4/Icons.RiClosedCaptioningLine-B2BRdtXF.js                                         1.22 kB │ gzip:     0.52 kB
dist/assets/v4/LineChartCard-DwHcTDI1.js                                                        1.22 kB │ gzip:     0.53 kB
dist/assets/v4/MultiAxisPlot-Bj21I6NW.js                                                        1.22 kB │ gzip:     0.53 kB
dist/assets/v4/PopoverHeader-CFRTIDbr.js                                                        1.22 kB │ gzip:     0.52 kB
dist/assets/v4/RangeCalendar-8kyd_eCt.js                                                        1.22 kB │ gzip:     0.52 kB
dist/assets/v4/SelectItemText-j7tURQ_h.js                                                       1.22 kB │ gzip:     0.52 kB
dist/assets/v4/StageBarsCard-DNCK6Dax.js                                                        1.22 kB │ gzip:     0.53 kB
dist/assets/v4/TextFieldInput-BWw_P7Ky.js                                                       1.22 kB │ gzip:     0.52 kB
dist/assets/v4/ColorEngine.argbFromHex-C3mEBd7C.js                                              1.22 kB │ gzip:     0.51 kB
dist/assets/v4/Icons.RiCollapseDiagonalLine-C9vkoPt7.js                                         1.22 kB │ gzip:     0.52 kB
dist/assets/v4/ImageAspectRatio.setAspectRatio-ixBRbWnu.js                                      1.22 kB │ gzip:     0.49 kB
dist/assets/v4/OxyInferenceClientOptions-Df2pgwS7.js                                            1.22 kB │ gzip:     0.47 kB
dist/assets/v4/invalidatePaymentsQueries-BQ9F2WhK.js                                            1.22 kB │ gzip:     0.51 kB
dist/assets/v4/SharedDevicePublishDecision-vPvNaF6r.js                                          1.22 kB │ gzip:     0.55 kB
dist/assets/v4/invalidateConnectedAppsQueries-DRslnKnb.js                                       1.22 kB │ gzip:     0.52 kB
dist/assets/v4/Icons.RiCalendarScheduleLine-Dv8rpDC1.js                                         1.23 kB │ gzip:     0.52 kB
dist/assets/v4/ScrollRestorationTarget-BlOQDqKG.js                                              1.23 kB │ gzip:     0.56 kB
dist/assets/v4/AiChatLinkChip-Cp5qiZmP.js                                                       1.23 kB │ gzip:     0.53 kB
dist/assets/v4/ApplicationCredentialWithSecret-DCmMfTwP.js                                      1.23 kB │ gzip:     0.60 kB
dist/assets/v4/ComboChartCard-Bw3n5I42.js                                                       1.23 kB │ gzip:     0.53 kB
dist/assets/v4/Icons.RiNotificationBadgeLine-DTRGtAe-.js                                        1.23 kB │ gzip:     0.52 kB
dist/assets/v4/Icons.RiSidebarFoldLine-B84OyqO6.js                                              1.23 kB │ gzip:     0.53 kB
dist/assets/v4/CardBodyProps-BPxyu76V.js                                                        1.23 kB │ gzip:     0.50 kB
dist/assets/v4/SelectItemIndicatorProps-D5xVMVOf.js                                             1.23 kB │ gzip:     0.54 kB
dist/assets/v4/getLoggerConfig-BKwgiX_y.js                                                      1.23 kB │ gzip:     0.52 kB
dist/assets/v4/NotificationStatusPaint-OOC7xlpZ.js                                              1.23 kB │ gzip:     0.50 kB
dist/assets/v4/CommonsDeliveryFacts-DPCs_Tt2.js                                                 1.23 kB │ gzip:     0.66 kB
dist/assets/v4/ComposerPanelAddMenuGroup-F4L5LYzp.js                                            1.23 kB │ gzip:     0.53 kB
dist/assets/v4/AgentsChartCard-CLHrvjBQ.js                                                      1.23 kB │ gzip:     0.53 kB
dist/assets/v4/CardFooterProps-C2VD1N6L.js                                                      1.23 kB │ gzip:     0.50 kB
dist/assets/v4/CardHeaderProps-D_9midUg.js                                                      1.23 kB │ gzip:     0.50 kB
dist/assets/v4/DateRangePicker-Wo6jczXX.js                                                      1.23 kB │ gzip:     0.53 kB
dist/assets/v4/FunnelChartCard-C9SL4Kid.js                                                      1.23 kB │ gzip:     0.53 kB
dist/assets/v4/SettingsPlanArt-CXzK0InF.js                                                      1.23 kB │ gzip:     0.53 kB
dist/assets/v4/TokensChartCard-nIuTjRZH.js                                                      1.23 kB │ gzip:     0.53 kB
dist/assets/v4/ColorEngine.seedHexFromImagePixels-CiBYTKSQ.js                                   1.23 kB │ gzip:     0.52 kB
dist/assets/v4/OxyAuthPrompt-CubLUSSn.js                                                        1.23 kB │ gzip:     0.72 kB
dist/assets/v4/SankeyChartCard-DHauD7Xm.js                                                      1.23 kB │ gzip:     0.73 kB
dist/assets/v4/SECURITY_EVENT_SEVERITY_MAP-COzWYEZJ.js                                          1.23 kB │ gzip:     0.57 kB
dist/assets/v4/Icons.RiIndeterminateCircleFill-CQR42Cnc.js                                      1.24 kB │ gzip:     0.52 kB
dist/assets/v4/Icons.RiSidebarUnfoldLine-BXZBirCG.js                                            1.24 kB │ gzip:     0.53 kB
dist/assets/v4/Icons.RiCheckboxBlankCircleLine-KDC8CG5r.js                                      1.24 kB │ gzip:     0.53 kB
dist/assets/v4/WEB_IDENTITY_PRF_INPUT-CiTgLn4B.js                                               1.24 kB │ gzip:     0.64 kB
dist/assets/v4/AiChatBulletList-Daw7qWm6.js                                                     1.24 kB │ gzip:     0.53 kB
dist/assets/v4/LinkAuthMethodResult-BmUo5ko8.js                                                 1.24 kB │ gzip:     0.53 kB
dist/assets/v4/MeetingScheduler-BhmY02UP.js                                                     1.24 kB │ gzip:     0.53 kB
dist/assets/v4/PopoverSeparator-CqhXL3vl.js                                                     1.24 kB │ gzip:     0.52 kB
dist/assets/v4/SettingsPlanCard-BGGsTlA_.js                                                     1.24 kB │ gzip:     0.53 kB
dist/assets/v4/TemplateCopyProviderProps-4fqhW6Zz.js                                            1.24 kB │ gzip:     0.53 kB
dist/assets/v4/PortalProvider-C0UEgUvf.js                                                       1.24 kB │ gzip:     0.51 kB
dist/assets/v4/DeviceLinkedSessionsResponse-tTu9shwi.js                                         1.24 kB │ gzip:     0.52 kB
dist/assets/v4/OxyConsentScreen-CNJv0-r_.js                                                     1.24 kB │ gzip:     0.53 kB
dist/assets/v4/MenubarMenuProps-DgrtQ16l.js                                                     1.24 kB │ gzip:     0.54 kB
dist/assets/v4/SelectScrollUpButton-BtfY6NJZ.js                                                 1.24 kB │ gzip:     0.51 kB
dist/assets/v4/AiChatMessageLine-48o_CfzP.js                                                    1.24 kB │ gzip:     0.53 kB
dist/assets/v4/AiChatUserMessage-9qAIfJ5V.js                                                    1.24 kB │ gzip:     0.53 kB
dist/assets/v4/DirectionProvider-C8QHLeaD.js                                                    1.24 kB │ gzip:     0.52 kB
dist/assets/v4/EarningsChartCard-BY3S5EMY.js                                                    1.24 kB │ gzip:     0.53 kB
dist/assets/v4/LogSink-DBwnzmFu.js                                                              1.24 kB │ gzip:     0.56 kB
dist/assets/v4/NavigationThemeFont-Cum7Re85.js                                                  1.24 kB │ gzip:     0.50 kB
dist/assets/v4/Portal-0r_3iNeU.js                                                               1.24 kB │ gzip:     0.50 kB
dist/assets/v4/SettingsDateField-CT80YA4c.js                                                    1.24 kB │ gzip:     0.53 kB
dist/assets/v4/SettingsTextField-B_cTnMrc.js                                                    1.24 kB │ gzip:     0.53 kB
dist/assets/v4/SettingsToolsPage-DnVgHFWj.js                                                    1.24 kB │ gzip:     0.53 kB
dist/assets/v4/TokenRefreshSchedulerHandle-Cot-6N2Q.js                                          1.24 kB │ gzip:     0.55 kB
dist/assets/v4/AiProfileCardStat-BnKvWnhN.js                                                    1.24 kB │ gzip:     0.52 kB
dist/assets/v4/OrdersChartCard-DWfk8AUr.js                                                      1.24 kB │ gzip:     0.53 kB
dist/assets/v4/AccentTone-Bql0eA7m.js                                                           1.25 kB │ gzip:     0.56 kB
dist/assets/v4/Code-Cq6vpww3.js                                                                 1.25 kB │ gzip:     0.30 kB
dist/assets/v4/LinkedHttpClient-BzsBn1Lx.js                                                     1.25 kB │ gzip:     0.50 kB
dist/assets/v4/VirtualListSlot-D4-83Hsv.js                                                      1.25 kB │ gzip:     0.57 kB
dist/assets/v4/multi-agent-chat-DJQyFFg-.js                                                     1.25 kB │ gzip:     0.56 kB
dist/assets/v4/BloomThemeProvider-CZ2vglKo.js                                                   1.25 kB │ gzip:     0.53 kB
dist/assets/v4/ContextMenuTrigger-YpyBuzVE.js                                                   1.25 kB │ gzip:     0.53 kB
dist/assets/v4/DataTableRowAction-WT8xtMoc.js                                                   1.25 kB │ gzip:     0.53 kB
dist/assets/v4/MostActiveDaysCard-CpZQbllc.js                                                   1.25 kB │ gzip:     0.54 kB
dist/assets/v4/PopoverDescription-DKaLE0CA.js                                                   1.25 kB │ gzip:     0.52 kB
dist/assets/v4/RevenueChartCard-DEo68xGr.js                                                     1.25 kB │ gzip:     0.53 kB
dist/assets/v4/SelectScrollDownButton-ClNWbDin.js                                               1.25 kB │ gzip:     0.51 kB
dist/assets/v4/SurfaceHost-C9EiAj0G.js                                                          1.25 kB │ gzip:     0.50 kB
dist/assets/v4/Typography.Muted-0-Cjj7YH.js                                                     1.25 kB │ gzip:     0.55 kB
dist/assets/v4/ColorPresetGroup-OXWk4Owy.js                                                     1.25 kB │ gzip:     0.33 kB
dist/assets/v4/CompositionBarProps-BZbRvvq9.js                                                  1.25 kB │ gzip:     0.62 kB
dist/assets/v4/LineRange-66pxK72Y.js                                                            1.25 kB │ gzip:     0.55 kB
dist/assets/v4/SettingsStoragePage-CBPStLEk.js                                                  1.25 kB │ gzip:     0.53 kB
dist/assets/v4/ClientSession-DS0csenS.js                                                        1.25 kB │ gzip:     0.65 kB
dist/assets/v4/Button-Cg-yPIaG.js                                                               1.26 kB │ gzip:     0.64 kB
dist/assets/v4/isRTLLocale-DoHcESxR.js                                                          1.26 kB │ gzip:     0.55 kB
dist/assets/v4/VerifyDomainResult-DaYE3Hf5.js                                                   1.26 kB │ gzip:     0.53 kB
dist/assets/v4/PatientInfoCardProps-DoZIkZun.js                                                 1.26 kB │ gzip:     0.56 kB
dist/assets/v4/subscribeToAccountDialog-DaUaJd9y.js                                             1.26 kB │ gzip:     0.52 kB
dist/assets/v4/AccordionContentProps-BwPyWwzW.js                                                1.26 kB │ gzip:     0.53 kB
dist/assets/v4/isInvalidSessionError-CHqTYtfc.js                                                1.26 kB │ gzip:     0.56 kB
dist/assets/v4/AgentChatStatus-7HBjKdmb.js                                                      1.26 kB │ gzip:     0.56 kB
dist/assets/v4/CalendarViewInboxMenu-BwWxB0mh.js                                                1.26 kB │ gzip:     0.54 kB
dist/assets/v4/CalendarViewMonthGrid-B-vFN1Fd.js                                                1.26 kB │ gzip:     0.54 kB
dist/assets/v4/FunnelRange-DUBQFNAQ.js                                                          1.26 kB │ gzip:     0.55 kB
dist/assets/v4/selectCommonsDelivery-CWlkGEox.js                                                1.26 kB │ gzip:     0.68 kB
dist/assets/v4/rolldown-runtime-DAXXjFlN.js                                                     1.26 kB │ gzip:     0.70 kB
dist/assets/v4/StageBarsRange-Bodh-LIY.js                                                       1.27 kB │ gzip:     0.55 kB
dist/assets/v4/openAccountDialog-BdD_g9EU.js                                                    1.27 kB │ gzip:     0.52 kB
dist/assets/v4/useLogoutAll-BJtRGfDM.js                                                         1.27 kB │ gzip:     0.48 kB
dist/assets/v4/consoleSink-DN-YeAP9.js                                                          1.27 kB │ gzip:     0.57 kB
dist/assets/v4/AppShellDrawer-CJjg5UEv.js                                                       1.27 kB │ gzip:     0.59 kB
dist/assets/v4/BACKDROP_DIM_OPACITY-DY8PFwB_.js                                                 1.27 kB │ gzip:     0.69 kB
dist/assets/v4/command-CtLea1px.js                                                              1.27 kB │ gzip:     0.57 kB
dist/assets/v4/dependencies-C1zkKA40.js                                                         1.27 kB │ gzip:     0.74 kB
dist/assets/v4/SettingsRow-Cq-z29eI.js                                                          1.27 kB │ gzip:     0.54 kB
dist/assets/v4/AmbientAccents-BpSxBMJ5.js                                                       1.27 kB │ gzip:     0.48 kB
dist/assets/v4/ScatterRange-Bv0WUM8g.js                                                         1.27 kB │ gzip:     0.56 kB
dist/assets/v4/IdentityBoundSessionError-0WKV8Typ.js                                            1.27 kB │ gzip:     0.59 kB
dist/assets/v4/OxyAccountEvent-CsBj_6G6.js                                                      1.27 kB │ gzip:     0.65 kB
dist/assets/v4/useRemoveDevice-ClbEfqri.js                                                      1.27 kB │ gzip:     0.48 kB
dist/assets/v4/isServerError-2zWsA-wI.js                                                        1.27 kB │ gzip:     0.53 kB
dist/assets/v4/isTimeoutOrNetworkError-B3gySbd-.js                                              1.27 kB │ gzip:     0.56 kB
dist/assets/v4/RadarVariant-CscnZWHz.js                                                         1.28 kB │ gzip:     0.58 kB
dist/assets/v4/useScrollRestoration-CZTGaWF4.js                                                 1.28 kB │ gzip:     0.61 kB
dist/assets/v4/ListAccountsOptions-BAY25cqS.js                                                  1.28 kB │ gzip:     0.57 kB
dist/assets/v4/RevokeCredentialResult-D2uOc8yx.js                                               1.28 kB │ gzip:     0.54 kB
dist/assets/v4/SurfaceHeaderContent-BPge7rNK.js                                                 1.28 kB │ gzip:     0.66 kB
dist/assets/v4/pagination-AFVsGL4p.js                                                           1.28 kB │ gzip:     0.51 kB
dist/assets/v4/CalendarViewEventDetails-7g2Bcnm8.js                                             1.28 kB │ gzip:     0.54 kB
dist/assets/v4/CommonsDeliveryPlatform-Bp6riIDX.js                                              1.28 kB │ gzip:     0.63 kB
dist/assets/v4/buildColorsFromSeed-Cqh-D8CG.js                                                  1.28 kB │ gzip:     0.68 kB
dist/assets/v4/Typography.Small-DSYBJBBy.js                                                     1.28 kB │ gzip:     0.57 kB
dist/assets/v4/useSwitchSession-D2C0dJxA.js                                                     1.28 kB │ gzip:     0.48 kB
dist/assets/v4/CivicCardResult-Cymt9EEH.js                                                      1.28 kB │ gzip:     0.67 kB
dist/assets/v4/digestIdentityPayload-CJv_jPSV.js                                                1.28 kB │ gzip:     0.54 kB
dist/assets/v4/isNotFoundError-BEuu4tf9.js                                                      1.28 kB │ gzip:     0.54 kB
dist/assets/v4/CalendarViewMonthSwitcher-CyrWwEDa.js                                            1.28 kB │ gzip:     0.54 kB
dist/assets/v4/useUpdateDeviceName-CbhSppCq.js                                                  1.28 kB │ gzip:     0.49 kB
dist/assets/v4/isForbiddenError-UYTtnhSD.js                                                     1.28 kB │ gzip:     0.53 kB
dist/assets/v4/CalendarViewFeedAccount-bcFC98Kz.js                                              1.28 kB │ gzip:     0.56 kB
dist/assets/v4/consumeOAuthReturnPath-BjdtPlgf.js                                               1.28 kB │ gzip:     0.58 kB
dist/assets/v4/AgentChatActionsProps-Daoec9TC.js                                                1.29 kB │ gzip:     0.54 kB
dist/assets/v4/agent-limits-card-DdM0WGa5.js                                                    1.29 kB │ gzip:     0.57 kB
dist/assets/v4/AreaPoint-BE9Op06Y.js                                                            1.29 kB │ gzip:     0.54 kB
dist/assets/v4/SearchProfilesResponse-BrHl4sl4.js                                               1.29 kB │ gzip:     0.53 kB
dist/assets/v4/AgentLogShimmerTextProps-BHgKEUc0.js                                             1.29 kB │ gzip:     0.55 kB
dist/assets/v4/IdentityStatus-DNVRif-m.js                                                       1.29 kB │ gzip:     0.63 kB
dist/assets/v4/wipeOpenedIdentity-CCWXeYDU.js                                                   1.29 kB │ gzip:     0.55 kB
dist/assets/v4/UpdateDelegationGrantInput-YI8SQ1bn.js                                           1.29 kB │ gzip:     0.54 kB
dist/assets/v4/COMPOSER_PANEL_ADD_MENU-DnTwanJ7.js                                              1.29 kB │ gzip:     0.68 kB
dist/assets/v4/isRateLimitError-D8_ztUMC.js                                                     1.29 kB │ gzip:     0.55 kB
dist/assets/v4/CheckboxProps-zSB9QS2U.js                                                        1.29 kB │ gzip:     0.50 kB
dist/assets/v4/TextFieldGhost-rZrJDc0h.js                                                       1.29 kB │ gzip:     0.51 kB
dist/assets/v4/Typography.Lead-B5a5g1Jz.js                                                      1.29 kB │ gzip:     0.58 kB
dist/assets/v4/formatPublicKeyHandle-DSN03Xde.js                                                1.29 kB │ gzip:     0.57 kB
dist/assets/v4/invalidateAuthMethodsQueries-Ccir7LGq.js                                         1.29 kB │ gzip:     0.56 kB
dist/assets/v4/LoggerConfig-Co1eTm-8.js                                                         1.29 kB │ gzip:     0.53 kB
dist/assets/v4/label-BUwp22pX.js                                                                1.30 kB │ gzip:     0.60 kB
dist/assets/v4/IdentityRequestOptions-B2QVxQ8f.js                                               1.30 kB │ gzip:     0.54 kB
dist/assets/v4/Typography.Large-y6MjYUU4.js                                                     1.30 kB │ gzip:     0.59 kB
dist/assets/v4/ArticleTabsBloom-BrzjdVu4.js                                                     1.30 kB │ gzip:     0.76 kB
dist/assets/v4/FollowButtonProps-B6dOWTLM.js                                                    1.30 kB │ gzip:     0.57 kB
dist/assets/v4/isNetworkError-rF-PFwUY.js                                                       1.30 kB │ gzip:     0.54 kB
dist/assets/v4/AdmonitionText-CLxwjitE.js                                                       1.30 kB │ gzip:     0.51 kB
dist/assets/v4/TaskListChip-DKX9x6tG.js                                                         1.30 kB │ gzip:     0.58 kB
dist/assets/v4/isUnauthorizedError-CG2UHAtG.js                                                  1.30 kB │ gzip:     0.54 kB
dist/assets/v4/DataTableSort-CQ3YdbZP.js                                                        1.30 kB │ gzip:     0.54 kB
dist/assets/v4/MeetingSchedulerValue-DKbXjvom.js                                                1.30 kB │ gzip:     0.54 kB
dist/assets/v4/isRetryableError-Bh1sdbqu.js                                                     1.30 kB │ gzip:     0.55 kB
dist/assets/v4/isValidFileSize-CHyqn9DJ.js                                                      1.30 kB │ gzip:     0.51 kB
dist/assets/v4/AvatarColor-CoA9pAgH.js                                                          1.30 kB │ gzip:     0.55 kB
dist/assets/v4/parseMoveQrPayload-CE6Ino18.js                                                   1.30 kB │ gzip:     0.53 kB
dist/assets/v4/FollowGraphSort-VFVuDh4n.js                                                      1.31 kB │ gzip:     0.55 kB
dist/assets/v4/SelectGroup-Cq6m85Ab.js                                                          1.31 kB │ gzip:     0.57 kB
dist/assets/v4/SelectLabel-Bo-Cnr8M.js                                                          1.31 kB │ gzip:     0.55 kB
dist/assets/v4/ConnectedApp-ODYSmV8i.js                                                         1.31 kB │ gzip:     0.63 kB
dist/assets/v4/SidebarTree--PuTEZgA.js                                                          1.31 kB │ gzip:     0.55 kB
dist/assets/v4/expo-router-COqEP2Ux.js                                                          1.31 kB │ gzip:     0.68 kB
dist/assets/v4/AssetInitRequest-CaffiirV.js                                                     1.31 kB │ gzip:     0.49 kB
dist/assets/v4/SettingsModal-IZIlUnji.js                                                        1.31 kB │ gzip:     0.54 kB
dist/assets/v4/AiChatBulletListProps-DKT9Pmwl.js                                                1.31 kB │ gzip:     0.54 kB
dist/assets/v4/Code.CodeTokenKind-BjN_dTb-.js                                                   1.31 kB │ gzip:     0.50 kB
dist/assets/v4/ContributionsGridProps-Dug2_6RL.js                                               1.31 kB │ gzip:     0.66 kB
dist/assets/v4/Tabs-nRGQ-Ov0.js                                                                 1.31 kB │ gzip:     0.63 kB
dist/assets/v4/GenericMutationConfig-CR5v6HR7.js                                                1.32 kB │ gzip:     0.56 kB
dist/assets/v4/AiChatStrong-BWNzACi9.js                                                         1.32 kB │ gzip:     0.55 kB
dist/assets/v4/AvatarGroupItem-DraNC1SF.js                                                      1.32 kB │ gzip:     0.63 kB
dist/assets/v4/PublishRecordResult-DDe_S2PT.js                                                  1.32 kB │ gzip:     0.56 kB
dist/assets/v4/TextFieldSuffix-CJ9hRY5x.js                                                      1.32 kB │ gzip:     0.56 kB
dist/assets/v4/WalletTransaction-CH_QrUQy.js                                                    1.32 kB │ gzip:     0.54 kB
dist/assets/v4/connection-dots-DPw7hd5R.js                                                      1.32 kB │ gzip:     0.58 kB
dist/assets/v4/NotificationCenterItem-D-7Rimt7.js                                               1.32 kB │ gzip:     0.49 kB
dist/assets/v4/PurchaseRequest-BIYsPdtY.js                                                      1.32 kB │ gzip:     0.48 kB
dist/assets/v4/flatten-CT5fTPjt.js                                                              1.32 kB │ gzip:     0.51 kB
dist/assets/v4/isValidObjectId-wrmsL8Fr.js                                                      1.32 kB │ gzip:     0.60 kB
dist/assets/v4/startTokenRefreshScheduler-CpRsEojN.js                                           1.32 kB │ gzip:     0.70 kB
dist/assets/v4/useFileFiltering-m9CvLu0N.js                                                     1.32 kB │ gzip:     0.55 kB
dist/assets/v4/AnnouncementProps-Bv_qOKDm.js                                                    1.32 kB │ gzip:     0.59 kB
dist/assets/v4/SettingsCard-BlEK5tK9.js                                                         1.32 kB │ gzip:     0.57 kB
dist/assets/v4/SleepScoreCardProps-BUpMeSLC.js                                                  1.32 kB │ gzip:     0.62 kB
dist/assets/v4/AgentChatMessage-BrsIR0nm.js                                                     1.32 kB │ gzip:     0.54 kB
dist/assets/v4/ColdBootStepResult-BeXT2Cm9.js                                                   1.32 kB │ gzip:     0.56 kB
dist/assets/v4/AgentAvatar-CrhqAVsL.js                                                          1.33 kB │ gzip:     0.58 kB
dist/assets/v4/Avatar-Q5sg24ZX.js                                                               1.33 kB │ gzip:     0.74 kB
dist/assets/v4/SocialButtonAppearance-BLZ0PN0m.js                                               1.33 kB │ gzip:     0.58 kB
dist/assets/v4/WithdrawalRequest-e3jH9Lfa.js                                                    1.33 kB │ gzip:     0.49 kB
dist/assets/v4/RadarPoint-C22foLde.js                                                           1.33 kB │ gzip:     0.54 kB
dist/assets/v4/isValidFileType-CN2R-E2p.js                                                      1.33 kB │ gzip:     0.52 kB
dist/assets/v4/QuestionnaireAnswer-DKCgutu5.js                                                  1.33 kB │ gzip:     0.56 kB
dist/assets/v4/CreateDelegationGrantInput-B-X3IEV2.js                                           1.33 kB │ gzip:     0.48 kB
dist/assets/v4/AssetInitResponse-DFJ67yTR.js                                                    1.33 kB │ gzip:     0.49 kB
dist/assets/v4/FileDeleteResponse-3F4o1CO6.js                                                   1.33 kB │ gzip:     0.49 kB
dist/assets/v4/AssetUnlinkRequest-BU70-QH5.js                                                   1.33 kB │ gzip:     0.49 kB
dist/assets/v4/OAuthConsentFailureReason-mhiX71jV.js                                            1.33 kB │ gzip:     0.56 kB
dist/assets/v4/SelectItemIndicator-DEVLA6sg.js                                                  1.33 kB │ gzip:     0.54 kB
dist/assets/v4/RadialRange-CLCYbeQH.js                                                          1.34 kB │ gzip:     0.55 kB
dist/assets/v4/isLoopbackOrigin-BSOROY87.js                                                     1.34 kB │ gzip:     0.55 kB
dist/assets/v4/LinePoint--2yAHFEi.js                                                            1.34 kB │ gzip:     0.82 kB
dist/assets/v4/handleHttpError-Xe0nwbcL.js                                                      1.34 kB │ gzip:     0.55 kB
dist/assets/v4/ServiceTokenResponse-DT-JXcH5.js                                                 1.34 kB │ gzip:     0.50 kB
dist/assets/v4/SessionMode-C4uuD-wi.js                                                          1.34 kB │ gzip:     0.62 kB
dist/assets/v4/TopicType-DfMtH8ZY.js                                                            1.34 kB │ gzip:     0.50 kB
dist/assets/v4/ProjectTicket-D88gDFPf.js                                                        1.34 kB │ gzip:     0.47 kB
dist/assets/v4/RecoveryPhraseResult-K_L7w0jO.js                                                 1.34 kB │ gzip:     0.49 kB
dist/assets/v4/AuthChallenge-wwHm6Wxh.js                                                        1.34 kB │ gzip:     0.49 kB
dist/assets/v4/AvatarPlaceholderConfig-gLlzFzEr.js                                              1.34 kB │ gzip:     0.56 kB
dist/assets/v4/PaymentRequest-C09BFCSD.js                                                       1.34 kB │ gzip:     0.48 kB
dist/assets/v4/UserNodeController-TqachYGG.js                                                   1.34 kB │ gzip:     0.59 kB
dist/assets/v4/commonsDeliveryPlatform-CrQ4SPBt.js                                              1.34 kB │ gzip:     0.59 kB
dist/assets/v4/Gutter-DhckdTzk.js                                                               1.35 kB │ gzip:     0.55 kB
dist/assets/v4/SettingsServerList-BiBLS8Hd.js                                                   1.35 kB │ gzip:     0.58 kB
dist/assets/v4/AiChatCodePanel-CN2t_-on.js                                                      1.35 kB │ gzip:     0.75 kB
dist/assets/v4/setPlatformOS-Bq-KW92y.js                                                        1.35 kB │ gzip:     0.60 kB
dist/assets/v4/BloomHapticsProviderProps-Dt2AvQXT.js                                            1.35 kB │ gzip:     0.54 kB
dist/assets/v4/ConnectionStatusToasts-DHilVK5j.js                                               1.35 kB │ gzip:     0.56 kB
dist/assets/v4/RegisterPushTokenInput-TdXoL6C1.js                                               1.35 kB │ gzip:     0.70 kB
dist/assets/v4/TransferFundsRequest-Cmn8mzmG.js                                                 1.35 kB │ gzip:     0.49 kB
dist/assets/v4/sticker-BX1Tw3Yv.js                                                              1.35 kB │ gzip:     0.65 kB
dist/assets/v4/ACCOUNT_CATEGORY_IDS-DygeMRch.js                                                 1.35 kB │ gzip:     0.73 kB
dist/assets/v4/CardVariant-C2Qp6BHr.js                                                          1.35 kB │ gzip:     0.64 kB
dist/assets/v4/SecurityEventType-CGajmPJc.js                                                    1.35 kB │ gzip:     0.53 kB
dist/assets/v4/SettingsProfilePage-D8FgzaMB.js                                                  1.35 kB │ gzip:     0.58 kB
dist/assets/v4/StoreRating-CJKl0O-O.js                                                          1.35 kB │ gzip:     0.57 kB
dist/assets/v4/AdmonitionRow-D4YEB7IU.js                                                        1.35 kB │ gzip:     0.53 kB
dist/assets/v4/agent-avatar-CEQgPgVe.js                                                         1.35 kB │ gzip:     0.51 kB
dist/assets/v4/DeviceContext-m4M8VyUh.js                                                        1.35 kB │ gzip:     0.75 kB
dist/assets/v4/SettingsValueField-lzANTh2f.js                                                   1.35 kB │ gzip:     0.58 kB
dist/assets/v4/link-preview-BD_YWaF0.js                                                         1.35 kB │ gzip:     0.60 kB
dist/assets/v4/normalizeInlineText-BoAZJBrM.js                                                  1.35 kB │ gzip:     0.83 kB
dist/assets/v4/Code.CodeBlockLabels-NRGhxENP.js                                                 1.35 kB │ gzip:     0.50 kB
dist/assets/v4/SettingsGeneralPage-Cm3uIcZR.js                                                  1.35 kB │ gzip:     0.58 kB
dist/assets/v4/AdmonitionButton-Dm15uvl6.js                                                     1.35 kB │ gzip:     0.56 kB
dist/assets/v4/NotificationCenterAvatarColor-DuL4LZu0.js                                        1.35 kB │ gzip:     0.54 kB
dist/assets/v4/UpdateScreenshotInput-BoW64wck.js                                                1.35 kB │ gzip:     0.54 kB
dist/assets/v4/ButtonGroupItemProps-CMDePI5y.js                                                 1.36 kB │ gzip:     0.54 kB
dist/assets/v4/ChartRangePill-hkysS6o8.js                                                       1.36 kB │ gzip:     0.58 kB
dist/assets/v4/createMemoryIdentityPinStore-C5D3Gotu.js                                         1.36 kB │ gzip:     0.56 kB
dist/assets/v4/AiChatShell-BljzZjZf.js                                                          1.36 kB │ gzip:     0.74 kB
dist/assets/v4/parsePreset-VIRDjXgc.js                                                          1.36 kB │ gzip:     0.56 kB
dist/assets/v4/IdentityPinStore-CJwv0B8J.js                                                     1.36 kB │ gzip:     0.63 kB
dist/assets/v4/SettingsSectionLabel-BDVftrnV.js                                                 1.36 kB │ gzip:     0.58 kB
dist/assets/v4/AuthMediaSlide-DsD75bRL.js                                                       1.36 kB │ gzip:     0.58 kB
dist/assets/v4/SPACING-CE59i0BG.js                                                              1.36 kB │ gzip:     0.63 kB
dist/assets/v4/ConnectionDotsProps-DkiX1Z2x.js                                                  1.36 kB │ gzip:     0.61 kB
dist/assets/v4/RADIUS-xQg1ipyu.js                                                               1.36 kB │ gzip:     0.64 kB
dist/assets/v4/AdmonitionContent-B-PuXg13.js                                                    1.36 kB │ gzip:     0.54 kB
dist/assets/v4/CalendarViewEvent-99sJuuls.js                                                    1.36 kB │ gzip:     0.57 kB
dist/assets/v4/OxyTokenStatus-DhLWvmoZ.js                                                       1.37 kB │ gzip:     0.68 kB
dist/assets/v4/digestMoveCiphertext-s836mBYh.js                                                 1.37 kB │ gzip:     0.54 kB
dist/assets/v4/PersistedThemeState-I4Kld-1e.js                                                  1.37 kB │ gzip:     0.59 kB
dist/assets/v4/sparkline-x1k1LRJB.js                                                            1.37 kB │ gzip:     0.62 kB
dist/assets/v4/PageSection-CJB1qFWH.js                                                          1.37 kB │ gzip:     0.78 kB
dist/assets/v4/layerForRank-bLMvZs1l.js                                                         1.37 kB │ gzip:     0.57 kB
dist/assets/v4/normalizeProfileLinks-Dd3ERoU6.js                                                1.37 kB │ gzip:     0.67 kB
dist/assets/v4/directionForLocale-C2EPWhn2.js                                                   1.37 kB │ gzip:     0.57 kB
dist/assets/v4/UseAmbientThemeOptions-DYUpVu_q.js                                               1.37 kB │ gzip:     0.61 kB
dist/assets/v4/TemplateCopyProvider-BuAuteOk.js                                                 1.38 kB │ gzip:     0.59 kB
dist/assets/v4/systemPrefersDarkMode-D5__4LuB.js                                                1.38 kB │ gzip:     0.60 kB
dist/assets/v4/ActivityRingsCard-BkRgI6qH.js                                                    1.38 kB │ gzip:     0.77 kB
dist/assets/v4/AgentLogRowConnectorProps-DTCN-tUZ.js                                            1.38 kB │ gzip:     0.51 kB
dist/assets/v4/PaginationProps-CqDrAlHf.js                                                      1.38 kB │ gzip:     0.55 kB
dist/assets/v4/IdentityBinding-DZUDAa2A.js                                                      1.38 kB │ gzip:     0.63 kB
dist/assets/v4/AuthRefreshHandler-DGayxdGD.js                                                   1.38 kB │ gzip:     0.55 kB
dist/assets/v4/accountRoleLabel-eKuf7gCd.js                                                     1.38 kB │ gzip:     0.55 kB
dist/assets/v4/getErrorStatus-D8Pwi9ed.js                                                       1.38 kB │ gzip:     0.55 kB
dist/assets/v4/useBloomLocale-fnsiGMww.js                                                       1.38 kB │ gzip:     0.52 kB
dist/assets/v4/AiChatBullet-C2dVVktC.js                                                         1.38 kB │ gzip:     0.59 kB
dist/assets/v4/EarningsPoint-x6mCcqqN.js                                                        1.38 kB │ gzip:     0.81 kB
dist/assets/v4/ModelPicker-BBPTmTB4.js                                                          1.39 kB │ gzip:     0.59 kB
dist/assets/v4/AnimatedCheckProps-BOtfhENC.js                                                   1.39 kB │ gzip:     0.56 kB
dist/assets/v4/useUserDevices-DY8U9jlx.js                                                       1.39 kB │ gzip:     0.54 kB
dist/assets/v4/ScrollableHandle-xdZJdSYu.js                                                     1.39 kB │ gzip:     0.63 kB
dist/assets/v4/useActiveAccount-Bx3PMGmo.js                                                     1.39 kB │ gzip:     0.63 kB
dist/assets/v4/canonicalizeOAuthRedirectUri-PKlDKeRt.js                                         1.39 kB │ gzip:     0.59 kB
dist/assets/v4/tokens-gX0vaoC5.js                                                               1.39 kB │ gzip:     0.47 kB
dist/assets/v4/canActivateContext-CUio1VId.js                                                   1.39 kB │ gzip:     0.77 kB
dist/assets/v4/getSystemColorScheme-CY0h52eR.js                                                 1.39 kB │ gzip:     0.59 kB
dist/assets/v4/Steps-YRBd0ptt.js                                                                1.39 kB │ gzip:     0.75 kB
dist/assets/v4/ViewStyleProp-SljkphdV.js                                                        1.39 kB │ gzip:     0.58 kB
dist/assets/v4/installAuthRefreshHandler-DKG9yaji.js                                            1.39 kB │ gzip:     0.60 kB
dist/assets/v4/notification-center-D1onMQ_s.js                                                  1.39 kB │ gzip:     0.53 kB
dist/assets/v4/SessionClientHost-imUmh_jE.js                                                    1.39 kB │ gzip:     0.52 kB
dist/assets/v4/parseCommonsApprovalExpiresAt-DeF5i7Ck.js                                        1.39 kB │ gzip:     0.54 kB
dist/assets/v4/withAlpha-D8Ro850J.js                                                            1.39 kB │ gzip:     0.52 kB
dist/assets/v4/AeadResult-Bv8gQpHp.js                                                           1.40 kB │ gzip:     0.58 kB
dist/assets/v4/AiChatLinkChipProps-B66kM2Ec.js                                                  1.40 kB │ gzip:     0.57 kB
dist/assets/v4/DialogControlProps-_Rkyzbj6.js                                                   1.40 kB │ gzip:     0.51 kB
dist/assets/v4/ProvisionChannelResult-DhR6F7-e.js                                               1.40 kB │ gzip:     0.55 kB
dist/assets/v4/Code.CodeLanguage-DVlJEMCq.js                                                    1.40 kB │ gzip:     0.52 kB
dist/assets/v4/README-D6r0uzmC.js                                                               1.40 kB │ gzip:     0.71 kB
dist/assets/v4/AiSection-BZqy1ov3.js                                                            1.40 kB │ gzip:     0.75 kB
dist/assets/v4/ButtonVariant-DsYWQyXX.js                                                        1.40 kB │ gzip:     0.77 kB
dist/assets/v4/DeviceLinkedSessionLogoutResponse-K2gt0PrK.js                                    1.40 kB │ gzip:     0.51 kB
dist/assets/v4/SharedDeviceJoinDecision-DKlZmGWC.js                                             1.40 kB │ gzip:     0.57 kB
dist/assets/v4/SettingsSection-CiydkLQO.js                                                      1.40 kB │ gzip:     0.61 kB
dist/assets/v4/SurfaceRenderFn-DD9lX8Gv.js                                                      1.40 kB │ gzip:     0.58 kB
dist/assets/v4/resolveIdentityPin-DPFh2xf7.js                                                   1.40 kB │ gzip:     0.73 kB
dist/assets/v4/BarListTab-CfQjfER6.js                                                           1.41 kB │ gzip:     0.54 kB
dist/assets/v4/deriveKeyEncryptionKey-CuwVNzfj.js                                               1.41 kB │ gzip:     0.56 kB
dist/assets/v4/Code.isHighlightedLanguage-CnwowZtm.js                                           1.41 kB │ gzip:     0.57 kB
dist/assets/v4/MultiAxisPlotProps-RryvA0Ss.js                                                   1.41 kB │ gzip:     0.53 kB
dist/assets/v4/ColorEngine-COeLCmTt.js                                                          1.41 kB │ gzip:     0.33 kB
dist/assets/v4/SharedDeviceCredential-Cf27WPCV.js                                               1.41 kB │ gzip:     0.62 kB
dist/assets/v4/Chip-DzQxAm0y.js                                                                 1.41 kB │ gzip:     0.72 kB
dist/assets/v4/AccountRelationship-Ca8NCu-P.js                                                  1.41 kB │ gzip:     0.61 kB
dist/assets/v4/EYES-DYrIjoTL.js                                                                 1.41 kB │ gzip:     0.49 kB
dist/assets/v4/SelectTriggerProps-hEaPrwZZ.js                                                   1.41 kB │ gzip:     0.71 kB
dist/assets/v4/OxyAccountEventFeedPage-BArxECYX.js                                              1.42 kB │ gzip:     0.59 kB
dist/assets/v4/isUsablePrfOutput-BxZjtHm1.js                                                    1.42 kB │ gzip:     0.56 kB
dist/assets/v4/BreadcrumbItemProps-CU7-hQOO.js                                                  1.42 kB │ gzip:     0.66 kB
dist/assets/v4/generatePkcePair-IpIslHu3.js                                                     1.42 kB │ gzip:     0.67 kB
dist/assets/v4/CalendarViewFeed-UbwG9YI4.js                                                     1.42 kB │ gzip:     0.53 kB
dist/assets/v4/SegmentedControlItemText-D5P4OocS.js                                             1.42 kB │ gzip:     0.54 kB
dist/assets/v4/ProOfferCardProps-CPgka4vS.js                                                    1.42 kB │ gzip:     0.60 kB
dist/assets/v4/SurfaceControls-C_2RAq55.js                                                      1.42 kB │ gzip:     0.73 kB
dist/assets/v4/useCurrentUser-DNoooP2-.js                                                       1.42 kB │ gzip:     0.80 kB
dist/assets/v4/removeWrap-3HxnMMe6.js                                                           1.42 kB │ gzip:     0.38 kB
dist/assets/v4/ResolveAvatarUrl-SSIQXVbf.js                                                     1.42 kB │ gzip:     0.55 kB
dist/assets/v4/AnimatedCheck-DaDESbsD.js                                                        1.42 kB │ gzip:     0.63 kB
dist/assets/v4/FileListResponse-DgcCCKz4.js                                                     1.42 kB │ gzip:     0.54 kB
dist/assets/v4/AreaRange-B9xZlOIm.js                                                            1.43 kB │ gzip:     0.57 kB
dist/assets/v4/ImageAspectRatio.IntrinsicSize-B9ouPGS-.js                                       1.43 kB │ gzip:     0.63 kB
dist/assets/v4/ActivityHeatmapDay-C8v9mYqx.js                                                   1.43 kB │ gzip:     0.60 kB
dist/assets/v4/Subscription-CC5ZoSWv.js                                                         1.43 kB │ gzip:     0.54 kB
dist/assets/v4/category-bar-BIIDRHwP.js                                                         1.43 kB │ gzip:     0.64 kB
dist/assets/v4/SettingsModalProps-DeicXh67.js                                                   1.43 kB │ gzip:     0.59 kB
dist/assets/v4/SettingsToolsScope-edpeX_lr.js                                                   1.43 kB │ gzip:     0.53 kB
dist/assets/v4/DialogPlacement-Cq2DTtbM.js                                                      1.43 kB │ gzip:     0.58 kB
dist/assets/v4/useAssetsByEntity-CjJknJ6p.js                                                    1.43 kB │ gzip:     0.52 kB
dist/assets/v4/OxyInferenceCredential-yK8UMBOQ.js                                               1.43 kB │ gzip:     0.66 kB
dist/assets/v4/SharedDevicePublishOutcome-4-zG0ivL.js                                           1.43 kB │ gzip:     0.56 kB
dist/assets/v4/ColdBootSession-CjwGFiRF.js                                                      1.43 kB │ gzip:     0.56 kB
dist/assets/v4/SHADOW_BOX-B7okXjjZ.js                                                           1.44 kB │ gzip:     0.85 kB
dist/assets/v4/isAlreadyRegisteredError-Bkuz8WqO.js                                             1.44 kB │ gzip:     0.60 kB
dist/assets/v4/validateRequiredFields-hqQPa-FH.js                                               1.44 kB │ gzip:     0.55 kB
dist/assets/v4/StepsPoint-CO4QQqHM.js                                                           1.44 kB │ gzip:     0.81 kB
dist/assets/v4/BORDER_WIDTH-D4iNbDQ2.js                                                         1.44 kB │ gzip:     0.59 kB
dist/assets/v4/DialogContextProps-CRJYi5Ei.js                                                   1.44 kB │ gzip:     0.56 kB
dist/assets/v4/HeatmapRange-D5fdrh3R.js                                                         1.44 kB │ gzip:     0.58 kB
dist/assets/v4/swipe-row-Cu5JtYKK.js                                                            1.44 kB │ gzip:     0.66 kB
dist/assets/v4/AccountDelegationAccess-CermxsI_.js                                              1.45 kB │ gzip:     0.58 kB
dist/assets/v4/SettingsMenuAction-BvWLw_7f.js                                                   1.45 kB │ gzip:     0.54 kB
dist/assets/v4/AgentThinkingVariant-CFIcaXCe.js                                                 1.45 kB │ gzip:     0.61 kB
dist/assets/v4/getLanguageName-Ba-K2W-1.js                                                      1.45 kB │ gzip:     0.62 kB
dist/assets/v4/web-search-D9lGI9Er.js                                                           1.45 kB │ gzip:     0.69 kB
dist/assets/v4/AgentChatUsageRow-BcuWYt4s.js                                                    1.45 kB │ gzip:     0.56 kB
dist/assets/v4/ButtonSize-Ca9Fwb4B.js                                                           1.45 kB │ gzip:     0.60 kB
dist/assets/v4/RequireOxyAuthPrompt-OqvERFMY.js                                                 1.45 kB │ gzip:     0.62 kB
dist/assets/v4/bottom-bar-CHZswD6v.js                                                           1.45 kB │ gzip:     0.64 kB
dist/assets/v4/deviceStateToClientSessions-ChS3a0SS.js                                          1.45 kB │ gzip:     0.66 kB
dist/assets/v4/isCompleteFollowStatus-CRU0bWFf.js                                               1.45 kB │ gzip:     0.61 kB
dist/assets/v4/useRecentSecurityActivity-oZMMmKPB.js                                            1.45 kB │ gzip:     0.55 kB
dist/assets/v4/ColorEngine.argbFromRgb-DQ_srKnE.js                                              1.45 kB │ gzip:     0.53 kB
dist/assets/v4/AgentLimitsContextGroup-CJZpdr4m.js                                              1.45 kB │ gzip:     0.58 kB
dist/assets/v4/SwitchProps-DBfxzx3N.js                                                          1.45 kB │ gzip:     0.76 kB
dist/assets/v4/zoomable-image-gallery-Cg1er-N-.js                                               1.45 kB │ gzip:     0.74 kB
dist/assets/v4/zoomable-media-gallery-zNr-cP9z.js                                               1.45 kB │ gzip:     0.73 kB
dist/assets/v4/getCommonsApprovalBlockingReason-DFffd05F.js                                     1.45 kB │ gzip:     0.60 kB
dist/assets/v4/useDelayedLoading-BJ1sRKM4.js                                                    1.45 kB │ gzip:     0.58 kB
dist/assets/v4/MentionIcon-BmyDxk-x.js                                                          1.46 kB │ gzip:     0.88 kB
dist/assets/v4/field-Bn7MZmYF.js                                                                1.46 kB │ gzip:     0.62 kB
dist/assets/v4/generateMoveEphemeralKeyPair-u3680SCu.js                                         1.46 kB │ gzip:     0.55 kB
dist/assets/v4/CodeBlock-BETjNAQY.js                                                            1.46 kB │ gzip:     0.86 kB
dist/assets/v4/SankeyLinkDatum-DaEkltQS.js                                                      1.46 kB │ gzip:     0.52 kB
dist/assets/v4/TextFieldIcon-DMoYGhkL.js                                                        1.46 kB │ gzip:     0.64 kB
dist/assets/v4/model-abstraction-BTZ5-9KD.js                                                    1.46 kB │ gzip:     0.76 kB
dist/assets/v4/DataTable-CI_EdWn3.js                                                            1.46 kB │ gzip:     0.55 kB
dist/assets/v4/ChartHeadlineProps-DGk_w9hb.js                                                   1.46 kB │ gzip:     0.66 kB
dist/assets/v4/useDeviceSessions-AfoMmM-H.js                                                    1.46 kB │ gzip:     0.56 kB
dist/assets/v4/ComposerPanel-DMoGzUDi.js                                                        1.46 kB │ gzip:     0.61 kB
dist/assets/v4/DataTableFilter-DzTXCMrJ.js                                                      1.46 kB │ gzip:     0.66 kB
dist/assets/v4/ChartRangePillProps-BRSdJwWQ.js                                                  1.47 kB │ gzip:     0.53 kB
dist/assets/v4/ModelPickerProps-QzM1Uthw.js                                                     1.47 kB │ gzip:     0.56 kB
dist/assets/v4/ScrollRestorationProviderProps-DHpF-DP_.js                                       1.47 kB │ gzip:     0.59 kB
dist/assets/v4/vehicle-picker-BzuyoYvs.js                                                       1.47 kB │ gzip:     0.69 kB
dist/assets/v4/AgentVoice-C0zCkovz.js                                                           1.47 kB │ gzip:     0.49 kB
dist/assets/v4/TopLoadingProps-CAmeXJJL.js                                                      1.47 kB │ gzip:     0.55 kB
dist/assets/v4/divider-BKzdBWkZ.js                                                              1.47 kB │ gzip:     0.60 kB
dist/assets/v4/ApplicationUsageByEndpoint-Dxnkw67a.js                                           1.47 kB │ gzip:     0.54 kB
dist/assets/v4/TicketSubtask-DyTsucJg.js                                                        1.47 kB │ gzip:     0.50 kB
dist/assets/v4/ComposerPill-GtX9JJfw.js                                                         1.47 kB │ gzip:     0.62 kB
dist/assets/v4/InlineLoadingProps-B1WtJ83x.js                                                   1.47 kB │ gzip:     0.55 kB
dist/assets/v4/TaskListStep-RAdbuvPP.js                                                         1.47 kB │ gzip:     0.63 kB
dist/assets/v4/VerifyRecordResult-GGCVGUy7.js                                                   1.47 kB │ gzip:     0.60 kB
dist/assets/v4/SankeyRange-BEFlM_zu.js                                                          1.47 kB │ gzip:     0.58 kB
dist/assets/v4/getNormalizedUserId-UfAZsYIM.js                                                  1.47 kB │ gzip:     0.57 kB
dist/assets/v4/AccountKind-DDFWEt4S.js                                                          1.47 kB │ gzip:     0.70 kB
dist/assets/v4/skeleton-JN6Q76XY.js                                                             1.47 kB │ gzip:     0.47 kB
dist/assets/v4/SelectContent-BfonHUMJ.js                                                        1.47 kB │ gzip:     0.55 kB
dist/assets/v4/recent-hires-card-C4XGApAg.js                                                    1.47 kB │ gzip:     0.59 kB
dist/assets/v4/VirtualListRenderItemInfo-DPLkikoR.js                                            1.48 kB │ gzip:     0.60 kB
dist/assets/v4/getNativeLanguageName-xRyaB5fB.js                                                1.48 kB │ gzip:     0.63 kB
dist/assets/v4/useOptionalOxy-NWMJhnKS.js                                                       1.48 kB │ gzip:     0.61 kB
dist/assets/v4/trustTierLabel-Cpan3irg.js                                                       1.48 kB │ gzip:     0.53 kB
dist/assets/v4/BulkFollowResult-Cuqj7eab.js                                                     1.48 kB │ gzip:     0.62 kB
dist/assets/v4/createWebIdentityPinStore-BpA-xGLN.js                                            1.48 kB │ gzip:     0.60 kB
dist/assets/v4/SleepScoreCard-B8CEr56a.js                                                       1.48 kB │ gzip:     0.83 kB
dist/assets/v4/defaultAvatarSource-CHEToSFI.js                                                  1.49 kB │ gzip:     0.62 kB
dist/assets/v4/useImagePreload-CVFdD5RR.js                                                      1.49 kB │ gzip:     0.59 kB
dist/assets/v4/ComposerStatusBarProps-CDuavKVk.js                                               1.49 kB │ gzip:     0.57 kB
dist/assets/v4/lead-score-DNiAz5rH.js                                                           1.49 kB │ gzip:     0.65 kB
dist/assets/v4/THEME_GRADIENTS-BkXkIIbT.js                                                      1.49 kB │ gzip:     0.76 kB
dist/assets/v4/OxySpeechResponse-8AdgG8Aa.js                                                    1.49 kB │ gzip:     0.53 kB
dist/assets/v4/SwitcherContextRow-shZ4dcAX.js                                                   1.49 kB │ gzip:     0.74 kB
dist/assets/v4/useLogoutSession-CdeR9Zmg.js                                                     1.49 kB │ gzip:     0.51 kB
dist/assets/v4/BulkUnfollowResult-BP1NQjby.js                                                   1.50 kB │ gzip:     0.62 kB
dist/assets/v4/RotateKeyOptions-BSQmpvfe.js                                                     1.50 kB │ gzip:     0.76 kB
dist/assets/v4/ChartRange-Dk5M3Fc7.js                                                           1.50 kB │ gzip:     0.68 kB
dist/assets/v4/ComposerStatusBar-Dy1zA7Ic.js                                                    1.50 kB │ gzip:     0.63 kB
dist/assets/v4/LoginResponse-mOmliYBf.js                                                        1.50 kB │ gzip:     0.54 kB
dist/assets/v4/UserNodeLivenessStatus-D2bLRU_p.js                                               1.50 kB │ gzip:     0.67 kB
dist/assets/v4/BloomHapticsProvider-yLl_8LGZ.js                                                 1.51 kB │ gzip:     0.65 kB
dist/assets/v4/AiChatThread-DWwsfzXt.js                                                         1.51 kB │ gzip:     0.69 kB
dist/assets/v4/RadarRange-CTTFFjad.js                                                           1.51 kB │ gzip:     0.57 kB
dist/assets/v4/RollingNumber-KdOVFNXL.js                                                        1.51 kB │ gzip:     0.79 kB
dist/assets/v4/deriveIdentityFromPrivateKey-CWCEoaIv.js                                         1.51 kB │ gzip:     0.60 kB
dist/assets/v4/isLightColor-CaQaCJBK.js                                                         1.51 kB │ gzip:     0.62 kB
dist/assets/v4/SettingsListItemProps-BVLzfmp6.js                                                1.51 kB │ gzip:     0.59 kB
dist/assets/v4/WagmiAppProvider-CEut4s7P.js                                                     1.51 kB │ gzip:     0.69 kB
dist/assets/v4/cover-header-BP7xIW8n.js                                                         1.52 kB │ gzip:     0.67 kB
dist/assets/v4/delay-BlaRde1S.js                                                                1.52 kB │ gzip:     0.60 kB
dist/assets/v4/TextFieldHint-B-kJ0J_w.js                                                        1.52 kB │ gzip:     0.64 kB
dist/assets/v4/SettingsCardProps-M4Cb7jYF.js                                                    1.52 kB │ gzip:     0.53 kB
dist/assets/v4/useDialogControl-JwiTTYXq.js                                                     1.52 kB │ gzip:     0.62 kB
dist/assets/v4/useAssetLoading-Bth5Ila3.js                                                      1.52 kB │ gzip:     0.49 kB
dist/assets/v4/followRecordsToStatusMap-538y2VCw.js                                             1.52 kB │ gzip:     0.60 kB
dist/assets/v4/validateAndSanitizeUserInput-BtkgxfkW.js                                         1.52 kB │ gzip:     0.55 kB
dist/assets/v4/AdmonitionRoot-CYcekZvS.js                                                       1.52 kB │ gzip:     0.56 kB
dist/assets/v4/useNavigationTheme-z94ESu4l.js                                                   1.52 kB │ gzip:     0.71 kB
dist/assets/v4/AiChatImageGenerationProps-DSLOH43j.js                                           1.53 kB │ gzip:     0.58 kB
dist/assets/v4/ContributionsPeriod-Df1YdlQG.js                                                  1.53 kB │ gzip:     0.60 kB
dist/assets/v4/ios-BMl7OFn6.js                                                                  1.53 kB │ gzip:     0.56 kB
dist/assets/v4/web-BYck-W6y.js                                                                  1.53 kB │ gzip:     0.56 kB
dist/assets/v4/BottomEdgeProvider-DhrfL-bk.js                                                   1.53 kB │ gzip:     0.68 kB
dist/assets/v4/SocketIOFactory-BPu3_pcP.js                                                      1.53 kB │ gzip:     0.58 kB
dist/assets/v4/VirtualList-B_pt5-Rc.js                                                          1.53 kB │ gzip:     0.57 kB
dist/assets/v4/addWrap-CmHEgBoB.js                                                              1.53 kB │ gzip:     0.44 kB
dist/assets/v4/VerifyAccountEventOptions-DyblX2Yi.js                                            1.53 kB │ gzip:     0.61 kB
dist/assets/v4/ChartHeader-BWPL2Lvc.js                                                          1.53 kB │ gzip:     0.62 kB
dist/assets/v4/PaginationParams-BRI7Zc99.js                                                     1.53 kB │ gzip:     0.59 kB
dist/assets/v4/AgentsPoint-C1hfokQo.js                                                          1.53 kB │ gzip:     0.87 kB
dist/assets/v4/confirm-BBBPxRoP.js                                                              1.53 kB │ gzip:     0.63 kB
dist/assets/v4/CardTitleProps-ISSNd0lB.js                                                       1.53 kB │ gzip:     0.53 kB
dist/assets/v4/ImageAspectRatio.getIntrinsicSize-C_2CXyeT.js                                    1.54 kB │ gzip:     0.58 kB
dist/assets/v4/ScrollRestorationProvider-dUZmtXiY.js                                            1.54 kB │ gzip:     0.67 kB
dist/assets/v4/SelectContentProps-D-FTNEO5.js                                                   1.54 kB │ gzip:     0.73 kB
dist/assets/v4/SidebarMenuGroup-Dk6-Qj5i.js                                                     1.54 kB │ gzip:     0.58 kB
dist/assets/v4/DividerProps-EiCtkLDV.js                                                         1.54 kB │ gzip:     0.63 kB
dist/assets/v4/readOAuthHandshake-1wwOn6wy.js                                                   1.54 kB │ gzip:     0.51 kB
dist/assets/v4/AgentLimitsUsageLimit-C4jR6W2E.js                                                1.54 kB │ gzip:     0.59 kB
dist/assets/v4/DataTableOption-C8kAqNvV.js                                                      1.54 kB │ gzip:     0.60 kB
dist/assets/v4/PatientInfoCardDetail-CUOhyZ2J.js                                                1.54 kB │ gzip:     0.58 kB
dist/assets/v4/Transaction-DCl1qUFb.js                                                          1.54 kB │ gzip:     0.49 kB
dist/assets/v4/createMemoryAuthStateStore-Dj3XRKB6.js                                           1.54 kB │ gzip:     0.67 kB
dist/assets/v4/decideSharedDeviceJoin-BjkHcQmz.js                                               1.54 kB │ gzip:     0.79 kB
dist/assets/v4/useRevokeConnectedApp-B8Kb5aRk.js                                                1.54 kB │ gzip:     0.61 kB
dist/assets/v4/android-CNZYbd6M.js                                                              1.54 kB │ gzip:     0.56 kB
dist/assets/v4/faircoin-buy-Bhw8AOX7.js                                                         1.54 kB │ gzip:     0.75 kB
dist/assets/v4/TabsContentProps-DdtF4C02.js                                                     1.54 kB │ gzip:     0.56 kB
dist/assets/v4/deriveIdentityFromRecoveryMaterial-C8CPJLH-.js                                   1.54 kB │ gzip:     0.57 kB
dist/assets/v4/sessionsArraysEqual-CUevno5e.js                                                  1.54 kB │ gzip:     0.58 kB
dist/assets/v4/route-stops-Gs1uSqas.js                                                          1.54 kB │ gzip:     0.68 kB
dist/assets/v4/configureLogger-BnW2l6qd.js                                                      1.55 kB │ gzip:     0.66 kB
dist/assets/v4/normalizeAgentPreferences-B-u2PZE5.js                                            1.55 kB │ gzip:     0.55 kB
dist/assets/v4/CardDescriptionProps-C9u0INQy.js                                                 1.55 kB │ gzip:     0.53 kB
dist/assets/v4/readIdentityMarker-wvxQyiBD.js                                                   1.55 kB │ gzip:     0.64 kB
dist/assets/v4/CardProps-BvPIfncD.js                                                            1.55 kB │ gzip:     0.58 kB
dist/assets/v4/ColdBootOutcome-aEjYbbW7.js                                                      1.55 kB │ gzip:     0.62 kB
dist/assets/v4/parseRecoveryMaterial-9KNwlfIx.js                                                1.55 kB │ gzip:     0.62 kB
dist/assets/v4/OxyRuntimeStatus-QTSWL7Pk.js                                                     1.55 kB │ gzip:     0.72 kB
dist/assets/v4/ThemeToggleAppearance-DjYehSg-.js                                                1.55 kB │ gzip:     0.61 kB
dist/assets/v4/native-CD9SfHpr.js                                                               1.55 kB │ gzip:     0.57 kB
dist/assets/v4/PaginationInfo-Ig5lXMbJ.js                                                       1.55 kB │ gzip:     0.50 kB
dist/assets/v4/TopicSource-CviFjM2u.js                                                          1.55 kB │ gzip:     0.51 kB
dist/assets/v4/CommandProps-BQg7PktS.js                                                         1.56 kB │ gzip:     0.67 kB
dist/assets/v4/SidebarAccountMenuContent-DJLiVa6M.js                                            1.56 kB │ gzip:     0.64 kB
dist/assets/v4/CapabilityExecutionAuthorization-DAxqb9TA.js                                     1.56 kB │ gzip:     0.46 kB
dist/assets/v4/IdentityPin-OuXI1mFu.js                                                          1.56 kB │ gzip:     0.66 kB
dist/assets/v4/getErrorMessage-BsoVdoG_.js                                                      1.56 kB │ gzip:     0.58 kB
dist/assets/v4/translate-N6RYt49E.js                                                            1.56 kB │ gzip:     0.53 kB
dist/assets/v4/persistOAuthHandshake-BKe2cDsh.js                                                1.56 kB │ gzip:     0.56 kB
dist/assets/v4/AiChatMobileHeaderProps-Dn-Fwuwb.js                                              1.56 kB │ gzip:     0.57 kB
dist/assets/v4/SingleFollowButtonProps-BhxCqJAa.js                                              1.56 kB │ gzip:     0.50 kB
dist/assets/v4/useSeedFollowStatuses-CWmdom36.js                                                1.56 kB │ gzip:     0.70 kB
dist/assets/v4/AgentChatAccount-BX9hggqa.js                                                     1.57 kB │ gzip:     0.56 kB
dist/assets/v4/TooltipTextBubble-B2Y-F0dX.js                                                    1.57 kB │ gzip:     0.60 kB
dist/assets/v4/markWrapVerified-BipLAePs.js                                                     1.57 kB │ gzip:     0.46 kB
dist/assets/v4/questionnaire-DrNIXsrZ.js                                                        1.57 kB │ gzip:     0.59 kB
dist/assets/v4/StorePageOptions-DnxzFXf9.js                                                     1.57 kB │ gzip:     0.61 kB
dist/assets/v4/TabsVariant-DlLX0GXq.js                                                          1.57 kB │ gzip:     0.64 kB
dist/assets/v4/isAllowedDeviceJoinOrigin-TqV3lEiZ.js                                            1.57 kB │ gzip:     0.63 kB
dist/assets/v4/SettingsNavGroup-CzT8zKrj.js                                                     1.57 kB │ gzip:     0.60 kB
dist/assets/v4/establishIdentitySession-BwKug5T-.js                                             1.57 kB │ gzip:     0.71 kB
dist/assets/v4/MediaInsetBorder-CemwLDF1.js                                                     1.57 kB │ gzip:     0.68 kB
dist/assets/v4/TextFieldIconProps-BTUff435.js                                                   1.57 kB │ gzip:     0.63 kB
dist/assets/v4/isFollowedGlobally-uaz2NdNX.js                                                   1.57 kB │ gzip:     0.69 kB
dist/assets/v4/TextField-0COaGp1h.js                                                            1.57 kB │ gzip:     0.69 kB
dist/assets/v4/parseHttpErrorBody-BPOYcazs.js                                                   1.57 kB │ gzip:     0.83 kB
dist/assets/v4/DevicePrincipalGroup-BC6rVlmQ.js                                                 1.58 kB │ gzip:     0.78 kB
dist/assets/v4/verifyMoveReceipt-EDESmp93.js                                                    1.58 kB │ gzip:     0.62 kB
dist/assets/v4/CommonsDeliveryRoute-BiEWsSY3.js                                                 1.58 kB │ gzip:     0.69 kB
dist/assets/v4/extractErrorMessage-BSkQxZNp.js                                                  1.58 kB │ gzip:     0.60 kB
dist/assets/v4/SignedMessage-DGcErpPJ.js                                                        1.58 kB │ gzip:     0.50 kB
dist/assets/v4/getBaseLanguage-CJyYa37L.js                                                      1.58 kB │ gzip:     0.62 kB
dist/assets/v4/ChartLegendItem-XJ9TGH8v.js                                                      1.58 kB │ gzip:     0.59 kB
dist/assets/v4/AiChatThreadProps-BqoaHkGZ.js                                                    1.58 kB │ gzip:     0.58 kB
dist/assets/v4/CommonsOAuthContext-CHorYtQR.js                                                  1.59 kB │ gzip:     0.84 kB
dist/assets/v4/MultiAxisPlotRenderArgs-CnfB8tdk.js                                              1.59 kB │ gzip:     0.75 kB
dist/assets/v4/select-DxjvMPc5.js                                                               1.59 kB │ gzip:     0.55 kB
dist/assets/v4/useIsAssetLinked-Bjc7w7AG.js                                                     1.59 kB │ gzip:     0.53 kB
dist/assets/v4/HttpRequestError-BG0QZxUh.js                                                     1.59 kB │ gzip:     0.73 kB
dist/assets/v4/PutAccountCapabilityPolicyInput-Civ4_1kL.js                                      1.59 kB │ gzip:     0.57 kB
dist/assets/v4/AgentChatComposerProps-MzaIxcfY.js                                               1.59 kB │ gzip:     0.62 kB
dist/assets/v4/OxyOAuthCallback-D6chO92p.js                                                     1.59 kB │ gzip:     0.67 kB
dist/assets/v4/getAccountColor-C8d9bBU0.js                                                      1.59 kB │ gzip:     0.66 kB
dist/assets/v4/AiBreadcrumbs-CODvL42r.js                                                        1.59 kB │ gzip:     0.87 kB
dist/assets/v4/project-board-Thfqo8ta.js                                                        1.59 kB │ gzip:     0.59 kB
dist/assets/v4/AvatarPreset-CqNrTF36.js                                                         1.59 kB │ gzip:     0.55 kB
dist/assets/v4/TextFieldLabel-DVHvz7KG.js                                                       1.59 kB │ gzip:     0.67 kB
dist/assets/v4/reputationCategoryLabel-832bgXYI.js                                              1.59 kB │ gzip:     0.55 kB
dist/assets/v4/useConnectedApps-vzjoPHv3.js                                                     1.59 kB │ gzip:     0.63 kB
dist/assets/v4/useSessions-Cfykf2W6.js                                                          1.59 kB │ gzip:     0.58 kB
dist/assets/v4/AiChatContainerProps-tWFk8soM.js                                                 1.59 kB │ gzip:     0.62 kB
dist/assets/v4/useThrottledValue-C3j8SwMj.js                                                    1.59 kB │ gzip:     0.56 kB
dist/assets/v4/OxyProvider-DqLvRAJq.js                                                          1.59 kB │ gzip:     0.90 kB
dist/assets/v4/QuestionnaireOption-CC51eRbE.js                                                  1.59 kB │ gzip:     0.58 kB
dist/assets/v4/useSecurityInfo-BFrLcKbr.js                                                      1.59 kB │ gzip:     0.57 kB
dist/assets/v4/ContributionsGrid-j2VlqL7K.js                                                    1.60 kB │ gzip:     0.69 kB
dist/assets/v4/UserHoverCardStat-c5j2YWpl.js                                                    1.60 kB │ gzip:     0.63 kB
dist/assets/v4/Wallet-DgqEsGHA.js                                                               1.60 kB │ gzip:     0.57 kB
dist/assets/v4/usePrivacySettings-U35CtAEr.js                                                   1.60 kB │ gzip:     0.57 kB
dist/assets/v4/FOLLOW_ACTION_LEAVES_ACTIVE-BpFi_S_U.js                                          1.60 kB │ gzip:     0.71 kB
dist/assets/v4/MinimalUserData-BL_Ur3ae.js                                                      1.60 kB │ gzip:     0.52 kB
dist/assets/v4/verifyMoveCommitment-C_8yFKx7.js                                                 1.60 kB │ gzip:     0.58 kB
dist/assets/v4/AVATAR_SHAPE_LABELS-uV2Hjnhh.js                                                  1.60 kB │ gzip:     0.67 kB
dist/assets/v4/StageBar-DZlsKSCw.js                                                             1.60 kB │ gzip:     0.87 kB
dist/assets/v4/deriveMoveKey-C7ufqCuS.js                                                        1.60 kB │ gzip:     0.59 kB
dist/assets/v4/BadgeProps-DjZ94hpI.js                                                           1.61 kB │ gzip:     0.67 kB
dist/assets/v4/RadarChartCard-qVzcOZE5.js                                                       1.61 kB │ gzip:     0.87 kB
dist/assets/v4/SettingsProfilePageProps-C_KzX9xP.js                                             1.61 kB │ gzip:     0.59 kB
dist/assets/v4/createSharedMirroringAuthStateStore-BVaGGpHI.js                                  1.61 kB │ gzip:     0.76 kB
dist/assets/v4/EstablishedIdentitySession-xF1eu0zy.js                                           1.61 kB │ gzip:     0.62 kB
dist/assets/v4/AssetUrlResponse-NljFKIIz.js                                                     1.61 kB │ gzip:     0.53 kB
dist/assets/v4/ImageAspectRatio.fetchAspectRatio-DmWKqkTY.js                                    1.61 kB │ gzip:     0.68 kB
dist/assets/v4/RgbChannels-D-I3gdoU.js                                                          1.61 kB │ gzip:     0.58 kB
dist/assets/v4/NewsroomRelatedArticles-DcEvCtVg.js                                              1.61 kB │ gzip:     0.90 kB
dist/assets/v4/DotGridMeterProps-DEa4U6e4.js                                                    1.62 kB │ gzip:     0.74 kB
dist/assets/v4/ServiceAssetMetadataBySha-d3DoH4uA.js                                            1.62 kB │ gzip:     0.79 kB
dist/assets/v4/recordSuccess-BbIZsmex.js                                                        1.62 kB │ gzip:     0.57 kB
dist/assets/v4/GridDecoration-B-3azcpC.js                                                       1.62 kB │ gzip:     0.65 kB
dist/assets/v4/Typography.typeScale-CVTTFku1.js                                                 1.62 kB │ gzip:     0.42 kB
dist/assets/v4/useUserProfile-tcIxyzZL.js                                                       1.62 kB │ gzip:     0.58 kB
dist/assets/v4/DeviceContextSubject-o9JsPvGq.js                                                 1.62 kB │ gzip:     0.79 kB
dist/assets/v4/WebSearchProps-CQIZ79jT.js                                                       1.62 kB │ gzip:     0.74 kB
dist/assets/v4/NotificationCenterAction-CGQXzlTJ.js                                             1.62 kB │ gzip:     0.58 kB
dist/assets/v4/useSession-Cy9SKxsw.js                                                           1.62 kB │ gzip:     0.58 kB
dist/assets/v4/SettingsSectionLabelProps--rKMkHu4.js                                            1.62 kB │ gzip:     0.57 kB
dist/assets/v4/NotificationAvatar-DJfzz9gH.js                                                   1.62 kB │ gzip:     0.63 kB
dist/assets/v4/useUserByUsername-DAsPWoAj.js                                                    1.62 kB │ gzip:     0.58 kB
dist/assets/v4/SelectItemTextProps-CMldEl3y.js                                                  1.62 kB │ gzip:     0.55 kB
dist/assets/v4/InviteAccountMemberInput-DCX7ooSy.js                                             1.62 kB │ gzip:     0.65 kB
dist/assets/v4/Skeleton-UugKU51e.js                                                             1.62 kB │ gzip:     0.60 kB
dist/assets/v4/useFollowTarget-BVlxIY5e.js                                                      1.62 kB │ gzip:     0.60 kB
dist/assets/v4/handleAuthError-BVdD_f14.js                                                      1.62 kB │ gzip:     0.62 kB
dist/assets/v4/AiChatPanelTab-COYTc5gi.js                                                       1.62 kB │ gzip:     0.54 kB
dist/assets/v4/BloomSeedScopeProps-DFJ1km3Z.js                                                  1.63 kB │ gzip:     0.81 kB
dist/assets/v4/useOxyEvent-BTTtMbU2.js                                                          1.63 kB │ gzip:     0.67 kB
dist/assets/v4/AssetUploadInput-DmgwN25T.js                                                     1.63 kB │ gzip:     0.66 kB
dist/assets/v4/RadialVariant-CAtO0N6O.js                                                        1.63 kB │ gzip:     0.66 kB
dist/assets/v4/AuthStateStore-BSJI3naI.js                                                       1.63 kB │ gzip:     0.77 kB
dist/assets/v4/NewsroomRouteFallback-BlxSHPfA.js                                                1.63 kB │ gzip:     0.69 kB
dist/assets/v4/kindAcceptsAccountCategories-C48OIYZx.js                                         1.63 kB │ gzip:     0.69 kB
dist/assets/v4/stat-widgets-BbEKh7PY.js                                                         1.63 kB │ gzip:     0.80 kB
dist/assets/v4/stat-widgets-Dq-Ysn1d.js                                                         1.63 kB │ gzip:     0.80 kB
dist/assets/v4/useAssetErrors-mdO9ZoQA.js                                                       1.63 kB │ gzip:     0.51 kB
dist/assets/v4/createAccountDialogController-zFZh4SRn.js                                        1.63 kB │ gzip:     0.60 kB
dist/assets/v4/useUsersBySessions-CG4igbXA.js                                                   1.63 kB │ gzip:     0.61 kB
dist/assets/v4/Command-C3jR1p6M.js                                                              1.63 kB │ gzip:     0.60 kB
dist/assets/v4/FrostedIconButtonSize-DDcBqeTj.js                                                1.63 kB │ gzip:     0.72 kB
dist/assets/v4/NewProjectTicket-DU3ryl2G.js                                                     1.63 kB │ gzip:     0.58 kB
dist/assets/v4/UseFollowTargetResult-BmaPnmFC.js                                                1.63 kB │ gzip:     0.71 kB
dist/assets/v4/input-group-CQaZIkCT.js                                                          1.63 kB │ gzip:     0.70 kB
dist/assets/v4/getCanonicalUserHandle-DVDhotWO.js                                               1.63 kB │ gzip:     0.64 kB
dist/assets/v4/tokens.space-MfVvdHSj.js                                                         1.63 kB │ gzip:     0.85 kB
dist/assets/v4/DataTableSearch-BNLpNh4Q.js                                                      1.64 kB │ gzip:     0.69 kB
dist/assets/v4/useAuth-DjiZSfRj.js                                                              1.64 kB │ gzip:     0.70 kB
dist/assets/v4/useStorage-BdCZDvKE.js                                                           1.64 kB │ gzip:     0.63 kB
dist/assets/v4/OverlayLayer-D4X7EsoW.js                                                         1.64 kB │ gzip:     0.60 kB
dist/assets/v4/Radio-BKW9GuG0.js                                                                1.64 kB │ gzip:     0.59 kB
dist/assets/v4/OAuthTokenExchangeResult-DA7bgRt6.js                                             1.64 kB │ gzip:     0.83 kB
dist/assets/v4/BORDER_ROLES-zykgVonr.js                                                         1.64 kB │ gzip:     0.56 kB
dist/assets/v4/OxySignInButton-CIc9ove0.js                                                      1.64 kB │ gzip:     0.78 kB
dist/assets/v4/ChartCardPoint-Cz_PWFNS.js                                                       1.65 kB │ gzip:     0.61 kB
dist/assets/v4/DialogActionColor-D7eq2ads.js                                                    1.65 kB │ gzip:     0.69 kB
dist/assets/v4/FunnelStage-Bkl1s0i3.js                                                          1.65 kB │ gzip:     0.87 kB
dist/assets/v4/WalletPagination-D2CCoV1I.js                                                     1.65 kB │ gzip:     0.54 kB
dist/assets/v4/openOAuthPopup-fnlCueLU.js                                                       1.65 kB │ gzip:     0.72 kB
dist/assets/v4/useHaptics-CdScMxpL.js                                                           1.65 kB │ gzip:     0.73 kB
dist/assets/v4/withApplicationMode-BUSIE2v1.js                                                  1.65 kB │ gzip:     0.66 kB
dist/assets/v4/ApplicationCredentialType-C37Et66V.js                                            1.65 kB │ gzip:     0.70 kB
dist/assets/v4/StoreCategory-DaCzNsVw.js                                                        1.65 kB │ gzip:     0.60 kB
dist/assets/v4/isWebBrowser-DSQidNXg.js                                                         1.65 kB │ gzip:     0.77 kB
dist/assets/v4/loading-BDn35cke.js                                                              1.66 kB │ gzip:     0.67 kB
dist/assets/v4/AgentChat-D-_Wh0Tx.js                                                            1.66 kB │ gzip:     0.60 kB
dist/assets/v4/AgentLogGuideBridgeProps-Ckb7m15p.js                                             1.66 kB │ gzip:     0.62 kB
dist/assets/v4/CalendarViewEventDetailsProps-CEg15WCC.js                                        1.66 kB │ gzip:     0.50 kB
dist/assets/v4/ComposerAttachments-CMNLRenM.js                                                  1.66 kB │ gzip:     0.68 kB
dist/assets/v4/ErrorResponse-C8fLz2T_.js                                                        1.66 kB │ gzip:     0.54 kB
dist/assets/v4/SettingsRowData-D_M8QAS_.js                                                      1.66 kB │ gzip:     0.52 kB
dist/assets/v4/TableHeaderProps-p9BEvG-x.js                                                     1.66 kB │ gzip:     0.58 kB
dist/assets/v4/calculateBackoffInterval-DcCIWo95.js                                             1.66 kB │ gzip:     0.66 kB
dist/assets/v4/deriveIdentityFromMnemonic-D6h3Eewf.js                                           1.66 kB │ gzip:     0.70 kB
dist/assets/v4/ChartCenterReadout-D2y6F6k1.js                                                   1.66 kB │ gzip:     0.70 kB
dist/assets/v4/ImportantAlertsCardTone-DxlnPwSs.js                                              1.66 kB │ gzip:     0.58 kB
dist/assets/v4/RadioCard-ZVOzpLQn.js                                                            1.66 kB │ gzip:     0.60 kB
dist/assets/v4/patient-info-card-wrloc9hW.js                                                    1.66 kB │ gzip:     0.94 kB
dist/assets/v4/1.0.0-Dw3sGTJe.js                                                                1.66 kB │ gzip:     0.82 kB
dist/assets/v4/InputOtpProps-CNPaiEow.js                                                        1.66 kB │ gzip:     0.67 kB
dist/assets/v4/SidebarAvatar-BN56i-uV.js                                                        1.67 kB │ gzip:     0.57 kB
dist/assets/v4/CalendarViewMeeting-CLtIppkl.js                                                  1.67 kB │ gzip:     0.63 kB
dist/assets/v4/safeJsonParse-CBU9jjWD.js                                                        1.67 kB │ gzip:     0.58 kB
dist/assets/v4/DataTableSelect-eN1dwQyQ.js                                                      1.67 kB │ gzip:     0.70 kB
dist/assets/v4/UpsertCachedUserOptions-DAy60ym-.js                                              1.67 kB │ gzip:     0.77 kB
dist/assets/v4/Logger-DjmjhZnR.js                                                               1.67 kB │ gzip:     0.45 kB
dist/assets/v4/WebOAuthSignInResult-IjaxsijV.js                                                 1.67 kB │ gzip:     0.50 kB
dist/assets/v4/ChartLegend-_f-_DKdH.js                                                          1.68 kB │ gzip:     0.74 kB
dist/assets/v4/alert-dialog-cTEji13r.js                                                         1.68 kB │ gzip:     0.66 kB
dist/assets/v4/withOpacity-VpSRsALa.js                                                          1.68 kB │ gzip:     0.63 kB
dist/assets/v4/AgentLimitsCardProps-B-O5h4LV.js                                                 1.68 kB │ gzip:     0.67 kB
dist/assets/v4/ApiError-CetvZ44x.js                                                             1.68 kB │ gzip:     0.54 kB
dist/assets/v4/BarListCardProps-BPdFleNv.js                                                     1.68 kB │ gzip:     0.71 kB
dist/assets/v4/normalizeUserIdentityOrNull-CgA4aF1g.js                                          1.68 kB │ gzip:     0.56 kB
dist/assets/v4/ScrollRestorationBinding-R48YnZtZ.js                                             1.68 kB │ gzip:     0.93 kB
dist/assets/v4/ChartCardSurface-BlE9xnpB.js                                                     1.68 kB │ gzip:     0.70 kB
dist/assets/v4/RotateApplicationCredentialInput-Nt-ZdSmi.js                                     1.68 kB │ gzip:     0.76 kB
dist/assets/v4/getContrastTextColor-DuyCsK7C.js                                                 1.68 kB │ gzip:     0.66 kB
dist/assets/v4/ApiResponse-CTLJBtSV.js                                                          1.68 kB │ gzip:     0.57 kB
dist/assets/v4/RadialChartCard-ChyObS1o.js                                                      1.68 kB │ gzip:     0.91 kB
dist/assets/v4/SpinnerLoadingProps-D8pAmSvn.js                                                  1.68 kB │ gzip:     0.60 kB
dist/assets/v4/useBottomEdgeInset-BQrGBdBi.js                                                   1.68 kB │ gzip:     0.80 kB
dist/assets/v4/CalendarViewParticipant-3jRGCX71.js                                              1.68 kB │ gzip:     0.61 kB
dist/assets/v4/createDeferredProductAnalytics-C14N1YW2.js                                       1.68 kB │ gzip:     0.63 kB
dist/assets/v4/RadioGroupProps-BEfMiGc6.js                                                      1.69 kB │ gzip:     0.76 kB
dist/assets/v4/PressableScale-DDiDxWlO.js                                                       1.69 kB │ gzip:     0.80 kB
dist/assets/v4/AddScreenshotInput-C8WrXTCi.js                                                   1.69 kB │ gzip:     0.61 kB
dist/assets/v4/ApplicationCredential-zFSmO5ty.js                                                1.69 kB │ gzip:     0.67 kB
dist/assets/v4/sortable-media-jIuM-elQ.js                                                       1.69 kB │ gzip:     0.68 kB
dist/assets/v4/SettingsModalPage-CyrnbKRd.js                                                    1.69 kB │ gzip:     0.65 kB
dist/assets/v4/Admonition-CQLSMvz7.js                                                           1.69 kB │ gzip:     0.64 kB
dist/assets/v4/AccountNode-DUZ5x22i.js                                                          1.70 kB │ gzip:     0.71 kB
dist/assets/v4/0.6.8-BmzS4vhp.js                                                                1.70 kB │ gzip:     0.83 kB
dist/assets/v4/0.6.9-w-kMmg6u.js                                                                1.70 kB │ gzip:     0.83 kB
dist/assets/v4/translateTemplateCopy-DQDvSXyL.js                                                1.70 kB │ gzip:     0.62 kB
dist/assets/v4/AgentChatActions-BNkzKfL4.js                                                     1.70 kB │ gzip:     0.61 kB
dist/assets/v4/AgentChatHistory-irQGUJGh.js                                                     1.70 kB │ gzip:     0.61 kB
dist/assets/v4/useUserProfiles-B0Txsi6K.js                                                      1.70 kB │ gzip:     0.60 kB
dist/assets/v4/TicketComment-oXYn8vi0.js                                                        1.70 kB │ gzip:     0.50 kB
dist/assets/v4/WriteStoreReviewInput-Dx8l9glz.js                                                1.70 kB │ gzip:     0.62 kB
dist/assets/v4/PopoverSeparatorProps-B3MRZUqN.js                                                1.70 kB │ gzip:     0.61 kB
dist/assets/v4/0.6.14-BlXN3L-c.js                                                               1.70 kB │ gzip:     0.83 kB
dist/assets/v4/AppShellProps-CwH8tICX.js                                                        1.70 kB │ gzip:     0.73 kB
dist/assets/v4/TooltipContent-BDBUzT3Q.js                                                       1.70 kB │ gzip:     0.60 kB
dist/assets/v4/AgentChatComposer-1NW4uksU.js                                                    1.70 kB │ gzip:     0.61 kB
dist/assets/v4/AiChatFeedbackRow-C7DWG37E.js                                                    1.70 kB │ gzip:     0.62 kB
dist/assets/v4/RecentHiresCardProps-BvMTIlxO.js                                                 1.70 kB │ gzip:     0.66 kB
dist/assets/v4/RequestOAuthConsentOptions-BOHhpY6N.js                                           1.71 kB │ gzip:     0.64 kB
dist/assets/v4/resolveAvatarTint-IIUHfya7.js                                                    1.71 kB │ gzip:     0.61 kB
dist/assets/v4/SelectGroupProps-OI9TX0aY.js                                                     1.71 kB │ gzip:     0.55 kB
dist/assets/v4/SelectLabelProps-Dn5xaPfa.js                                                     1.71 kB │ gzip:     0.55 kB
dist/assets/v4/useClaimBottomEdge-CeDbCJbW.js                                                   1.71 kB │ gzip:     0.75 kB
dist/assets/v4/useRestoreAccessibilityFocus-CO26JFOU.js                                         1.71 kB │ gzip:     0.69 kB
dist/assets/v4/AiChatGalleryPanel-BGFh6CP6.js                                                   1.71 kB │ gzip:     0.62 kB
dist/assets/v4/BloomDemoIsolationPage-C8lCGH4Y.js                                               1.71 kB │ gzip:     0.92 kB
dist/assets/v4/setColorSchemeSafe-2mgjxSsQ.js                                                   1.71 kB │ gzip:     0.90 kB
dist/assets/v4/refreshPersistedSession-BlS1HeM2.js                                              1.71 kB │ gzip:     0.89 kB
dist/assets/v4/parseRgb-BWHdYj1z.js                                                             1.71 kB │ gzip:     0.66 kB
dist/assets/v4/deriveMoveSas-CoTiGoZd.js                                                        1.72 kB │ gzip:     0.60 kB
dist/assets/v4/AvailabilityBadge-CazJCNV2.js                                                    1.72 kB │ gzip:     0.90 kB
dist/assets/v4/Gutters-cMzKW2d2.js                                                              1.72 kB │ gzip:     0.56 kB
dist/assets/v4/readLocalDeviceCredential-ByP45lTk.js                                            1.72 kB │ gzip:     0.60 kB
dist/assets/v4/AVATAR_SIZES-BXFhG2Q7.js                                                         1.72 kB │ gzip:     0.76 kB
dist/assets/v4/LogoutResult-BJkarCGh.js                                                         1.72 kB │ gzip:     0.75 kB
dist/assets/v4/ComboPoint-Bwu-i-2D.js                                                           1.72 kB │ gzip:     0.93 kB
dist/assets/v4/RadioProps-BOv11hJN.js                                                           1.72 kB │ gzip:     0.73 kB
dist/assets/v4/AssetLinkRequest-CjyVj-DD.js                                                     1.72 kB │ gzip:     0.56 kB
dist/assets/v4/ColorEngine.AccentSources-DaPKlCBY.js                                            1.73 kB │ gzip:     0.76 kB
dist/assets/v4/useAgentLogRevealTicker-Ctc-apOx.js                                              1.73 kB │ gzip:     0.76 kB
dist/assets/v4/input-otp-CDgkRgpH.js                                                            1.73 kB │ gzip:     0.71 kB
dist/assets/v4/VirtualListRenderItem-DMr3FxTC.js                                                1.73 kB │ gzip:     0.63 kB
dist/assets/v4/resolveChipHueColors-C4t20qgE.js                                                 1.73 kB │ gzip:     0.80 kB
dist/assets/v4/AiChatImageGeneration-BWn7IxyH.js                                                1.73 kB │ gzip:     0.62 kB
dist/assets/v4/computeCodeChallenge-DLz0CYYP.js                                                 1.73 kB │ gzip:     0.73 kB
dist/assets/v4/DirectionProviderProps-CKqFalf1.js                                               1.73 kB │ gzip:     0.55 kB
dist/assets/v4/normalizeOAuthRedirectUri-COzTQKO0.js                                            1.73 kB │ gzip:     0.76 kB
dist/assets/v4/OptionSelect-zIdxHJoJ.js                                                         1.73 kB │ gzip:     0.94 kB
dist/assets/v4/TEXT_ROLES-isLnrjU2.js                                                           1.73 kB │ gzip:     0.54 kB
dist/assets/v4/BulkUnfollowEntry-DNvtIL83.js                                                    1.73 kB │ gzip:     0.64 kB
dist/assets/v4/CacheableUser-CM1SZl3U.js                                                        1.73 kB │ gzip:     0.83 kB
dist/assets/v4/RequesterAssertionGrant-BC26kTgG.js                                              1.73 kB │ gzip:     0.56 kB
dist/assets/v4/ApplicationUsageByDay-DeuVtKLA.js                                                1.73 kB │ gzip:     0.56 kB
dist/assets/v4/AiChatAssistantMessage-3YixxPK1.js                                               1.73 kB │ gzip:     0.62 kB
dist/assets/v4/ScreenTransition-DXHbyzcj.js                                                     1.74 kB │ gzip:     0.71 kB
dist/assets/v4/SignInFlowPhase-CPpRtm4B.js                                                      1.74 kB │ gzip:     0.82 kB
dist/assets/v4/ChartRangeSelect-CV_NI1Xt.js                                                     1.74 kB │ gzip:     0.77 kB
dist/assets/v4/AccentColors-7RbrkFdM.js                                                         1.74 kB │ gzip:     0.58 kB
dist/assets/v4/CarouselProps-CCn98IrN.js                                                        1.74 kB │ gzip:     0.69 kB
dist/assets/v4/createMoveCommitment-Dsu6BLkQ.js                                                 1.74 kB │ gzip:     0.61 kB
dist/assets/v4/BulkFollowEntry-BQTbm5Yx.js                                                      1.75 kB │ gzip:     0.64 kB
dist/assets/v4/AiChatResizeHandle-w9uoDTv3.js                                                   1.75 kB │ gzip:     0.81 kB
dist/assets/v4/CompositionCategory-p-GDETYk.js                                                  1.75 kB │ gzip:     0.59 kB
dist/assets/v4/screen-B_NP7Pv5.js                                                               1.75 kB │ gzip:     0.74 kB
dist/assets/v4/getPrimaryLanguage-D4GLCskS.js                                                   1.75 kB │ gzip:     0.66 kB
dist/assets/v4/AiChatContainerLabels-DOmRLry6.js                                                1.75 kB │ gzip:     0.54 kB
dist/assets/v4/AlertDialogProps-SnY9tdP2.js                                                     1.75 kB │ gzip:     0.68 kB
dist/assets/v4/buildAccountsArray-0Oh1z8zX.js                                                   1.75 kB │ gzip:     0.60 kB
dist/assets/v4/bloomThemeCss-C3S3iXaW.js                                                        1.76 kB │ gzip:     0.71 kB
dist/assets/v4/ProjectMember-C3cgtJFn.js                                                        1.76 kB │ gzip:     0.52 kB
dist/assets/v4/buildTheme-CnSwTO7p.js                                                           1.76 kB │ gzip:     0.76 kB
dist/assets/v4/AuthState-fa4sw0zm.js                                                            1.76 kB │ gzip:     0.81 kB
dist/assets/v4/normalizeUserIdentity-C6TX-fEQ.js                                                1.76 kB │ gzip:     0.67 kB
dist/assets/v4/paginationRange-BbewQ9nw.js                                                      1.76 kB │ gzip:     0.60 kB
dist/assets/v4/isHttpRequestError-Bpp-D08g.js                                                   1.76 kB │ gzip:     0.67 kB
dist/assets/v4/ParsedHttpErrorBody-BYnBA0QF.js                                                  1.77 kB │ gzip:     0.61 kB
dist/assets/v4/Skeleton.Text-DFmYymqk.js                                                        1.77 kB │ gzip:     0.72 kB
dist/assets/v4/useUpdateUserPreferences-CpjbFdDs.js                                             1.77 kB │ gzip:     0.59 kB
dist/assets/v4/AvatarShapePath-BN3BicpR.js                                                      1.77 kB │ gzip:     0.77 kB
dist/assets/v4/NOTIFICATION_GEOMETRY-B0LMlrsW.js                                                1.77 kB │ gzip:     0.76 kB
dist/assets/v4/Switch-BK1WBOdn.js                                                               1.77 kB │ gzip:     0.83 kB
dist/assets/v4/SignInProgress-CXYEWIi-.js                                                       1.77 kB │ gzip:     0.82 kB
dist/assets/v4/buildUrl-1AaKlI6W.js                                                             1.77 kB │ gzip:     0.60 kB
dist/assets/v4/lightenColor-BOxNdk-C.js                                                         1.77 kB │ gzip:     0.66 kB
dist/assets/v4/PulsingDot-C462VXxD.js                                                           1.77 kB │ gzip:     0.82 kB
dist/assets/v4/StorePage-BRgjahyN.js                                                            1.77 kB │ gzip:     0.65 kB
dist/assets/v4/NotificationCenterProps-BCP20QWi.js                                              1.77 kB │ gzip:     0.61 kB
dist/assets/v4/getOppositeTheme-D9H9OTXo.js                                                     1.77 kB │ gzip:     0.63 kB
dist/assets/v4/ComposerStatusBarLabels-Dmn2oJej.js                                              1.78 kB │ gzip:     0.61 kB
dist/assets/v4/OpenedRawKeyIdentity-y78cvoCc.js                                                 1.78 kB │ gzip:     0.62 kB
dist/assets/v4/animated-check-D260OGun.js                                                       1.78 kB │ gzip:     0.90 kB
dist/assets/v4/PkcePair-CxQDJlPG.js                                                             1.78 kB │ gzip:     0.67 kB
dist/assets/v4/TextField-C4C4OTgX.js                                                            1.78 kB │ gzip:     0.90 kB
dist/assets/v4/Skeleton.Col-CftNtICI.js                                                         1.78 kB │ gzip:     0.72 kB
dist/assets/v4/Skeleton.Row-D9iLNllT.js                                                         1.78 kB │ gzip:     0.72 kB
dist/assets/v4/ProvisionChannelMemberInput-CD76ZoK9.js                                          1.78 kB │ gzip:     0.61 kB
dist/assets/v4/code-B6cFypwA.js                                                                 1.78 kB │ gzip:     0.97 kB
dist/assets/v4/TokensPoint-rVLChl8d.js                                                          1.78 kB │ gzip:     0.99 kB
dist/assets/v4/WalletTransactionsResponse-CLsyTzOa.js                                           1.79 kB │ gzip:     0.67 kB
dist/assets/v4/SidebarTreeFolder-7vbdlaC9.js                                                    1.79 kB │ gzip:     0.61 kB
dist/assets/v4/Tabs-BXYzltv9.js                                                                 1.79 kB │ gzip:     0.86 kB
dist/assets/v4/newsroomSeo-DllQC2TU.js                                                          1.79 kB │ gzip:     0.80 kB
dist/assets/v4/ScrollRouterAdapter-BLTPFNVm.js                                                  1.79 kB │ gzip:     0.95 kB
dist/assets/v4/ApplicationUsageStats-BdQmwRdh.js                                                1.79 kB │ gzip:     0.59 kB
dist/assets/v4/WeekRangePill-BtB_Iwda.js                                                        1.79 kB │ gzip:     0.75 kB
dist/assets/v4/animated-check-7vfrTLnH.js                                                       1.79 kB │ gzip:     0.91 kB
dist/assets/v4/useSurface-rJb7KR3Z.js                                                           1.79 kB │ gzip:     0.73 kB
dist/assets/v4/SeedAccents-HOZob4cU.js                                                          1.80 kB │ gzip:     0.70 kB
dist/assets/v4/ContactDiscoveryMatch-BS6va3gp.js                                                1.80 kB │ gzip:     0.66 kB
dist/assets/v4/SettingsPlanArtProps-BWIDIPnT.js                                                 1.80 kB │ gzip:     0.55 kB
dist/assets/v4/AgentChatHistoryLabels-Dey6k5sO.js                                               1.80 kB │ gzip:     0.54 kB
dist/assets/v4/AttestQrPayload-J1q8u2AT.js                                                      1.81 kB │ gzip:     0.68 kB
dist/assets/v4/AssetLink-D9Oe20Fe.js                                                            1.81 kB │ gzip:     0.51 kB
dist/assets/v4/Checkbox-C7O7rI1E.js                                                             1.81 kB │ gzip:     0.94 kB
dist/assets/v4/ProjectColumn-BqG9WK8c.js                                                        1.81 kB │ gzip:     0.57 kB
dist/assets/v4/Fonts.fontCssVars-BDb9rnmF.js                                                    1.81 kB │ gzip:     0.55 kB
dist/assets/v4/ProfileButtonProps-Bx7WrNNT.js                                                   1.81 kB │ gzip:     0.83 kB
dist/assets/v4/darkenColor-7ZgQKUjh.js                                                          1.82 kB │ gzip:     0.68 kB
dist/assets/v4/outline-nav-DqB4t0Z3.js                                                          1.82 kB │ gzip:     0.82 kB
dist/assets/v4/rgbToHex-S1G5rzqX.js                                                             1.82 kB │ gzip:     0.63 kB
dist/assets/v4/useDialogHeader-bXGgF07_.js                                                      1.82 kB │ gzip:     0.79 kB
dist/assets/v4/AiChatGeneration-CJSgW2OD.js                                                     1.82 kB │ gzip:     0.64 kB
dist/assets/v4/CommonsAvailability-CH3J7L6v.js                                                  1.82 kB │ gzip:     0.75 kB
dist/assets/v4/OxyConsentScreenProps-DzABYZaK.js                                                1.82 kB │ gzip:     0.84 kB
dist/assets/v4/ScatterPoint-aPnG7Ts5.js                                                         1.82 kB │ gzip:     0.59 kB
dist/assets/v4/AiChatMobileHeader-CwtJ5CXw.js                                                   1.82 kB │ gzip:     0.75 kB
dist/assets/v4/useOxy-CviaQgBG.js                                                               1.82 kB │ gzip:     0.78 kB
dist/assets/v4/ChartHeadline-BYm6T3Oi.js                                                        1.82 kB │ gzip:     0.77 kB
dist/assets/v4/ColorEngine.quantizeImage-BbCE5Uu4.js                                            1.82 kB │ gzip:     0.68 kB
dist/assets/v4/NOTIFICATION_STATUS_ICON-Cz3NM81M.js                                             1.82 kB │ gzip:     0.80 kB
dist/assets/v4/AccountDialogMenuItem-CmIwYdX3.js                                                1.82 kB │ gzip:     0.59 kB
dist/assets/v4/NotificationAction-D2g3sNiC.js                                                   1.82 kB │ gzip:     0.64 kB
dist/assets/v4/AgentChatMessageProps--PTkzvDd.js                                                1.83 kB │ gzip:     0.79 kB
dist/assets/v4/ambientTheme-ChUBNwtc.js                                                         1.83 kB │ gzip:     0.67 kB
dist/assets/v4/TableCellProps-CM335e60.js                                                       1.83 kB │ gzip:     0.59 kB
dist/assets/v4/pressable-scale-Bsgz5qff.js                                                      1.83 kB │ gzip:     0.95 kB
dist/assets/v4/pressable-scale-CpHMQ-Gs.js                                                      1.83 kB │ gzip:     0.95 kB
dist/assets/v4/branding-CxTPFi62.js                                                             1.83 kB │ gzip:     1.04 kB
dist/assets/v4/AiChatPanelAction-BUP8stNt.js                                                    1.83 kB │ gzip:     0.60 kB
dist/assets/v4/ContentPanelFramedBreakpoint-BXuBVbc6.js                                         1.83 kB │ gzip:     0.76 kB
dist/assets/v4/useUserWallet-Dgc94GXk.js                                                        1.84 kB │ gzip:     0.69 kB
dist/assets/v4/AgentLogWorkingRowProps-CnoL3JSc.js                                              1.84 kB │ gzip:     0.59 kB
dist/assets/v4/ProgressiveBlurProps-tYYGbJEp.js                                                 1.84 kB │ gzip:     0.72 kB
dist/assets/v4/task-list-BjlemvZi.js                                                            1.84 kB │ gzip:     0.85 kB
dist/assets/v4/createNativeIdentityPinStore-Dt51nYpb.js                                         1.85 kB │ gzip:     0.66 kB
dist/assets/v4/useSecurityActivity-D_WnQGoI.js                                                  1.85 kB │ gzip:     0.62 kB
dist/assets/v4/FollowLabels-B_w4ah0H.js                                                         1.85 kB │ gzip:     0.59 kB
dist/assets/v4/BackupMaterial-CXEEX70A.js                                                       1.85 kB │ gzip:     0.82 kB
dist/assets/v4/mongodb-runtime-boundary-CgSOdQpe.js                                             1.85 kB │ gzip:     0.80 kB
dist/assets/v4/ChartStatTile-IJZqgMl8.js                                                        1.85 kB │ gzip:     0.57 kB
dist/assets/v4/DataTableRowActionItem-DA74u0M5.js                                               1.85 kB │ gzip:     0.69 kB
dist/assets/v4/AgentPreferences-DHaIbCGm.js                                                     1.85 kB │ gzip:     0.58 kB
dist/assets/v4/StatBarProgressProps-CBLz_XQB.js                                                 1.85 kB │ gzip:     0.65 kB
dist/assets/v4/accountIdsOf-CuUN25bY.js                                                         1.86 kB │ gzip:     0.61 kB
dist/assets/v4/ScatterSeries-J3ZwJeLH.js                                                        1.86 kB │ gzip:     0.61 kB
dist/assets/v4/resolveFollowPrimaryAction-qJzKxSsE.js                                           1.86 kB │ gzip:     0.72 kB
dist/assets/v4/AgentLimitsContext-Hn9JCNtk.js                                                   1.86 kB │ gzip:     0.66 kB
dist/assets/v4/BloomColorScope-BlZ3xHbg.js                                                      1.86 kB │ gzip:     1.06 kB
dist/assets/v4/getNormalizedUserHandle-BqZNWijB.js                                              1.86 kB │ gzip:     0.75 kB
dist/assets/v4/staking--lD32BaA.js                                                              1.86 kB │ gzip:     0.99 kB
dist/assets/v4/Code.CodeBlockProps-DkRmqyzY.js                                                  1.87 kB │ gzip:     0.76 kB
dist/assets/v4/AssetUpdateVisibilityResponse-BZDz9YKE.js                                        1.87 kB │ gzip:     0.59 kB
dist/assets/v4/signMoveReceipt-DiWtvI7W.js                                                      1.87 kB │ gzip:     0.69 kB
dist/assets/v4/Fonts.FontLoaderProps-BYvwYHbf.js                                                1.87 kB │ gzip:     0.73 kB
dist/assets/v4/TabsTriggerProps-Ud6BrsiA.js                                                     1.87 kB │ gzip:     0.89 kB
dist/assets/v4/buildOAuthAuthorizeUrl-BYi_q0Yg.js                                               1.87 kB │ gzip:     0.77 kB
dist/assets/v4/useAccountStorageUsage-CWA7349J.js                                               1.87 kB │ gzip:     0.72 kB
dist/assets/v4/OAuthUserInfoResponse-DqfN0y1v.js                                                1.87 kB │ gzip:     0.58 kB
dist/assets/v4/Typography-BQWlKaeb.js                                                           1.87 kB │ gzip:     0.40 kB
dist/assets/v4/buildSearchParams-i1Jf-2pC.js                                                    1.87 kB │ gzip:     0.69 kB
dist/assets/v4/useAccessibilityFocus-CYuV_7y7.js                                                1.87 kB │ gzip:     0.69 kB
dist/assets/v4/getAccountFallbackHandle-xR1ZUVoE.js                                             1.87 kB │ gzip:     0.74 kB
dist/assets/v4/AssetDeleteSummary-CozRJ0-j.js                                                   1.87 kB │ gzip:     0.56 kB
dist/assets/v4/PulsingDotProps-CRVLolgf.js                                                      1.87 kB │ gzip:     0.55 kB
dist/assets/v4/createLogger-B0QwuBlJ.js                                                         1.87 kB │ gzip:     0.69 kB
dist/assets/v4/applyPresetVarsToDocument-trchngu7.js                                            1.88 kB │ gzip:     0.87 kB
dist/assets/v4/recordFailure-BGA9QWWA.js                                                        1.88 kB │ gzip:     0.66 kB
dist/assets/v4/SelectScrollContextValue-DF38anqd.js                                             1.88 kB │ gzip:     0.62 kB
dist/assets/v4/useUpdateNotificationPreferences-DYCwXJb2.js                                     1.89 kB │ gzip:     0.63 kB
dist/assets/v4/refreshDeviceSecretArm-D-eGyEoZ.js                                               1.89 kB │ gzip:     0.96 kB
dist/assets/v4/createCircuitBreakerState-BurC-Oje.js                                            1.89 kB │ gzip:     0.66 kB
dist/assets/v4/accordion-bhorRmGo.js                                                            1.90 kB │ gzip:     0.58 kB
dist/assets/v4/getUserLanguages-DJRO1HUC.js                                                     1.90 kB │ gzip:     0.80 kB
dist/assets/v4/TextFieldInputProps-Dz0uKksu.js                                                  1.90 kB │ gzip:     0.87 kB
dist/assets/v4/DatePicker-CEukRav0.js                                                           1.90 kB │ gzip:     0.84 kB
dist/assets/v4/ImageAspectRatio-DYkHCs_a.js                                                     1.90 kB │ gzip:     0.53 kB
dist/assets/v4/CommonsSignInPurpose-D_TnAoG-.js                                                 1.90 kB │ gzip:     0.88 kB
dist/assets/v4/identityPinMatches-Cg64Hd6_.js                                                   1.91 kB │ gzip:     0.74 kB
dist/assets/v4/AgentProgressLoadingTextProps-CDwK-0LQ.js                                        1.91 kB │ gzip:     0.56 kB
dist/assets/v4/normalizeMultilineText-C78SWYaS.js                                               1.91 kB │ gzip:     1.06 kB
dist/assets/v4/featureRequest-BY_ySgsc.js                                                       1.91 kB │ gzip:     0.88 kB
dist/assets/v4/2.0.0-BIfqN2oG.js                                                                1.91 kB │ gzip:     0.93 kB
dist/assets/v4/pushTargetsFromDelivery-BEDghtzN.js                                              1.91 kB │ gzip:     0.77 kB
dist/assets/v4/AgentChatThread-CdDvAqef.js                                                      1.91 kB │ gzip:     0.61 kB
dist/assets/v4/WrapInput-WfH0FaEy.js                                                            1.91 kB │ gzip:     0.65 kB
dist/assets/v4/Skeleton.Pill-Bud13RPq.js                                                        1.92 kB │ gzip:     0.74 kB
dist/assets/v4/SidebarTreeItem-DQT1iDYV.js                                                      1.92 kB │ gzip:     0.61 kB
dist/assets/v4/oxy-link-preview-migration-Cg2Fx-EV.js                                           1.92 kB │ gzip:     0.91 kB
dist/assets/v4/shouldAllowRequest-CpCzKmdG.js                                                   1.92 kB │ gzip:     0.75 kB
dist/assets/v4/TextFieldSize-470kp1Ac.js                                                        1.92 kB │ gzip:     0.84 kB
dist/assets/v4/kbd-DuNM8sLl.js                                                                  1.92 kB │ gzip:     0.98 kB
dist/assets/v4/useUserPayments-Cf7wKGxs.js                                                      1.92 kB │ gzip:     0.69 kB
dist/assets/v4/ChainRecordPage-ex6JXni_.js                                                      1.92 kB │ gzip:     0.71 kB
dist/assets/v4/normalizeTheme-DPAJjngX.js                                                       1.92 kB │ gzip:     0.70 kB
dist/assets/v4/wallet-UW-HSXkA.js                                                               1.92 kB │ gzip:     1.00 kB
dist/assets/v4/MediaInsetBorderProps-uIaKI2f_.js                                                1.92 kB │ gzip:     0.71 kB
dist/assets/v4/platform-gK1sAlK0.js                                                             1.92 kB │ gzip:     0.60 kB
dist/assets/v4/activity-feed-Bz-TBtGk.js                                                        1.92 kB │ gzip:     0.69 kB
dist/assets/v4/bloomShadowStyle-D54Qzsgw.js                                                     1.92 kB │ gzip:     0.80 kB
dist/assets/v4/ColorEngine.generateRoleColors-CX5jLhG1.js                                       1.92 kB │ gzip:     0.79 kB
dist/assets/v4/OxyAuthRefusal-BLRKbiAr.js                                                       1.93 kB │ gzip:     1.03 kB
dist/assets/v4/DataTableRowActions-C0SLLu5Y.js                                                  1.93 kB │ gzip:     0.81 kB
dist/assets/v4/createAuthRefreshHandler-Cfv1GSi0.js                                             1.93 kB │ gzip:     0.71 kB
dist/assets/v4/StoredDeviceInfo-B22549Lj.js                                                     1.94 kB │ gzip:     0.54 kB
dist/assets/v4/ColorPresetFamilyDefinition-BWsxiAsn.js                                          1.94 kB │ gzip:     0.64 kB
dist/assets/v4/AiChatChangedFile-Dvw6M2YT.js                                                    1.94 kB │ gzip:     0.61 kB
dist/assets/v4/Typography.TextProps-DJk56VnK.js                                                 1.94 kB │ gzip:     0.75 kB
dist/assets/v4/AccordionItemProps-DUoFBlRa.js                                                   1.94 kB │ gzip:     0.63 kB
dist/assets/v4/SidebarTeamMenuProps-By0t3W6G.js                                                 1.94 kB │ gzip:     0.64 kB
dist/assets/v4/onboarding-DWOihnmg.js                                                           1.94 kB │ gzip:     1.00 kB
dist/assets/v4/buildPaginationParams-Df49mUHy.js                                                1.95 kB │ gzip:     0.69 kB
dist/assets/v4/AccordionTriggerProps-DOrOK6FR.js                                                1.95 kB │ gzip:     0.59 kB
dist/assets/v4/OpenedMnemonicIdentity-C-F_dqax.js                                               1.95 kB │ gzip:     0.68 kB
dist/assets/v4/hexToRgb-BKSK0R8X.js                                                             1.95 kB │ gzip:     0.65 kB
dist/assets/v4/getLanguageMetadata-BGci_tK7.js                                                  1.96 kB │ gzip:     0.66 kB
dist/assets/v4/careers-CeudA06o.js                                                              1.96 kB │ gzip:     1.01 kB
dist/assets/v4/earnings-chart-card-CxdEzpUu.js                                                  1.96 kB │ gzip:     1.07 kB
dist/assets/v4/TaskListProps-CbLF7Yv4.js                                                        1.96 kB │ gzip:     0.91 kB
dist/assets/v4/DEFAULT_AGENT_PROGRESS_STEPS-Bt_8gc1Q.js                                         1.96 kB │ gzip:     1.08 kB
dist/assets/v4/connection-dots-C2ErDUSO.js                                                      1.97 kB │ gzip:     0.96 kB
dist/assets/v4/connection-dots-NPmukUSy.js                                                      1.97 kB │ gzip:     0.96 kB
dist/assets/v4/RadialDatum-socsPtVH.js                                                          1.97 kB │ gzip:     0.65 kB
dist/assets/v4/useUserSubscription-C_P--1IE.js                                                  1.97 kB │ gzip:     0.71 kB
dist/assets/v4/ContributionCell-eGRYcAV2.js                                                     1.97 kB │ gzip:     0.73 kB
dist/assets/v4/persistOAuthReturnPath-DmCrZZJO.js                                               1.97 kB │ gzip:     0.88 kB
dist/assets/v4/AGENT_LOG_BRANCH-BguQ-Rzd.js                                                     1.97 kB │ gzip:     0.69 kB
dist/assets/v4/clearedFieldsFromProfileUpdate-DXItnrzG.js                                       1.97 kB │ gzip:     0.71 kB
dist/assets/v4/MoveReceiptClaims-DCFGXvdN.js                                                    1.97 kB │ gzip:     0.55 kB
dist/assets/v4/AuthMediaCarouselProps-DW7bbOeJ.js                                               1.98 kB │ gzip:     0.65 kB
dist/assets/v4/HandleApiErrorOptions-C-wy3EcI.js                                                1.98 kB │ gzip:     0.66 kB
dist/assets/v4/MeetingSchedulerHost-DXS_PqXz.js                                                 1.98 kB │ gzip:     0.63 kB
dist/assets/v4/SurfaceHeaderActionProps-h6Xsaof8.js                                             1.98 kB │ gzip:     0.63 kB
dist/assets/v4/useColorScopeStyle-DAaS4sPk.js                                                   1.98 kB │ gzip:     0.92 kB
dist/assets/v4/OAuthConsentResult-hz3ywY10.js                                                   1.98 kB │ gzip:     0.58 kB
dist/assets/v4/CommonsSignInStatus-DvGJFpwS.js                                                  1.99 kB │ gzip:     0.97 kB
dist/assets/v4/PeriodChartHeader-v0F1JX4l.js                                                    1.99 kB │ gzip:     0.80 kB
dist/assets/v4/PublicApplication-ufxiaxX6.js                                                    1.99 kB │ gzip:     0.81 kB
dist/assets/v4/SocialBrandConfig-f9frZqSh.js                                                    1.99 kB │ gzip:     0.73 kB
dist/assets/v4/SecurityActivityResponse-CZfq_4LU.js                                             1.99 kB │ gzip:     0.60 kB
dist/assets/v4/TabsDragController-GumQMrzj.js                                                   1.99 kB │ gzip:     1.01 kB
dist/assets/v4/ServiceAssetMetadata-DhxG5thX.js                                                 1.99 kB │ gzip:     0.94 kB
dist/assets/v4/SessionStateOrigin-lvVOe5DK.js                                                   1.99 kB │ gzip:     0.92 kB
dist/assets/v4/SettingsListGroupProps-C_ppkatM.js                                               1.99 kB │ gzip:     0.60 kB
dist/assets/v4/Typography.BlockquoteProps-Del9tsYA.js                                           1.99 kB │ gzip:     0.60 kB
dist/assets/v4/AiChatCodePanelProps-B3RjzfzK.js                                                 2.00 kB │ gzip:     0.74 kB
dist/assets/v4/Dialog-T7ig8Gqn.js                                                               2.00 kB │ gzip:     1.02 kB
dist/assets/v4/media-inset-border-COIY4sff.js                                                   2.00 kB │ gzip:     0.99 kB
dist/assets/v4/media-inset-border-CzddAcZ8.js                                                   2.00 kB │ gzip:     0.99 kB
dist/assets/v4/SettingsGeneralPageProps-wmTeg3ib.js                                             2.00 kB │ gzip:     0.62 kB
dist/assets/v4/deriveSharedSecret-C4mCzC9Z.js                                                   2.00 kB │ gzip:     0.75 kB
dist/assets/v4/isOxyRpOrigin-CIaFROCH.js                                                        2.00 kB │ gzip:     0.79 kB
dist/assets/v4/toast-CwPTFLpZ.js                                                                2.00 kB │ gzip:     1.04 kB
dist/assets/v4/toast-NawE3CJa.js                                                                2.00 kB │ gzip:     1.04 kB
dist/assets/v4/toast-BD3OIMmK.js                                                                2.00 kB │ gzip:     1.04 kB
dist/assets/v4/ToastOptions-yR-f7Blz.js                                                         2.00 kB │ gzip:     0.67 kB
dist/assets/v4/parseIdPayload-DAaezgee.js                                                       2.00 kB │ gzip:     0.81 kB
dist/assets/v4/Typography.TypeScaleFamily-shMlW5Pa.js                                           2.00 kB │ gzip:     0.73 kB
dist/assets/v4/normalizeSharedDeviceSessionRead-C0GVPycF.js                                     2.00 kB │ gzip:     0.80 kB
dist/assets/v4/MultiAgentChatProps-D4Isd2mc.js                                                  2.01 kB │ gzip:     0.64 kB
dist/assets/v4/OxySignUpPanelProps-P4QpCGj2.js                                                  2.01 kB │ gzip:     0.65 kB
dist/assets/v4/fill-B5GF_LY7.js                                                                 2.01 kB │ gzip:     1.11 kB
dist/assets/v4/fill-Bc_bXcDQ.js                                                                 2.01 kB │ gzip:     1.11 kB
dist/assets/v4/theme-B-xsgfCI.js                                                                2.01 kB │ gzip:     1.03 kB
dist/assets/v4/theme-BQYMiWdS.js                                                                2.01 kB │ gzip:     1.03 kB
dist/assets/v4/theme-C8s6IHTL.js                                                                2.01 kB │ gzip:     1.03 kB
dist/assets/v4/normalizeLocale-BBS-5UaO.js                                                      2.02 kB │ gzip:     0.77 kB
dist/assets/v4/theme-DMnAv37K.js                                                                2.02 kB │ gzip:     1.03 kB
dist/assets/v4/createApiError-DeDL9q85.js                                                       2.02 kB │ gzip:     0.66 kB
dist/assets/v4/clearedFieldsFromAccountUpdate-D21bEfDw.js                                       2.02 kB │ gzip:     0.67 kB
dist/assets/v4/showsPrincipalHeaders-D3Nzg4TE.js                                                2.02 kB │ gzip:     0.92 kB
dist/assets/v4/subtle-hover-1qAxm6VS.js                                                         2.02 kB │ gzip:     1.00 kB
dist/assets/v4/subtle-hover-DE_b13r7.js                                                         2.02 kB │ gzip:     1.00 kB
dist/assets/v4/Fonts-Bfz27ywp.js                                                                2.02 kB │ gzip:     0.60 kB
dist/assets/v4/AiChatUserMessageProps-DtANoLsH.js                                               2.02 kB │ gzip:     0.65 kB
dist/assets/v4/Button-DxpCcLNF.js                                                               2.02 kB │ gzip:     0.99 kB
dist/assets/v4/TopicListResult-BnvHYcQI.js                                                      2.02 kB │ gzip:     0.66 kB
dist/assets/v4/progressive-blur-AWhCgS16.js                                                     2.03 kB │ gzip:     1.05 kB
dist/assets/v4/progressive-blur-BYMFog8B.js                                                     2.03 kB │ gzip:     1.05 kB
dist/assets/v4/CommonsDeliveryResult-BqBSJsPJ.js                                                2.03 kB │ gzip:     0.81 kB
dist/assets/v4/withAuthErrorHandling-D9HaiyDN.js                                                2.03 kB │ gzip:     0.71 kB
dist/assets/v4/rows-Cm4BTs8L.js                                                                 2.03 kB │ gzip:     0.56 kB
dist/assets/v4/CalendarView-BED4y_IX.js                                                         2.03 kB │ gzip:     0.85 kB
dist/assets/v4/AreaSeries-BsPVQN4D.js                                                           2.03 kB │ gzip:     0.65 kB
dist/assets/v4/DEFAULT_COMPOSER_LOADER_COLORS-_1rgi9Et.js                                       2.03 kB │ gzip:     0.96 kB
dist/assets/v4/PersistedAuthState-11bVvTeA.js                                                   2.03 kB │ gzip:     0.92 kB
dist/assets/v4/ProfileMutationConfig-FMKx2NLT.js                                                2.03 kB │ gzip:     0.74 kB
dist/assets/v4/StatCardProps-CdvEaeUB.js                                                        2.03 kB │ gzip:     0.62 kB
dist/assets/v4/updateAvatarVisibility-Bj6kZqJT.js                                               2.03 kB │ gzip:     0.72 kB
dist/assets/v4/Fonts.FontLoader-nmlrbT2I.js                                                     2.03 kB │ gzip:     0.86 kB
dist/assets/v4/MAX_ACCOUNT_CATEGORIES-D-OjyhQ-.js                                               2.03 kB │ gzip:     0.95 kB
dist/assets/v4/RadarSeries-SJaZV85c.js                                                          2.03 kB │ gzip:     0.65 kB
dist/assets/v4/SidebarPlanCardProps-DjJIa9eg.js                                                 2.04 kB │ gzip:     0.68 kB
dist/assets/v4/breadcrumb-D5r0MTSV.js                                                           2.04 kB │ gzip:     0.83 kB
dist/assets/v4/CartesianPlotProps-AQqtGrPg.js                                                   2.04 kB │ gzip:     0.96 kB
dist/assets/v4/WebSearchStep-BQOTiwko.js                                                        2.04 kB │ gzip:     0.95 kB
dist/assets/v4/Skeleton-BvgJ-nGh.js                                                             2.04 kB │ gzip:     0.95 kB
dist/assets/v4/label-eUl7a1y-.js                                                                2.04 kB │ gzip:     0.94 kB
dist/assets/v4/StatBarSplitProps-V9-Bs371.js                                                    2.04 kB │ gzip:     0.67 kB
dist/assets/v4/divider-L3jCKNqF.js                                                              2.04 kB │ gzip:     0.98 kB
dist/assets/v4/ContextMenuProps-CP_mBXk3.js                                                     2.05 kB │ gzip:     0.77 kB
dist/assets/v4/AiChatContainer-C1MixP-e.js                                                      2.05 kB │ gzip:     0.85 kB
dist/assets/v4/BreadcrumbProps-C5zz46FF.js                                                      2.05 kB │ gzip:     0.64 kB
dist/assets/v4/RegisterNodeInput-o8_9Us5w.js                                                    2.05 kB │ gzip:     0.81 kB
dist/assets/v4/SettingsPageSection-BGYxpRA6.js                                                  2.05 kB │ gzip:     0.59 kB
dist/assets/v4/StoreScreenshot-BKSeUyhZ.js                                                      2.06 kB │ gzip:     0.62 kB
dist/assets/v4/UseStorageOptions-Rwkw48Vu.js                                                    2.06 kB │ gzip:     0.61 kB
dist/assets/v4/BarListItem-B-Jc8fjB.js                                                          2.06 kB │ gzip:     1.08 kB
dist/assets/v4/SettingsStoragePageProps-DrgLZUAq.js                                             2.06 kB │ gzip:     0.71 kB
dist/assets/v4/MultiFollowButtonProps-e9RKKdEC.js                                               2.06 kB │ gzip:     0.58 kB
dist/assets/v4/CommonsOAuthFinalizeResult-DxeRyKo7.js                                           2.06 kB │ gzip:     0.80 kB
dist/assets/v4/FabSize-D5Q0Ckyt.js                                                              2.06 kB │ gzip:     0.86 kB
dist/assets/v4/useInteractionState-De8O4n1_.js                                                  2.06 kB │ gzip:     0.65 kB
dist/assets/v4/AccountDelegationNode-B2g94H0O.js                                                2.07 kB │ gzip:     0.61 kB
dist/assets/v4/Backdrop-DSNPmgPt.js                                                             2.07 kB │ gzip:     0.96 kB
dist/assets/v4/TableBodyProps-DzQsJ_l3.js                                                       2.07 kB │ gzip:     0.66 kB
dist/assets/v4/tokens.lineHeight-CAPgXUQq.js                                                    2.07 kB │ gzip:     0.57 kB
dist/assets/v4/getting-started-CBmrEhvt.js                                                      2.07 kB │ gzip:     0.95 kB
dist/assets/v4/getting-started-CBx1pjWp.js                                                      2.07 kB │ gzip:     0.95 kB
dist/assets/v4/UseDeviceSwitcherResult-CwCwMXFb.js                                              2.07 kB │ gzip:     0.81 kB
dist/assets/v4/getting-started-DYN1cvxh.js                                                      2.07 kB │ gzip:     0.95 kB
dist/assets/v4/MultiAgentChatWorkspace-k6ZVtv9E.js                                              2.08 kB │ gzip:     0.63 kB
dist/assets/v4/MultiAxisPlotAxis-puklQwM9.js                                                    2.08 kB │ gzip:     0.62 kB
dist/assets/v4/get-fair-CsLvCIZJ.js                                                             2.08 kB │ gzip:     1.06 kB
dist/assets/v4/DeviceManager-ddPumwNy.js                                                        2.08 kB │ gzip:     0.56 kB
dist/assets/v4/useFileDownloadUrl-DxWlus-Q.js                                                   2.08 kB │ gzip:     0.73 kB
dist/assets/v4/AppColorPreset-DVrCKbUK.js                                                       2.09 kB │ gzip:     0.82 kB
dist/assets/v4/Skeleton.Circle-DMK8S4GH.js                                                      2.09 kB │ gzip:     0.77 kB
dist/assets/v4/DeviceSecretMintOutcome-B_i3sH8U.js                                              2.09 kB │ gzip:     0.94 kB
dist/assets/v4/NotificationStatusVisual-Bi1r9xuO.js                                             2.09 kB │ gzip:     0.71 kB
dist/assets/v4/ProfileLinkMetadata-kXXJfkMs.js                                                  2.09 kB │ gzip:     0.57 kB
dist/assets/v4/OxyInferenceResponse-DycIo9Pp.js                                                 2.10 kB │ gzip:     0.97 kB
dist/assets/v4/AmbientThemeState-BDYr5M2H.js                                                    2.10 kB │ gzip:     0.68 kB
dist/assets/v4/NotificationProps-BurmNsxt.js                                                    2.10 kB │ gzip:     0.80 kB
dist/assets/v4/AgentLimitsContextSegment-Cf2QP7JY.js                                            2.10 kB │ gzip:     0.72 kB
dist/assets/v4/Divider-BYh_ev6H.js                                                              2.10 kB │ gzip:     0.90 kB
dist/assets/v4/AiChatShellProps-BoxljUDd.js                                                     2.10 kB │ gzip:     0.80 kB
dist/assets/v4/FILL_ROLES-DW7Go_1G.js                                                           2.10 kB │ gzip:     0.57 kB
dist/assets/v4/MultiAgentChatMessage-fznS_TxD.js                                                2.11 kB │ gzip:     0.58 kB
dist/assets/v4/SettingsRowProps-RAagACZS.js                                                     2.11 kB │ gzip:     0.59 kB
dist/assets/v4/runSessionColdBoot-Cu3_x7p6.js                                                   2.11 kB │ gzip:     0.69 kB
dist/assets/v4/RadioGroup-Bw4ORd9b.js                                                           2.11 kB │ gzip:     0.82 kB
dist/assets/v4/BloomColorScopeProps-BtEnVwK5.js                                                 2.11 kB │ gzip:     0.95 kB
dist/assets/v4/useUploadAvatar-D_F8lt5a.js                                                      2.11 kB │ gzip:     0.57 kB
dist/assets/v4/ServiceApp-koTqmFNE.js                                                           2.11 kB │ gzip:     1.06 kB
dist/assets/v4/CalendarViewHeader-oG64GElJ.js                                                   2.12 kB │ gzip:     0.87 kB
dist/assets/v4/PrivacySettings-_ZOoAlcN.js                                                      2.12 kB │ gzip:     0.70 kB
dist/assets/v4/AGENT_LANGUAGES-D5Q01tdR.js                                                      2.12 kB │ gzip:     0.53 kB
dist/assets/v4/alert-CKwjTqmZ.js                                                                2.12 kB │ gzip:     0.85 kB
dist/assets/v4/TokenTransport-8JRqMAUF.js                                                       2.12 kB │ gzip:     0.74 kB
dist/assets/v4/OxyGenerationReceipt-BRN0ehU1.js                                                 2.12 kB │ gzip:     0.78 kB
dist/assets/v4/resolveNotificationPaint-CjNFd7ll.js                                             2.13 kB │ gzip:     0.78 kB
dist/assets/v4/AlertButton-O43dBp-1.js                                                          2.13 kB │ gzip:     0.79 kB
dist/assets/v4/NotificationCenterAvatar-6036A9i-.js                                             2.13 kB │ gzip:     0.65 kB
dist/assets/v4/isValidDisplayName-UKH0loxZ.js                                                   2.13 kB │ gzip:     0.95 kB
dist/assets/v4/Theme-H1DrCtbF.js                                                                2.14 kB │ gzip:     0.64 kB
dist/assets/v4/SettingsToolsPageProps-C7rx-_Cw.js                                               2.14 kB │ gzip:     0.55 kB
dist/assets/v4/SleepMetric-DoSLu4wO.js                                                          2.14 kB │ gzip:     0.65 kB
dist/assets/v4/AiChatGalleryPanelProps-DGdsWKxM.js                                              2.14 kB │ gzip:     0.69 kB
dist/assets/v4/AiChatFeedbackLabels-73CegUTi.js                                                 2.14 kB │ gzip:     0.58 kB
dist/assets/v4/checkbox-CAyxrtcf.js                                                             2.14 kB │ gzip:     1.06 kB
dist/assets/v4/AgentChatMessageLabels-C1x-XATY.js                                               2.15 kB │ gzip:     0.57 kB
dist/assets/v4/AgentProgressProps-CZkB0tWL.js                                                   2.15 kB │ gzip:     0.95 kB
dist/assets/v4/ChartStatTiles-8aXwV6c_.js                                                       2.15 kB │ gzip:     0.95 kB
dist/assets/v4/buildFollowMenuItems-Cchit_vX.js                                                 2.15 kB │ gzip:     0.68 kB
dist/assets/v4/retryAsync-DyF6f69V.js                                                           2.15 kB │ gzip:     0.64 kB
dist/assets/v4/CommonsApprovalSubjectAccount-BVv7YvLW.js                                        2.16 kB │ gzip:     0.81 kB
dist/assets/v4/Icons.IconStyle-CccSYjR_.js                                                      2.16 kB │ gzip:     0.85 kB
dist/assets/v4/useSurfaceHeader-BU94QLs7.js                                                     2.16 kB │ gzip:     0.97 kB
dist/assets/v4/badge-DDZD7QJy.js                                                                2.16 kB │ gzip:     0.92 kB
dist/assets/v4/UpdateAccountMemberInput-DMgcbMxj.js                                             2.16 kB │ gzip:     0.63 kB
dist/assets/v4/RotateApplicationCredentialResult-CjWiH0l2.js                                    2.16 kB │ gzip:     0.76 kB
dist/assets/v4/SidebarAccountUser-BVTXrmA-.js                                                   2.17 kB │ gzip:     0.63 kB
dist/assets/v4/PendingIdentityResult-CXClTU_Z.js                                                2.17 kB │ gzip:     0.79 kB
dist/assets/v4/TokensChartCardProps-CJ1k7Sxo.js                                                 2.17 kB │ gzip:     0.80 kB
dist/assets/v4/SelectTrigger-CLSquyTn.js                                                        2.17 kB │ gzip:     0.89 kB
dist/assets/v4/TableRowProps-BjxnswBx.js                                                        2.18 kB │ gzip:     0.66 kB
dist/assets/v4/upsertCachedUsers-DEKrhfzM.js                                                    2.18 kB │ gzip:     0.88 kB
dist/assets/v4/AgentChatMessageData-BwALznbj.js                                                 2.18 kB │ gzip:     0.76 kB
dist/assets/v4/ToastOutlet-DhwPrZzZ.js                                                          2.19 kB │ gzip:     0.89 kB
dist/assets/v4/DialogInset-Cej65l2Q.js                                                          2.19 kB │ gzip:     0.66 kB
dist/assets/v4/ContextChoiceOutcome-B-9IlZId.js                                                 2.19 kB │ gzip:     0.87 kB
dist/assets/v4/isSwitchTargetAccount-UuD9AoCF.js                                                2.19 kB │ gzip:     1.11 kB
dist/assets/v4/CalendarProps-DU8ejZ7a.js                                                        2.19 kB │ gzip:     0.73 kB
dist/assets/v4/masternodes-xrgB4GIE.js                                                          2.19 kB │ gzip:     1.13 kB
dist/assets/v4/search-C2KtKDaL.js                                                               2.20 kB │ gzip:     0.94 kB
dist/assets/v4/bucketByDay-9EQA-btz.js                                                          2.20 kB │ gzip:     0.77 kB
dist/assets/v4/contributionCellsFromDays-CSbI9r1f.js                                            2.20 kB │ gzip:     0.79 kB
dist/assets/v4/SegmentedControlItem-CLuryf5U.js                                                 2.20 kB │ gzip:     0.66 kB
dist/assets/v4/portal-Dg2mEL_R.js                                                               2.20 kB │ gzip:     1.20 kB
dist/assets/v4/portal-SnqHYqDP.js                                                               2.20 kB │ gzip:     1.20 kB
dist/assets/v4/openMovedIdentity-BIyVRNhz.js                                                    2.21 kB │ gzip:     0.73 kB
dist/assets/v4/contact-row-DBVnO6_c.js                                                          2.21 kB │ gzip:     0.84 kB
dist/assets/v4/useDeviceDirectory-DXiQfRAX.js                                                   2.22 kB │ gzip:     0.66 kB
dist/assets/v4/FileUpdateRequest-CNJowPJT.js                                                    2.22 kB │ gzip:     0.60 kB
dist/assets/v4/BackdropProps-Dndlrbce.js                                                        2.22 kB │ gzip:     1.04 kB
dist/assets/v4/resolveAccentColors-CKUs1KAL.js                                                  2.22 kB │ gzip:     0.73 kB
dist/assets/v4/useInfiniteSecurityActivity-C6v3kHCO.js                                          2.22 kB │ gzip:     0.72 kB
dist/assets/v4/buildSwitcherRows-mADVEQqC.js                                                    2.22 kB │ gzip:     0.71 kB
dist/assets/v4/AmbientThemeApi-DB6OcXGy.js                                                      2.23 kB │ gzip:     0.79 kB
dist/assets/v4/STATUS_COLORS-DJKONegX.js                                                        2.23 kB │ gzip:     0.67 kB
dist/assets/v4/Z_INDEX-xN734cOh.js                                                              2.23 kB │ gzip:     1.15 kB
dist/assets/v4/createSessionClient-Dv4XuhdC.js                                                  2.23 kB │ gzip:     0.96 kB
dist/assets/v4/ColorEngine.seedsFromImagePixels-CDH_sXjg.js                                     2.23 kB │ gzip:     0.83 kB
dist/assets/v4/directoryHandle-Cf1oZl2U.js                                                      2.23 kB │ gzip:     0.71 kB
dist/assets/v4/UseScrollRestorationOptions-7Z41SxjR.js                                          2.23 kB │ gzip:     0.93 kB
dist/assets/v4/sealIdentityForMove-Bq4uZTUk.js                                                  2.23 kB │ gzip:     0.72 kB
dist/assets/v4/PopoverDescriptionProps-CP5tDCiA.js                                              2.23 kB │ gzip:     0.61 kB
dist/assets/v4/showBottomSheet-x041JbAE.js                                                      2.23 kB │ gzip:     0.88 kB
dist/assets/v4/OverlayRoot-DaQsrz7l.js                                                          2.24 kB │ gzip:     0.95 kB
dist/assets/v4/ProgressiveBlur-DHmR9m5B.js                                                      2.24 kB │ gzip:     1.02 kB
dist/assets/v4/Tooltip-BfrV-9b3.js                                                              2.24 kB │ gzip:     0.80 kB
dist/assets/v4/NotificationPreferences-C1KvJ8j8.js                                              2.24 kB │ gzip:     0.69 kB
dist/assets/v4/AssetUploadProgress-D6uJgcw9.js                                                  2.24 kB │ gzip:     0.59 kB
dist/assets/v4/mutationKeys-C2RU4Qej.js                                                         2.25 kB │ gzip:     0.59 kB
dist/assets/v4/LinkPreviewCardProps-B6R3Rwhl.js                                                 2.25 kB │ gzip:     1.06 kB
dist/assets/v4/isValidUUID-BijMuUX8.js                                                          2.25 kB │ gzip:     0.93 kB
dist/assets/v4/RunColdBootOptions-DrEOnUr4.js                                                   2.25 kB │ gzip:     1.07 kB
dist/assets/v4/encryptAead-CMr57Ob2.js                                                          2.25 kB │ gzip:     0.76 kB
dist/assets/v4/updateIdentityMarker-CmKZiZMC.js                                                 2.25 kB │ gzip:     0.83 kB
dist/assets/v4/tokens.animation-BhzWVN_4.js                                                     2.25 kB │ gzip:     0.95 kB
dist/assets/v4/useUpdatePrivacySettings-BHaFreo-.js                                             2.26 kB │ gzip:     0.60 kB
dist/assets/v4/BloomSeedScope-DrrkrfsA.js                                                       2.26 kB │ gzip:     0.92 kB
dist/assets/v4/TaskListTask-qmrP8dP0.js                                                         2.26 kB │ gzip:     0.75 kB
dist/assets/v4/resolveAccountDelegationAccess-i_jB3SxF.js                                       2.26 kB │ gzip:     0.88 kB
dist/assets/v4/AvatarRingConfig-BuGploi5.js                                                     2.26 kB │ gzip:     0.73 kB
dist/assets/v4/empty-state-Cc7wxBTz.js                                                          2.26 kB │ gzip:     0.98 kB
dist/assets/v4/publishProvenDeviceCredential-B5I9tgS9.js                                        2.27 kB │ gzip:     0.77 kB
dist/assets/v4/ColorEngine.SchemeVariant-ZfDk1-3z.js                                            2.27 kB │ gzip:     0.98 kB
dist/assets/v4/CartesianPlot-2k0dsMyy.js                                                        2.27 kB │ gzip:     0.95 kB
dist/assets/v4/QuestionnaireProps-BNTHWmqG.js                                                   2.27 kB │ gzip:     0.69 kB
dist/assets/v4/SettingsValueFieldProps-BWMXBsCJ.js                                              2.27 kB │ gzip:     0.66 kB
dist/assets/v4/ensureValidToken-Cbz9wGpL.js                                                     2.27 kB │ gzip:     0.84 kB
dist/assets/v4/VouchForPersonInput-Ch9X62Sa.js                                                  2.27 kB │ gzip:     0.87 kB
dist/assets/v4/SubscriptionFeatures-CApASCqO.js                                                 2.27 kB │ gzip:     0.61 kB
dist/assets/v4/HeatmapChartCard-D5sMIOkC.js                                                     2.28 kB │ gzip:     1.02 kB
dist/assets/v4/ImageResolver-DRTTnAuw.js                                                        2.28 kB │ gzip:     0.85 kB
dist/assets/v4/ApplicationUsageSummary-Cn_svzEZ.js                                              2.28 kB │ gzip:     0.60 kB
dist/assets/v4/alert-Bt0i6E3B.js                                                                2.28 kB │ gzip:     1.10 kB
dist/assets/v4/alert-Cigj25P0.js                                                                2.28 kB │ gzip:     1.10 kB
dist/assets/v4/alert-BoC5hRTG.js                                                                2.28 kB │ gzip:     1.10 kB
dist/assets/v4/dependencies-BOVnBzQi.js                                                         2.28 kB │ gzip:     1.05 kB
dist/assets/v4/DialogProps-T7zhJ30-.js                                                          2.29 kB │ gzip:     1.01 kB
dist/assets/v4/normalizeAndSortSessions-erzHT33E.js                                             2.29 kB │ gzip:     0.74 kB
dist/assets/v4/CircuitBreakerConfig-CxcGJN2V.js                                                 2.29 kB │ gzip:     0.68 kB
dist/assets/v4/Application-CDV2R3Y2.js                                                          2.29 kB │ gzip:     0.79 kB
dist/assets/v4/FONT_FAMILY_VARS-BfbyRJrL.js                                                     2.30 kB │ gzip:     0.76 kB
dist/assets/v4/provider-Bn6V-hzx.js                                                             2.30 kB │ gzip:     1.20 kB
dist/assets/v4/provider-k7tiET2N.js                                                             2.30 kB │ gzip:     1.20 kB
dist/assets/v4/ContributionsCard-BYSj44-i.js                                                    2.30 kB │ gzip:     0.95 kB
dist/assets/v4/projectDevicePrincipals-D0yEGWNk.js                                              2.30 kB │ gzip:     0.83 kB
dist/assets/v4/MeetingSchedulerLabels-CdLJ782F.js                                               2.30 kB │ gzip:     0.70 kB
dist/assets/v4/signIdentityProof-Cfcg4WOq.js                                                    2.30 kB │ gzip:     0.63 kB
dist/assets/v4/FunnelChartCardProps-Iy_pLmaz.js                                                 2.30 kB │ gzip:     0.91 kB
dist/assets/v4/benefit-list-Pyej6bE3.js                                                         2.30 kB │ gzip:     1.08 kB
dist/assets/v4/Card-BhrQp42y.js                                                                 2.30 kB │ gzip:     1.02 kB
dist/assets/v4/SurfaceProvider-1rft1kYs.js                                                      2.30 kB │ gzip:     0.83 kB
dist/assets/v4/IdentityRecoveryResult-C-tXowLL.js                                               2.31 kB │ gzip:     0.87 kB
dist/assets/v4/ParsedAttestPayload-D79zTNQ0.js                                                  2.31 kB │ gzip:     0.83 kB
dist/assets/v4/ChipProps-DH65hwN0.js                                                            2.31 kB │ gzip:     0.88 kB
dist/assets/v4/segmented-control-CXV5WOTl.js                                                    2.31 kB │ gzip:     0.74 kB
dist/assets/v4/createNativeAuthStateStore-dWFEQmiY.js                                           2.31 kB │ gzip:     0.88 kB
dist/assets/v4/label-CWCMKpm4.js                                                                2.31 kB │ gzip:     1.07 kB
dist/assets/v4/OxyConsentUser-D6X_46MT.js                                                       2.32 kB │ gzip:     0.74 kB
dist/assets/v4/Tooltip-DoEDY0tg.js                                                              2.32 kB │ gzip:     1.08 kB
dist/assets/v4/StageBarsCardProps-BV2g3M0z.js                                                   2.32 kB │ gzip:     0.93 kB
dist/assets/v4/SankeyChartCard-BolsABZ8.js                                                      2.32 kB │ gzip:     1.06 kB
dist/assets/v4/AiChatMessageLineProps-BgQJZbtw.js                                               2.32 kB │ gzip:     0.73 kB
dist/assets/v4/AvatarShapeName-GMI9WF0F.js                                                      2.32 kB │ gzip:     0.59 kB
dist/assets/v4/SubtleHoverProps-CAat7HSg.js                                                     2.32 kB │ gzip:     0.83 kB
dist/assets/v4/notification-Dg-LpJyb.js                                                         2.32 kB │ gzip:     0.83 kB
dist/assets/v4/Code.tokenizeCode-Lwh96hHS.js                                                    2.32 kB │ gzip:     0.76 kB
dist/assets/v4/input-group-LH3vS2ss.js                                                          2.32 kB │ gzip:     1.06 kB
dist/assets/v4/PolarSurface-BVVRBFi7.js                                                         2.33 kB │ gzip:     0.94 kB
dist/assets/v4/source-inventory-gwNcJQIr.js                                                     2.33 kB │ gzip:     1.20 kB
dist/assets/v4/CarouselItemProps-DBkf4pVu.js                                                    2.33 kB │ gzip:     0.70 kB
dist/assets/v4/AgentChatAccountMenuItem-BkLX8jxQ.js                                             2.33 kB │ gzip:     0.68 kB
dist/assets/v4/DataTableCellContext-C0p0EoIk.js                                                 2.33 kB │ gzip:     0.73 kB
dist/assets/v4/RNFileDescriptor-CrLYMuzh.js                                                     2.33 kB │ gzip:     0.81 kB
dist/assets/v4/run-a-node-m11jxwVC.js                                                           2.33 kB │ gzip:     1.16 kB
dist/assets/v4/context-menu-YIscfkkr.js                                                         2.33 kB │ gzip:     0.83 kB
dist/assets/v4/taxonomy-DZJT8pXa.js                                                             2.34 kB │ gzip:     0.96 kB
dist/assets/v4/ContributionsCardProps-BfPQ_ISU.js                                               2.34 kB │ gzip:     0.86 kB
dist/assets/v4/OxyAuthPrompt-C33qoQLq.js                                                        2.34 kB │ gzip:     1.07 kB
dist/assets/v4/ComposerPanelStatusTabProps-u9uHJwFf.js                                          2.34 kB │ gzip:     0.66 kB
dist/assets/v4/useDeviceSwitcher-1EmRm8jX.js                                                    2.34 kB │ gzip:     0.97 kB
dist/assets/v4/ComposerPanelPermissionOption-BBEXDzOq.js                                        2.35 kB │ gzip:     0.74 kB
dist/assets/v4/AssetCompleteRequest-DjlsGKdI.js                                                 2.35 kB │ gzip:     0.62 kB
dist/assets/v4/UserPreferences-GLtgB9Tf.js                                                      2.35 kB │ gzip:     0.73 kB
dist/assets/v4/provider-credential-exposure-C6fgXh5t.js                                         2.35 kB │ gzip:     1.18 kB
dist/assets/v4/ScreenTransitionProps-C0l2U2XD.js                                                2.35 kB │ gzip:     0.81 kB
dist/assets/v4/search-BgkDdco_.js                                                               2.36 kB │ gzip:     1.08 kB
dist/assets/v4/grid-Dr7CMNZ3.js                                                                 2.36 kB │ gzip:     1.17 kB
dist/assets/v4/grid-Z7bieBMr.js                                                                 2.36 kB │ gzip:     1.17 kB
dist/assets/v4/search-1YbaxdnQ.js                                                               2.36 kB │ gzip:     1.09 kB
dist/assets/v4/activity-heatmap-9AmqWT1C.js                                                     2.36 kB │ gzip:     1.02 kB
dist/assets/v4/AUTH_STATE_STORAGE_KEY-CC1AIBpK.js                                               2.36 kB │ gzip:     1.02 kB
dist/assets/v4/OxyOAuthResult-CtrRoXo9.js                                                       2.37 kB │ gzip:     0.90 kB
dist/assets/v4/bloom-landing-BWYwtYw1.js                                                        2.37 kB │ gzip:     1.17 kB
dist/assets/v4/SharedDeviceCredentialRead-BMMx0dla.js                                           2.37 kB │ gzip:     0.91 kB
dist/assets/v4/location-puck-Di58VHhX.js                                                        2.37 kB │ gzip:     1.08 kB
dist/assets/v4/TableColumnProps-B3IoX9mx.js                                                     2.38 kB │ gzip:     0.77 kB
dist/assets/v4/SocialButtonProps-CYKxHBM1.js                                                    2.38 kB │ gzip:     0.89 kB
dist/assets/v4/Typography.fontFamilies-BYPnR1HB.js                                              2.38 kB │ gzip:     0.79 kB
dist/assets/v4/FabPlacement-C6EJm9B8.js                                                         2.38 kB │ gzip:     0.97 kB
dist/assets/v4/social-button-B9K0bB_a.js                                                        2.38 kB │ gzip:     0.99 kB
dist/assets/v4/CalendarViewHeaderProps-CJoqR21h.js                                              2.39 kB │ gzip:     0.81 kB
dist/assets/v4/MostActiveDaysCardProps-CuN7jCpg.js                                              2.39 kB │ gzip:     0.87 kB
dist/assets/v4/ErrorCodes-DRev0-5a.js                                                           2.39 kB │ gzip:     0.89 kB
dist/assets/v4/AccountMember-DykzDWG4.js                                                        2.39 kB │ gzip:     1.01 kB
dist/assets/v4/connection-status-P0OF-Vl_.js                                                    2.39 kB │ gzip:     1.10 kB
dist/assets/v4/connection-status-YnTwva3Z.js                                                    2.39 kB │ gzip:     1.10 kB
dist/assets/v4/coerceToSupportedLocale-CFcd-O-U.js                                              2.40 kB │ gzip:     0.92 kB
dist/assets/v4/frosted-icon-button-B-8WN860.js                                                  2.40 kB │ gzip:     1.15 kB
dist/assets/v4/frosted-icon-button-P7Lop_C2.js                                                  2.40 kB │ gzip:     1.15 kB
dist/assets/v4/roleColorsToPresetTokens-CEOyBdD9.js                                             2.40 kB │ gzip:     0.96 kB
dist/assets/v4/Typography.Blockquote-BnezYCd9.js                                                2.40 kB │ gzip:     0.93 kB
dist/assets/v4/frosted-icon-button-Dniv-PHY.js                                                  2.40 kB │ gzip:     1.00 kB
dist/assets/v4/notification-center-Clf7EWAj.js                                                  2.40 kB │ gzip:     1.20 kB
dist/assets/v4/oxyhq-auth-CA7j_mPd.js                                                           2.40 kB │ gzip:     1.14 kB
dist/assets/v4/radio-indicator-DGgIYAGU.js                                                      2.40 kB │ gzip:     1.16 kB
dist/assets/v4/AiChatCodePanel-BZ8Bt0CI.js                                                      2.41 kB │ gzip:     1.08 kB
dist/assets/v4/hexToAppColorName-uZB3sRoA.js                                                    2.41 kB │ gzip:     0.55 kB
dist/assets/v4/styles-CgLch_yd.js                                                               2.41 kB │ gzip:     1.29 kB
dist/assets/v4/styles-DsZxjZnk.js                                                               2.41 kB │ gzip:     1.29 kB
dist/assets/v4/resolveActiveContext-B--F771M.js                                                 2.41 kB │ gzip:     0.81 kB
dist/assets/v4/Select-9ONWQYv3.js                                                               2.41 kB │ gzip:     1.08 kB
dist/assets/v4/decryptAead-BTMJfa9g.js                                                          2.42 kB │ gzip:     0.80 kB
dist/assets/v4/AgentLimitsCardLabels-CpO-A5Up.js                                                2.42 kB │ gzip:     0.69 kB
dist/assets/v4/useAmbientTheme-CgjTvd30.js                                                      2.42 kB │ gzip:     0.84 kB
dist/assets/v4/createWebAuthStateStore-B9FR9y8E.js                                              2.43 kB │ gzip:     0.92 kB
dist/assets/v4/normalizeColorScheme-BUen-45h.js                                                 2.43 kB │ gzip:     0.83 kB
dist/assets/v4/FollowTargetButtonProps-w-NaNfhb.js                                              2.43 kB │ gzip:     1.12 kB
dist/assets/v4/PageHero-e0F7tlml.js                                                             2.44 kB │ gzip:     1.04 kB
dist/assets/v4/rollback-C7KziaXl.js                                                             2.44 kB │ gzip:     1.25 kB
dist/assets/v4/SankeyNodeDatum-CieZ2C0U.js                                                      2.44 kB │ gzip:     0.72 kB
dist/assets/v4/useUploadFile-Bdw55w7G.js                                                        2.44 kB │ gzip:     0.62 kB
dist/assets/v4/ButtonGroupProps-DHj48Gr-.js                                                     2.44 kB │ gzip:     0.72 kB
dist/assets/v4/app-shell-BayXsUR6.js                                                            2.45 kB │ gzip:     1.32 kB
dist/assets/v4/RotateKeyResult-DOK241ZH.js                                                      2.45 kB │ gzip:     0.86 kB
dist/assets/v4/DocsInstall-BDtv6zO_.js                                                          2.45 kB │ gzip:     1.20 kB
dist/assets/v4/OAuthPopupHandle-DGsHZC20.js                                                     2.46 kB │ gzip:     0.88 kB
dist/assets/v4/ActivityRingsCard-Du9STiB2.js                                                    2.46 kB │ gzip:     1.11 kB
dist/assets/v4/windowEdgeGap-Dg4J3tYa.js                                                        2.46 kB │ gzip:     0.99 kB
dist/assets/v4/ScatterChartCard-Bx4ZA2OV.js                                                     2.46 kB │ gzip:     1.05 kB
dist/assets/v4/main-CdrZZbZB.js                                                                 2.46 kB │ gzip:     1.14 kB
dist/assets/v4/AiChatShell-C8YyEBLS.js                                                          2.46 kB │ gzip:     1.08 kB
dist/assets/v4/createSessionClientHost-CiaTo6VT.js                                              2.46 kB │ gzip:     0.88 kB
dist/assets/v4/AgentCreatorAgent-ChxdsaIh.js                                                    2.46 kB │ gzip:     0.63 kB
dist/assets/v4/file-upload-CkQsYZPY.js                                                          2.46 kB │ gzip:     1.04 kB
dist/assets/v4/ComboChartCardProps-CLPo6FgE.js                                                  2.47 kB │ gzip:     0.87 kB
dist/assets/v4/MultiAgentChatConversation-DhwPv-jB.js                                           2.47 kB │ gzip:     0.65 kB
dist/assets/v4/PopupWindowHandle-DNDkvUIy.js                                                    2.47 kB │ gzip:     0.92 kB
dist/assets/v4/resolveDeviceContext-BV9rF-z1.js                                                 2.47 kB │ gzip:     0.80 kB
dist/assets/v4/ViewerGraph-COKOjiB4.js                                                          2.48 kB │ gzip:     0.82 kB
dist/assets/v4/hkdfSha256-Ds8uRZQp.js                                                           2.48 kB │ gzip:     0.89 kB
dist/assets/v4/RadialChartCardProps-CiteQwb-.js                                                 2.48 kB │ gzip:     0.95 kB
dist/assets/v4/SleepScoreCard-CXW0m4bH.js                                                       2.48 kB │ gzip:     1.16 kB
dist/assets/v4/composition-bar-C9tWGfG3.js                                                      2.48 kB │ gzip:     1.13 kB
dist/assets/v4/composition-bar-CaumXgJa.js                                                      2.48 kB │ gzip:     1.13 kB
dist/assets/v4/CLEARABLE_USER_FIELDS-DpYzlCTn.js                                                2.48 kB │ gzip:     1.00 kB
dist/assets/v4/IconProps-YZfyrz0M.js                                                            2.48 kB │ gzip:     0.68 kB
dist/assets/v4/SidebarPlan-DVWIinfC.js                                                          2.48 kB │ gzip:     0.72 kB
dist/assets/v4/order-status-BzQmf4NL.js                                                         2.48 kB │ gzip:     0.98 kB
dist/assets/v4/DisplayNameUserShape-Dl4k9bCN.js                                                 2.48 kB │ gzip:     0.68 kB
dist/assets/v4/ServiceActingAsVerification-olINTe7x.js                                          2.48 kB │ gzip:     1.05 kB
dist/assets/v4/buildThemeFromSeed-CpjGWxDa.js                                                   2.48 kB │ gzip:     0.81 kB
dist/assets/v4/decideSharedDevicePublish-Nnpt_nRb.js                                            2.48 kB │ gzip:     0.92 kB
dist/assets/v4/image-resolver-CXHA6I9D.js                                                       2.48 kB │ gzip:     1.28 kB
dist/assets/v4/image-resolver-585F33kd.js                                                       2.49 kB │ gzip:     1.28 kB
dist/assets/v4/tooltip-Cqxlvml_.js                                                              2.49 kB │ gzip:     1.24 kB
dist/assets/v4/ChartCardSurfaceProps-XmqO-pYg.js                                                2.49 kB │ gzip:     0.74 kB
dist/assets/v4/SubtleHover-DgsDrS_7.js                                                          2.49 kB │ gzip:     0.99 kB
dist/assets/v4/OxyInferenceRequestOptions-DGaFprVB.js                                           2.49 kB │ gzip:     0.92 kB
dist/assets/v4/UserNodeStatus-DlgkF8m_.js                                                       2.49 kB │ gzip:     1.06 kB
dist/assets/v4/ActivityRing-DbrFBfWO.js                                                         2.50 kB │ gzip:     0.77 kB
dist/assets/v4/AuthenticatedResponseRequest-DFqWhEfa.js                                         2.50 kB │ gzip:     0.74 kB
dist/assets/v4/pressedSurface-CzqrwAci.js                                                       2.50 kB │ gzip:     0.93 kB
dist/assets/v4/OxySpeechRequest-BveAvwDN.js                                                     2.50 kB │ gzip:     0.68 kB
dist/assets/v4/StepsCardProps-CN14FjFs.js                                                       2.50 kB │ gzip:     0.92 kB
dist/assets/v4/icon-circle-B-DXmXyK.js                                                          2.50 kB │ gzip:     1.21 kB
dist/assets/v4/BuildOAuthAuthorizeUrlParams-BtHAqzSx.js                                         2.50 kB │ gzip:     1.18 kB
dist/assets/v4/bridge-KnHrC0lr.js                                                               2.50 kB │ gzip:     1.17 kB
dist/assets/v4/fab-CWteXgo9.js                                                                  2.50 kB │ gzip:     1.14 kB
dist/assets/v4/RadioOption-OLvghez7.js                                                          2.51 kB │ gzip:     0.68 kB
dist/assets/v4/Textarea-BtUS-jwS.js                                                             2.51 kB │ gzip:     1.03 kB
dist/assets/v4/activeSessionIdOf-KlGJCeBU.js                                                    2.52 kB │ gzip:     0.79 kB
dist/assets/v4/icon-circle-DN8fXjGU.js                                                          2.52 kB │ gzip:     1.22 kB
dist/assets/v4/OxySignInSurfaceAction-CTYP6Dtt.js                                               2.52 kB │ gzip:     0.91 kB
dist/assets/v4/AccountCapabilityPolicy-JvfVZCgj.js                                              2.53 kB │ gzip:     0.62 kB
dist/assets/v4/content-panel-i3xAEfh1.js                                                        2.53 kB │ gzip:     1.13 kB
dist/assets/v4/LogContext-BoCZDfE2.js                                                           2.53 kB │ gzip:     0.68 kB
dist/assets/v4/KbdProps-Db8XKzJi.js                                                             2.54 kB │ gzip:     0.67 kB
dist/assets/v4/stat-bar-B4Jm6CDz.js                                                             2.54 kB │ gzip:     1.09 kB
dist/assets/v4/stat-bar-CEioj485.js                                                             2.54 kB │ gzip:     1.09 kB
dist/assets/v4/chip-DWbgPnwO.js                                                                 2.54 kB │ gzip:     1.26 kB
dist/assets/v4/ProjectBoardProps-CpmVHyMa.js                                                    2.55 kB │ gzip:     0.74 kB
dist/assets/v4/FileUploadFile-CZ8i_bnu.js                                                       2.55 kB │ gzip:     0.79 kB
dist/assets/v4/list-DTX4ms5P.js                                                                 2.55 kB │ gzip:     0.93 kB
dist/assets/v4/IncidentCard-DURRvwdX.js                                                         2.56 kB │ gzip:     1.11 kB
dist/assets/v4/button-group-CSSbL6CX.js                                                         2.56 kB │ gzip:     1.13 kB
dist/assets/v4/createGenericMutation-ClY5CKXr.js                                                2.56 kB │ gzip:     0.69 kB
dist/assets/v4/MeetingSchedulerDetails-B6-R0mMW.js                                              2.56 kB │ gzip:     0.67 kB
dist/assets/v4/SHADOW_BOX-BV2OTzUc.js                                                           2.56 kB │ gzip:     1.19 kB
dist/assets/v4/DataTableSearchProps-DHgLRVDk.js                                                 2.57 kB │ gzip:     0.68 kB
dist/assets/v4/SignInFailureReason-z7-smEmA.js                                                  2.57 kB │ gzip:     0.91 kB
dist/assets/v4/map-attribution-0XFAlS_u.js                                                      2.57 kB │ gzip:     0.95 kB
dist/assets/v4/AssetVariant-DsEK9m1R.js                                                         2.57 kB │ gzip:     0.62 kB
dist/assets/v4/textarea-CmuV-XTC.js                                                             2.57 kB │ gzip:     0.95 kB
dist/assets/v4/mergeSessions-BkOhr5SC.js                                                        2.58 kB │ gzip:     0.76 kB
dist/assets/v4/upsertCachedUser-DJCSUsmG.js                                                     2.58 kB │ gzip:     0.94 kB
dist/assets/v4/useGutters-LGeuALHp.js                                                           2.58 kB │ gzip:     0.46 kB
dist/assets/v4/ResponsiveDialogPlacement-jvjfXdoA.js                                            2.58 kB │ gzip:     0.73 kB
dist/assets/v4/UpdateAccountInput-C9l8OYEX.js                                                   2.58 kB │ gzip:     1.12 kB
dist/assets/v4/chat-api-CHT0QjCS.js                                                             2.58 kB │ gzip:     1.30 kB
dist/assets/v4/parseRgba-Bb446MLa.js                                                            2.58 kB │ gzip:     0.96 kB
dist/assets/v4/parseAttestPayload-DRipHO6M.js                                                   2.58 kB │ gzip:     0.94 kB
dist/assets/v4/ComboSeries-DmnVA29f.js                                                          2.59 kB │ gzip:     0.71 kB
dist/assets/v4/registrableApex-PDafpsIk.js                                                      2.59 kB │ gzip:     0.91 kB
dist/assets/v4/HeatmapChartCardProps-C1JpJ8Zz.js                                                2.59 kB │ gzip:     0.95 kB
dist/assets/v4/RangeCalendarProps-BGbuAd20.js                                                   2.59 kB │ gzip:     0.85 kB
dist/assets/v4/toast-CXDHrmYC.js                                                                2.59 kB │ gzip:     0.79 kB
dist/assets/v4/error-boundary-BdSWA1N8.js                                                       2.59 kB │ gzip:     1.26 kB
dist/assets/v4/error-boundary-D6kJBVkx.js                                                       2.59 kB │ gzip:     1.26 kB
dist/assets/v4/ProfileLink-DE6lmRNH.js                                                          2.60 kB │ gzip:     0.75 kB
dist/assets/v4/PageHeaderProps-NuDFTBJ3.js                                                      2.60 kB │ gzip:     1.05 kB
dist/assets/v4/SettingsModalLabels-BnqG1sBn.js                                                  2.60 kB │ gzip:     0.65 kB
dist/assets/v4/verifyPublicCardAttestation-ubtcfjnj.js                                          2.60 kB │ gzip:     0.94 kB
dist/assets/v4/MutationStatus-BZjnePYr.js                                                       2.60 kB │ gzip:     0.71 kB
dist/assets/v4/image-aspect-ratio-cache-C_vpnAaT.js                                             2.60 kB │ gzip:     1.18 kB
dist/assets/v4/image-aspect-ratio-cache-DHo4YW8d.js                                             2.60 kB │ gzip:     1.18 kB
dist/assets/v4/combobox-CIQlBNU0.js                                                             2.60 kB │ gzip:     1.18 kB
dist/assets/v4/kbd-DVVxkCeU.js                                                                  2.60 kB │ gzip:     1.25 kB
dist/assets/v4/EarningsChartCardProps-DRlUgvdC.js                                               2.60 kB │ gzip:     0.82 kB
dist/assets/v4/ShadowRole-DF221sn0.js                                                           2.61 kB │ gzip:     1.01 kB
dist/assets/v4/AgentLogRowProps-Ci3OCW_A.js                                                     2.61 kB │ gzip:     0.75 kB
dist/assets/v4/ActiveAccount-CGHl6QoU.js                                                        2.61 kB │ gzip:     0.81 kB
dist/assets/v4/AvatarConfig-Cdq5DLhX.js                                                         2.61 kB │ gzip:     0.68 kB
dist/assets/v4/ComposerLoaderProps-BmExsxke.js                                                  2.61 kB │ gzip:     1.10 kB
dist/assets/v4/link-preview-DR7rYQjt.js                                                         2.61 kB │ gzip:     1.25 kB
dist/assets/v4/TabsProps-gwjn-mzS.js                                                            2.61 kB │ gzip:     1.29 kB
dist/assets/v4/link-preview-wclVfDzT.js                                                         2.61 kB │ gzip:     1.25 kB
dist/assets/v4/DeviceFingerprint-CgX3MZK0.js                                                    2.62 kB │ gzip:     0.61 kB
dist/assets/v4/VirtualListHandle-DPTvZVG8.js                                                    2.62 kB │ gzip:     0.72 kB
dist/assets/v4/settings-list-DxCn7-VE.js                                                        2.62 kB │ gzip:     0.92 kB
dist/assets/v4/startTokenRefreshScheduler-Cb7kCIKS.js                                           2.63 kB │ gzip:     1.04 kB
dist/assets/v4/ComposerPanelAttachment-BlUXLGJf.js                                              2.63 kB │ gzip:     0.79 kB
dist/assets/v4/mergeRefs-B-hx_d1L.js                                                            2.63 kB │ gzip:     0.95 kB
dist/assets/v4/TextareaProps-B0YGT_AV.js                                                        2.63 kB │ gzip:     0.99 kB
dist/assets/v4/authenticatedApiCall-NGyh395r.js                                                 2.63 kB │ gzip:     0.81 kB
dist/assets/v4/selectCommonsDelivery-_X9qlLcL.js                                                2.63 kB │ gzip:     1.06 kB
dist/assets/v4/OxyAccountEventFeedItem-kUgSWsOA.js                                              2.64 kB │ gzip:     0.69 kB
dist/assets/v4/StepsPoint-B8Cgr7uf.js                                                           2.64 kB │ gzip:     1.15 kB
dist/assets/v4/important-alerts-card-BsnL9Rto.js                                                2.64 kB │ gzip:     1.36 kB
dist/assets/v4/admonition-CQr6DX7_.js                                                           2.65 kB │ gzip:     1.12 kB
dist/assets/v4/admonition-Df96wKIT.js                                                           2.65 kB │ gzip:     1.12 kB
dist/assets/v4/hooks-C_oMHq1H.js                                                                2.65 kB │ gzip:     1.40 kB
dist/assets/v4/hooks-DZ4jiPpf.js                                                                2.65 kB │ gzip:     1.40 kB
dist/assets/v4/useUserById-GDOxttF3.js                                                          2.65 kB │ gzip:     1.01 kB
dist/assets/v4/announcement-gQxuoRv_.js                                                         2.65 kB │ gzip:     1.37 kB
dist/assets/v4/profile-card-CBSk9FBJ.js                                                         2.65 kB │ gzip:     1.22 kB
dist/assets/v4/OxyProvider-C-oJwKDm.js                                                          2.66 kB │ gzip:     1.22 kB
dist/assets/v4/RouteName-0ELASi0k.js                                                            2.66 kB │ gzip:     0.72 kB
dist/assets/v4/ConnectedMcpClient-iF_dFTvP.js                                                   2.66 kB │ gzip:     0.62 kB
dist/assets/v4/useUserWalletTransactions-DXBYtMrr.js                                            2.66 kB │ gzip:     0.86 kB
dist/assets/v4/dropdown-menu-CitYNW8f.js                                                        2.66 kB │ gzip:     0.96 kB
dist/assets/v4/checkbox-CFsUoc-7.js                                                             2.66 kB │ gzip:     0.71 kB
dist/assets/v4/AgentChatHistoryProps-BbKWnsCl.js                                                2.66 kB │ gzip:     0.83 kB
dist/assets/v4/InputGroupAddonProps-DgiHgcog.js                                                 2.66 kB │ gzip:     0.81 kB
dist/assets/v4/getAccountDisplayName-DFOnfuGn.js                                                2.66 kB │ gzip:     0.94 kB
dist/assets/v4/canSwitchIntoAccount-DfnDZr40.js                                                 2.67 kB │ gzip:     0.94 kB
dist/assets/v4/ToastFn-BkRNy-Zl.js                                                              2.67 kB │ gzip:     0.48 kB
dist/assets/v4/ProductAnalytics-D9IgCVMS.js                                                     2.67 kB │ gzip:     0.72 kB
dist/assets/v4/surfaces-CUeI8-Y6.js                                                             2.67 kB │ gzip:     1.37 kB
dist/assets/v4/surfaces-WisrzIn_.js                                                             2.67 kB │ gzip:     1.37 kB
dist/assets/v4/RecentNewsSection-D7eo1WF1.js                                                    2.67 kB │ gzip:     1.24 kB
dist/assets/v4/directoryDisplayName-bdthMfCN.js                                                 2.68 kB │ gzip:     0.86 kB
dist/assets/v4/heatmap-chart-card-CaTImr1E.js                                                   2.68 kB │ gzip:     1.42 kB
dist/assets/v4/usePressAnimation-ktYihR2Y.js                                                    2.68 kB │ gzip:     1.35 kB
dist/assets/v4/AgentChatLabels-BsKcMAl0.js                                                      2.68 kB │ gzip:     0.74 kB
dist/assets/v4/FollowMutationResult-BMdbQsE0.js                                                 2.68 kB │ gzip:     0.80 kB
dist/assets/v4/UserHandleInput-tQV11w8g.js                                                      2.68 kB │ gzip:     0.58 kB
dist/assets/v4/platform-activity-CCREJfu8.js                                                    2.69 kB │ gzip:     1.37 kB
dist/assets/v4/StoreOwnReview-BFpIWaaD.js                                                       2.69 kB │ gzip:     0.68 kB
dist/assets/v4/LineChartCardProps-DqGafj91.js                                                   2.70 kB │ gzip:     0.89 kB
dist/assets/v4/CodeSampleTabs-CAyoti1y.js                                                       2.70 kB │ gzip:     1.40 kB
dist/assets/v4/CommonsDeliveryFacts-D_5Segob.js                                                 2.70 kB │ gzip:     1.04 kB
dist/assets/v4/IdentityStatus-GfMc-Ctc.js                                                       2.71 kB │ gzip:     0.97 kB
dist/assets/v4/ChartStatTilesProps-0t3UEkl7.js                                                  2.72 kB │ gzip:     0.76 kB
dist/assets/v4/ConnectionStatusToastsProps-GGlShkql.js                                          2.72 kB │ gzip:     0.72 kB
dist/assets/v4/scroll-C15-IwOE.js                                                               2.72 kB │ gzip:     1.39 kB
dist/assets/v4/scroll-DfJP8tJd.js                                                               2.72 kB │ gzip:     1.39 kB
dist/assets/v4/canActivateContext-DPsVpL7B.js                                                   2.72 kB │ gzip:     1.14 kB
dist/assets/v4/SankeyChartCardProps-Cf-DPjuj.js                                                 2.72 kB │ gzip:     1.00 kB
dist/assets/v4/wizard-NN0x3Nx2.js                                                               2.72 kB │ gzip:     1.04 kB
dist/assets/v4/tokens.gradients-DICFiYKR.js                                                     2.72 kB │ gzip:     0.64 kB
dist/assets/v4/useCurrentUser-Dd_gToip.js                                                       2.73 kB │ gzip:     1.16 kB
dist/assets/v4/recent-hires-card-jnrI1Y-n.js                                                    2.73 kB │ gzip:     1.39 kB
dist/assets/v4/integrations-service-rollout-CAmLM0DC.js                                         2.73 kB │ gzip:     1.34 kB
dist/assets/v4/LinePoint-DVtAwQJV.js                                                            2.74 kB │ gzip:     1.18 kB
dist/assets/v4/StoreListingDetail-DIipZMVQ.js                                                   2.74 kB │ gzip:     0.70 kB
dist/assets/v4/composer-loader-BiMfZuf0.js                                                      2.74 kB │ gzip:     1.13 kB
dist/assets/v4/note-editor-BFjbGFpV.js                                                          2.74 kB │ gzip:     1.07 kB
dist/assets/v4/dot-grid-meter-DQfs_V5X.js                                                       2.75 kB │ gzip:     1.28 kB
dist/assets/v4/dot-grid-meter-yD3OX0FQ.js                                                       2.75 kB │ gzip:     1.28 kB
dist/assets/v4/unwrapDataKey--_b5qAxq.js                                                        2.75 kB │ gzip:     0.73 kB
dist/assets/v4/AspectRatioProps-B77d3p-g.js                                                     2.75 kB │ gzip:     0.86 kB
dist/assets/v4/AgentsPoint-DG4CBLv-.js                                                          2.75 kB │ gzip:     1.22 kB
dist/assets/v4/RequesterAssertionIntrospection-DDlzU1aP.js                                      2.76 kB │ gzip:     0.65 kB
dist/assets/v4/SidebarMenuItem-Dip5B2I2.js                                                      2.76 kB │ gzip:     0.69 kB
dist/assets/v4/order-confirmation-BWqS9Z0Z.js                                                   2.76 kB │ gzip:     1.12 kB
dist/assets/v4/EarningsPoint-hrGOAVcE.js                                                        2.76 kB │ gzip:     1.16 kB
dist/assets/v4/OxyAuthPromptProps-C03IjVQS.js                                                   2.76 kB │ gzip:     0.93 kB
dist/assets/v4/ThemeToggleProps-BsSi9CKT.js                                                     2.77 kB │ gzip:     0.83 kB
dist/assets/v4/theme-toggle-HM1zvp60.js                                                         2.77 kB │ gzip:     1.41 kB
dist/assets/v4/SettingsNavItem-B7e5wFK-.js                                                      2.77 kB │ gzip:     0.77 kB
dist/assets/v4/context-menu-jKZLLJCV.js                                                         2.78 kB │ gzip:     1.26 kB
dist/assets/v4/context-menu-s8jSRsyy.js                                                         2.78 kB │ gzip:     1.26 kB
dist/assets/v4/radio-DbhxCVKc.js                                                                2.78 kB │ gzip:     1.31 kB
dist/assets/v4/ScatterChartCardProps-Nqr7p5VJ.js                                                2.78 kB │ gzip:     1.00 kB
dist/assets/v4/DatePickerProps-9KvR7iXo.js                                                      2.78 kB │ gzip:     0.88 kB
dist/assets/v4/SliderProps-DTG4c0UB.js                                                          2.78 kB │ gzip:     1.02 kB
dist/assets/v4/useScrollRestoration-DaVi9ZR6.js                                                 2.78 kB │ gzip:     0.99 kB
dist/assets/v4/tokens-chart-card-CDVElIV7.js                                                    2.78 kB │ gzip:     1.47 kB
dist/assets/v4/OxyResponsesRequest-z52-7dPd.js                                                  2.79 kB │ gzip:     1.02 kB
dist/assets/v4/ComposerPanelAddMenuRow-BwqdCzuN.js                                              2.79 kB │ gzip:     0.79 kB
dist/assets/v4/StoreReviewsOptions-CBLQTD41.js                                                  2.79 kB │ gzip:     0.75 kB
dist/assets/v4/ChartLegendProps-DmEicVwd.js                                                     2.80 kB │ gzip:     0.80 kB
dist/assets/v4/RefreshDeps-CJBgYc9V.js                                                          2.80 kB │ gzip:     1.02 kB
dist/assets/v4/AgentProgressLabels-D3ipGlOs.js                                                  2.80 kB │ gzip:     0.79 kB
dist/assets/v4/activity-rings-card-Bajyx74N.js                                                  2.80 kB │ gzip:     1.46 kB
dist/assets/v4/field-iYUQTRtK.js                                                                2.80 kB │ gzip:     1.24 kB
dist/assets/v4/MercariaPage-DFIrzNKf.js                                                         2.80 kB │ gzip:     1.37 kB
dist/assets/v4/ButtonVariant-BQDYbxqZ.js                                                        2.80 kB │ gzip:     1.12 kB
dist/assets/v4/DEFAULT_AGENT_PROGRESS_STEPS-DmLJH1A9.js                                         2.82 kB │ gzip:     1.39 kB
dist/assets/v4/aspect-ratio-BzmgC3uC.js                                                         2.82 kB │ gzip:     1.35 kB
dist/assets/v4/aspect-ratio-_45T2PNJ.js                                                         2.82 kB │ gzip:     1.35 kB
dist/assets/v4/platform-activity-DJkRmMmz.js                                                    2.82 kB │ gzip:     1.44 kB
dist/assets/v4/BatchFileAccessEntry-Dip9sn8v.js                                                 2.82 kB │ gzip:     0.85 kB
dist/assets/v4/SettingsStoredFile-9tor8zYa.js                                                   2.82 kB │ gzip:     0.73 kB
dist/assets/v4/CommonsApprovalInfo-CCteE7TR.js                                                  2.82 kB │ gzip:     1.27 kB
dist/assets/v4/IssueCredentialInput-BGkzd8qO.js                                                 2.82 kB │ gzip:     1.03 kB
dist/assets/v4/SidebarUserMenuProps-oP79SdTk.js                                                 2.83 kB │ gzip:     0.78 kB
dist/assets/v4/SidebarTeam-DWhFMs-W.js                                                          2.84 kB │ gzip:     0.72 kB
dist/assets/v4/agent-log-WhaM5E2M.js                                                            2.84 kB │ gzip:     0.95 kB
dist/assets/v4/carousel-BXTtxjFR.js                                                             2.84 kB │ gzip:     1.03 kB
dist/assets/v4/content-panel-DlaPsYQJ.js                                                        2.84 kB │ gzip:     1.22 kB
dist/assets/v4/YearOverYearChartCardProps-Ciwb3w8X.js                                           2.85 kB │ gzip:     0.96 kB
dist/assets/v4/OxyConfig-B1Kw0DNS.js                                                            2.85 kB │ gzip:     1.03 kB
dist/assets/v4/PopoverTitleProps-C7NzPMJ5.js                                                    2.85 kB │ gzip:     0.75 kB
dist/assets/v4/useAuthStore-C2Y_7yzc.js                                                         2.86 kB │ gzip:     0.83 kB
dist/assets/v4/IdentityMarker-DbLlqknn.js                                                       2.87 kB │ gzip:     0.92 kB
dist/assets/v4/skeleton-CWNP9Vnt.js                                                             2.87 kB │ gzip:     1.30 kB
dist/assets/v4/skeleton-Ccewq2o1.js                                                             2.87 kB │ gzip:     1.30 kB
dist/assets/v4/AgentsChartCardProps-BDnljXHi.js                                                 2.88 kB │ gzip:     0.99 kB
dist/assets/v4/add-recovery-email-BzG6u33H.js                                                   2.88 kB │ gzip:     1.28 kB
dist/assets/v4/SettingsMcpServer-D2uBarYg.js                                                    2.88 kB │ gzip:     0.75 kB
dist/assets/v4/withRetry-BafBkIL0.js                                                            2.90 kB │ gzip:     0.83 kB
dist/assets/v4/ModelPickerProvider-CQLU-O5t.js                                                  2.90 kB │ gzip:     0.88 kB
dist/assets/v4/SelectProps-Dth6Afpz.js                                                          2.90 kB │ gzip:     0.79 kB
dist/assets/v4/ItemProps-CQkFDgGz.js                                                            2.91 kB │ gzip:     1.11 kB
dist/assets/v4/icons-ByiJhzE7.js                                                                2.91 kB │ gzip:     1.48 kB
dist/assets/v4/resolveIdentityPin-BTZg9DMg.js                                                   2.92 kB │ gzip:     1.11 kB
dist/assets/v4/BlockedUser-DYjD6gbw.js                                                          2.92 kB │ gzip:     0.60 kB
dist/assets/v4/RadarChartCard-DnWDGKzy.js                                                       2.92 kB │ gzip:     1.22 kB
dist/assets/v4/SessionLoginResponse-Dhnf4e_O.js                                                 2.92 kB │ gzip:     0.84 kB
dist/assets/v4/OxyRuntimeMissingError-USztqvwc.js                                               2.93 kB │ gzip:     0.71 kB
dist/assets/v4/AgentChatActionsLabels-B8IyhmF2.js                                               2.93 kB │ gzip:     0.63 kB
dist/assets/v4/Code-BhunaaRK.js                                                                 2.93 kB │ gzip:     0.62 kB
dist/assets/v4/ACCENT_TEXT_ROLES-ChVGiNri.js                                                    2.93 kB │ gzip:     0.89 kB
dist/assets/v4/OxyProviderMissingError-J8eFOrbF.js                                              2.93 kB │ gzip:     0.72 kB
dist/assets/v4/unlockWebIdentity-Tsuttl38.js                                                    2.94 kB │ gzip:     0.77 kB
dist/assets/v4/SettingsSectionProps-BpN-CGvC.js                                                 2.94 kB │ gzip:     0.72 kB
dist/assets/v4/openWebIdentity-eTXvKQVm.js                                                      2.94 kB │ gzip:     0.83 kB
dist/assets/v4/FollowGraphParams-CzvsfM2R.js                                                    2.94 kB │ gzip:     0.76 kB
dist/assets/v4/list-DJCy0VXT.js                                                                 2.94 kB │ gzip:     1.39 kB
dist/assets/v4/list-DdwK4OMt.js                                                                 2.94 kB │ gzip:     1.39 kB
dist/assets/v4/RailItem-Dfbc7kSn.js                                                             2.94 kB │ gzip:     1.00 kB
dist/assets/v4/decideSharedDeviceJoin-BbPAb6eg.js                                               2.94 kB │ gzip:     1.17 kB
dist/assets/v4/RestrictedUser-BJRGChfg.js                                                       2.94 kB │ gzip:     0.61 kB
dist/assets/v4/normalizeInlineText-7aFfTn0s.js                                                  2.94 kB │ gzip:     1.19 kB
dist/assets/v4/StoreListingSummary-D757VDwq.js                                                  2.95 kB │ gzip:     0.82 kB
dist/assets/v4/change-password-C70BB6gb.js                                                      2.95 kB │ gzip:     1.33 kB
dist/assets/v4/RgbaChannels-DFnZYATw.js                                                         2.95 kB │ gzip:     0.69 kB
dist/assets/v4/createProfileMutation-CfDbyQG8.js                                                2.97 kB │ gzip:     0.88 kB
dist/assets/v4/SwitcherPrincipalRow-DyjTlhhY.js                                                 2.97 kB │ gzip:     0.82 kB
dist/assets/v4/combo-chart-card-GAi6kjUt.js                                                     2.97 kB │ gzip:     1.53 kB
dist/assets/v4/manage-labels-JXVYBBiK.js                                                        2.97 kB │ gzip:     1.29 kB
dist/assets/v4/Typography.TypeScaleStyle-D-uOt_OA.js                                            2.98 kB │ gzip:     0.67 kB
dist/assets/v4/RadialChartCard-BVM1ZKoS.js                                                      2.98 kB │ gzip:     1.25 kB
dist/assets/v4/overlay-BFZJP55c.js                                                              2.98 kB │ gzip:     1.52 kB
dist/assets/v4/overlay-dPeMG52l.js                                                              2.98 kB │ gzip:     1.52 kB
dist/assets/v4/memory-system-DrGpU2wi.js                                                        2.98 kB │ gzip:     1.49 kB
dist/assets/v4/CreateApplicationCredentialInput-Dj6KAGyd.js                                     2.99 kB │ gzip:     0.95 kB
dist/assets/v4/CloseButtonProps-B3ShkSjh.js                                                     2.99 kB │ gzip:     0.76 kB
dist/assets/v4/carousel-ZWF4CujB.js                                                             2.99 kB │ gzip:     1.55 kB
dist/assets/v4/AppShellHeaderProps-DX1U_4cz.js                                                  3.00 kB │ gzip:     0.74 kB
dist/assets/v4/DeviceBootSession-B4DE-H5l.js                                                    3.00 kB │ gzip:     0.74 kB
dist/assets/v4/SwitchAccountResult-CihN3109.js                                                  3.00 kB │ gzip:     0.96 kB
dist/assets/v4/CartesianPlotRenderArgs-D8TJW6M5.js                                              3.00 kB │ gzip:     0.82 kB
dist/assets/v4/OxyAccountEventError-C4zCC08e.js                                                 3.00 kB │ gzip:     1.15 kB
dist/assets/v4/ChartRangeSelectProps-BulERnqR.js                                                3.01 kB │ gzip:     0.80 kB
dist/assets/v4/alert-Cmmc8DkY.js                                                                3.01 kB │ gzip:     1.44 kB
dist/assets/v4/alert-DlQlTjUL.js                                                                3.01 kB │ gzip:     1.44 kB
dist/assets/v4/AiChatFeedbackRowProps-B7FVdVzN.js                                               3.01 kB │ gzip:     0.75 kB
dist/assets/v4/AreaChartCardProps-DOZq97PO.js                                                   3.01 kB │ gzip:     1.10 kB
dist/assets/v4/buildQueryParams-BE9B7rl1.js                                                     3.01 kB │ gzip:     1.04 kB
dist/assets/v4/network-DfUheb3K.js                                                              3.01 kB │ gzip:     1.44 kB
dist/assets/v4/QuestionnaireQuestion-DgsNgR01.js                                                3.01 kB │ gzip:     0.81 kB
dist/assets/v4/AiChatImageGenerationLabels-Dpo-jH7-.js                                          3.02 kB │ gzip:     0.72 kB
dist/assets/v4/ErrorBoundaryFallbackContext-BSv6h7pN.js                                         3.02 kB │ gzip:     1.04 kB
dist/assets/v4/ColorEngine-BWmx6Ooo.js                                                          3.02 kB │ gzip:     0.63 kB
dist/assets/v4/input-otp-DJp-P74S.js                                                            3.03 kB │ gzip:     1.47 kB
dist/assets/v4/install-apps-BVgqAEnx.js                                                         3.03 kB │ gzip:     1.32 kB
dist/assets/v4/DeviceContext-_KhJR2ua.js                                                        3.03 kB │ gzip:     1.14 kB
dist/assets/v4/CircuitBreakerState-BgORbKjY.js                                                  3.04 kB │ gzip:     0.73 kB
dist/assets/v4/patient-info-card-BFsg2qbQ.js                                                    3.04 kB │ gzip:     1.33 kB
dist/assets/v4/Accordion-DC2k-B21.js                                                            3.04 kB │ gzip:     1.30 kB
dist/assets/v4/AuthenticationFailedError-CIcE7zuh.js                                            3.04 kB │ gzip:     1.15 kB
dist/assets/v4/SupportedLanguage-qgItg6FG.js                                                    3.04 kB │ gzip:     0.82 kB
dist/assets/v4/SessionSyncRequiredError-Dn415Lxq.js                                             3.04 kB │ gzip:     1.16 kB
dist/assets/v4/badge-B7Cawjux.js                                                                3.04 kB │ gzip:     1.43 kB
dist/assets/v4/PRODUCT_POSITIONING-EgbwpXQN.js                                                  3.05 kB │ gzip:     1.48 kB
dist/assets/v4/OxySignInPanelProps-ryf3OrqW.js                                                  3.05 kB │ gzip:     0.91 kB
dist/assets/v4/DataTableRowActionsProps-iKYHEM2B.js                                             3.05 kB │ gzip:     0.82 kB
dist/assets/v4/SurfaceHeaderContent-DpkYveEZ.js                                                 3.06 kB │ gzip:     1.00 kB
dist/assets/v4/WriteListingInput-DQYf755v.js                                                    3.06 kB │ gzip:     0.81 kB
dist/assets/v4/command-B82ON8js.js                                                              3.06 kB │ gzip:     1.40 kB
dist/assets/v4/api-keys-C3y6O6G_.js                                                             3.07 kB │ gzip:     1.39 kB
dist/assets/v4/OxyAppDataIdentifierError-DVN5v7Fv.js                                            3.07 kB │ gzip:     1.19 kB
dist/assets/v4/command-B_dblISa.js                                                              3.07 kB │ gzip:     1.41 kB
dist/assets/v4/OverlayRootProps-V9QTuXDX.js                                                     3.07 kB │ gzip:     1.01 kB
dist/assets/v4/TypeRole-B9Hc1cf9.js                                                             3.07 kB │ gzip:     0.93 kB
dist/assets/v4/StartWebOAuthSignInOptions-CzaTS3s9.js                                           3.07 kB │ gzip:     1.08 kB
dist/assets/v4/item-BzRkHioI.js                                                                 3.08 kB │ gzip:     1.25 kB
dist/assets/v4/item-DBUNwAwl.js                                                                 3.08 kB │ gzip:     1.25 kB
dist/assets/v4/TokensPoint-KT-JCSmu.js                                                          3.08 kB │ gzip:     1.34 kB
dist/assets/v4/pagination-CZEWiVjQ.js                                                           3.08 kB │ gzip:     1.46 kB
dist/assets/v4/setColorSchemeSafe-jxZa2Unt.js                                                   3.08 kB │ gzip:     1.29 kB
dist/assets/v4/accordion-2ys5rYrh.js                                                            3.08 kB │ gzip:     1.34 kB
dist/assets/v4/accordion-Dpt2ktn9.js                                                            3.08 kB │ gzip:     1.34 kB
dist/assets/v4/iconSizes-gry8ynbo.js                                                            3.09 kB │ gzip:     0.61 kB
dist/assets/v4/FrostedIconButtonProps-CcCwNzMV.js                                               3.09 kB │ gzip:     1.30 kB
dist/assets/v4/SubmitRealLifeAttestationInput-B43FgJWJ.js                                       3.10 kB │ gzip:     0.93 kB
dist/assets/v4/TableColumnLayout-DNJmEd2V.js                                                    3.10 kB │ gzip:     0.87 kB
dist/assets/v4/activity-heatmap-Bt8LI2Uh.js                                                     3.10 kB │ gzip:     1.37 kB
dist/assets/v4/activity-heatmap-DE4udSCU.js                                                     3.10 kB │ gzip:     1.37 kB
dist/assets/v4/steps-card-KDKQV3w5.js                                                           3.10 kB │ gzip:     1.59 kB
dist/assets/v4/fab-CB4JFX5h.js                                                                  3.10 kB │ gzip:     1.34 kB
dist/assets/v4/ImportantAlertsCardAlert-C80ZrT2Z.js                                             3.11 kB │ gzip:     0.78 kB
dist/assets/v4/agents-chart-card-BtiGrFW8.js                                                    3.11 kB │ gzip:     1.59 kB
dist/assets/v4/ColdBootStep-Co6gmt5o.js                                                         3.12 kB │ gzip:     0.93 kB
dist/assets/v4/hover-card-BMrXGLo9.js                                                           3.12 kB │ gzip:     1.14 kB
dist/assets/v4/SessionClientOptions-CGxGTDrA.js                                                 3.12 kB │ gzip:     1.50 kB
dist/assets/v4/TableOfContents-YmQ7hVS4.js                                                      3.12 kB │ gzip:     1.63 kB
dist/assets/v4/ServiceCredentialMismatchError-DTeUqJrG.js                                       3.13 kB │ gzip:     1.23 kB
dist/assets/v4/compose-message-DJbw7p8C.js                                                      3.13 kB │ gzip:     1.33 kB
dist/assets/v4/add-recovery-email.es-BnofKds6.js                                                3.14 kB │ gzip:     1.38 kB
dist/assets/v4/BloomColorScope-dQLpzRWg.js                                                      3.14 kB │ gzip:     1.43 kB
dist/assets/v4/DateRangePickerProps-lXtAzdGi.js                                                 3.14 kB │ gzip:     0.97 kB
dist/assets/v4/welcome-XNXCZ8U5.js                                                              3.14 kB │ gzip:     1.42 kB
dist/assets/v4/InputGroupProps-DhfRSpsE.js                                                      3.14 kB │ gzip:     0.84 kB
dist/assets/v4/DataTableFilterProps-f8ezJ1tt.js                                                 3.14 kB │ gzip:     0.77 kB
dist/assets/v4/AccountDialogSnapshot-DlKahZbc.js                                                3.15 kB │ gzip:     1.24 kB
dist/assets/v4/theme-Bjaw0cjU.js                                                                3.15 kB │ gzip:     1.56 kB
dist/assets/v4/FunnelStage-C4VZF7l0.js                                                          3.15 kB │ gzip:     1.23 kB
dist/assets/v4/ContextMenuTriggerProps-BOFoT1UE.js                                              3.15 kB │ gzip:     0.81 kB
dist/assets/v4/tabs-BkNMEK1w.js                                                                 3.15 kB │ gzip:     1.39 kB
dist/assets/v4/activeUserOf-C-Mk9mWc.js                                                         3.16 kB │ gzip:     0.90 kB
dist/assets/v4/NativeKeyValueStorage-CG_oj0xw.js                                                3.16 kB │ gzip:     0.74 kB
dist/assets/v4/scatter-chart-card-wRcpGvML.js                                                   3.16 kB │ gzip:     1.66 kB
dist/assets/v4/card-Ce4fcbej.js                                                                 3.16 kB │ gzip:     0.99 kB
dist/assets/v4/packageInfo-D-7C8WLX.js                                                          3.16 kB │ gzip:     0.78 kB
dist/assets/v4/tab-bar-B-_RdlZl.js                                                              3.16 kB │ gzip:     1.34 kB
dist/assets/v4/AGENT_LOG_UNIT_MOTION-C97iCwMF.js                                                3.16 kB │ gzip:     0.85 kB
dist/assets/v4/breadcrumb-Bxmx3qR4.js                                                           3.17 kB │ gzip:     1.48 kB
dist/assets/v4/stage-bars-card-CYs2P68k.js                                                      3.17 kB │ gzip:     1.63 kB
dist/assets/v4/BloomThemeContextValue-BHGYsXtA.js                                               3.18 kB │ gzip:     0.81 kB
dist/assets/v4/code-D_02Z1Ln.js                                                                 3.18 kB │ gzip:     1.01 kB
dist/assets/v4/ColorEngine.GenerateOptions-Bh5h-eF6.js                                          3.18 kB │ gzip:     0.90 kB
dist/assets/v4/platform-activity-CZVOiplV.js                                                    3.18 kB │ gzip:     1.61 kB
dist/assets/v4/normalizeProfileLinks-dDSpDLPN.js                                                3.18 kB │ gzip:     1.07 kB
dist/assets/v4/stat-widgets-BD1EQ4PZ.js                                                         3.18 kB │ gzip:     1.24 kB
dist/assets/v4/stat-widgets-DIb5sWmr.js                                                         3.18 kB │ gzip:     1.24 kB
dist/assets/v4/sign-in-flow-Cc6ruVDl.js                                                         3.19 kB │ gzip:     1.51 kB
dist/assets/v4/buildColorsFromSeed-BgcrTw44.js                                                  3.19 kB │ gzip:     1.07 kB
dist/assets/v4/BottomSheetRef-CqR3UMSw.js                                                       3.19 kB │ gzip:     0.65 kB
dist/assets/v4/OxySignInRequestSurfaceProps-BQjMXvPU.js                                         3.19 kB │ gzip:     1.42 kB
dist/assets/v4/motion-DCJ14ReK.js                                                               3.19 kB │ gzip:     1.65 kB
dist/assets/v4/motion-TYY0RkSQ.js                                                               3.19 kB │ gzip:     1.65 kB
dist/assets/v4/AgentLogRevealProps-2fpOmJ0z.js                                                  3.19 kB │ gzip:     0.90 kB
dist/assets/v4/menubar-BxBTRVK9.js                                                              3.20 kB │ gzip:     1.03 kB
dist/assets/v4/WebIdentityUnlockError-CezScMVQ.js                                               3.20 kB │ gzip:     1.18 kB
dist/assets/v4/slider-DLeTasQ_.js                                                               3.20 kB │ gzip:     1.48 kB
dist/assets/v4/createSharedMirroringAuthStateStore-B9-mNWV7.js                                  3.20 kB │ gzip:     1.16 kB
dist/assets/v4/ComboPoint-Bw3TiXpa.js                                                           3.20 kB │ gzip:     1.27 kB
dist/assets/v4/radio-indicator-pnRMtar_.js                                                      3.20 kB │ gzip:     1.54 kB
dist/assets/v4/sleep-score-card-nPv3vWRq.js                                                     3.20 kB │ gzip:     1.63 kB
dist/assets/v4/CommonsSignInHandle-CRAS_HEw.js                                                  3.20 kB │ gzip:     1.03 kB
dist/assets/v4/AiChatAssistantMessageProps-BKZGH1Ac.js                                          3.21 kB │ gzip:     0.88 kB
dist/assets/v4/field-BCX-RlhQ.js                                                                3.21 kB │ gzip:     1.40 kB
dist/assets/v4/0.1.0-CR7IWA5l.js                                                                3.22 kB │ gzip:     1.58 kB
dist/assets/v4/segmented-control-X3wMKsKc.js                                                    3.22 kB │ gzip:     1.31 kB
dist/assets/v4/line-chart-card-DbgDo_5S.js                                                      3.22 kB │ gzip:     1.65 kB
dist/assets/v4/LogEntry-DjfwLxNj.js                                                             3.23 kB │ gzip:     0.89 kB
dist/assets/v4/ai-profile-card-CAyY8BSn.js                                                      3.23 kB │ gzip:     1.21 kB
dist/assets/v4/AccordionProps-DrS13rqC.js                                                       3.24 kB │ gzip:     0.86 kB
dist/assets/v4/0009-agent-threads-are-durable-execution-units-tPI5goDO.js                       3.25 kB │ gzip:     1.62 kB
dist/assets/v4/most-active-days-card-RnC_6B-o.js                                                3.26 kB │ gzip:     1.66 kB
dist/assets/v4/ApplicationCredentialWithSecret-BNtzoZsO.js                                      3.26 kB │ gzip:     1.03 kB
dist/assets/v4/RegisterPushTokenInput-yIgdQoBk.js                                               3.26 kB │ gzip:     1.10 kB
dist/assets/v4/StatCardsProps-C2NWWPAV.js                                                       3.27 kB │ gzip:     0.88 kB
dist/assets/v4/DataTableColumn-BGtJyC84.js                                                      3.27 kB │ gzip:     1.09 kB
dist/assets/v4/alert-dialog-BPivuFZL.js                                                         3.28 kB │ gzip:     1.43 kB
dist/assets/v4/alert-dialog-BeEP89vi.js                                                         3.28 kB │ gzip:     1.43 kB
dist/assets/v4/refreshPersistedSession-3f0OB0pS.js                                              3.28 kB │ gzip:     1.25 kB
dist/assets/v4/platform-activity-DK-KAHll.js                                                    3.28 kB │ gzip:     1.66 kB
dist/assets/v4/welcome.es-D33bjJCi.js                                                           3.28 kB │ gzip:     1.51 kB
dist/assets/v4/IdentityDeviceBackupStore-rOmAPnP5.js                                            3.29 kB │ gzip:     0.95 kB
dist/assets/v4/NotificationPaint-C_ATKA93.js                                                    3.30 kB │ gzip:     0.68 kB
dist/assets/v4/tag-field-BNOzwPN9.js                                                            3.30 kB │ gzip:     1.35 kB
dist/assets/v4/ecosystem-activity-DYgSVAZk.js                                                   3.30 kB │ gzip:     1.65 kB
dist/assets/v4/IdentityPersistError-BlqbVBa7.js                                                 3.31 kB │ gzip:     1.30 kB
dist/assets/v4/SelectItemProps-B1z2TadL.js                                                      3.31 kB │ gzip:     0.75 kB
dist/assets/v4/popover-DiEyp7Fl.js                                                              3.31 kB │ gzip:     1.59 kB
dist/assets/v4/MONGO-TO-POSTGRES-CUTOVER-Cd58Uht-.js                                            3.31 kB │ gzip:     1.76 kB
dist/assets/v4/ActivityHeatmapProps-Br6YiiEy.js                                                 3.31 kB │ gzip:     1.44 kB
dist/assets/v4/model-abstraction-K6IkpKfc.js                                                    3.31 kB │ gzip:     1.14 kB
dist/assets/v4/payment-status-DqLXwCF0.js                                                       3.31 kB │ gzip:     1.09 kB
dist/assets/v4/OxyAuthenticationError-BZBEIkSJ.js                                               3.32 kB │ gzip:     1.26 kB
dist/assets/v4/directions-CIwrZ9rM.js                                                           3.32 kB │ gzip:     1.15 kB
dist/assets/v4/AiChatCodePanelLabels-CRfzjoqO.js                                                3.32 kB │ gzip:     0.73 kB
dist/assets/v4/Dialog-DLevpSeP.js                                                               3.32 kB │ gzip:     1.23 kB
dist/assets/v4/popover-BvPuGr8d.js                                                              3.32 kB │ gzip:     1.60 kB
dist/assets/v4/PopoverHeaderProps-BNworEu4.js                                                   3.33 kB │ gzip:     0.83 kB
dist/assets/v4/runColdBoot-BxslDQga.js                                                          3.33 kB │ gzip:     0.95 kB
dist/assets/v4/VirtualListProps-OOkJ_yR1.js                                                     3.33 kB │ gzip:     1.19 kB
dist/assets/v4/funnel-chart-card-Dra4H8-q.js                                                    3.33 kB │ gzip:     1.66 kB
dist/assets/v4/input-group-DMpbZmGk.js                                                          3.33 kB │ gzip:     1.53 kB
dist/assets/v4/RecentHire-CCnpwQu8.js                                                           3.33 kB │ gzip:     0.83 kB
dist/assets/v4/button-group-D8LDqVFw.js                                                         3.34 kB │ gzip:     1.17 kB
dist/assets/v4/item-CODJPy70.js                                                                 3.34 kB │ gzip:     1.33 kB
dist/assets/v4/AiChatShellLabels-BdmOIYsh.js                                                    3.35 kB │ gzip:     0.70 kB
dist/assets/v4/offline-zdy5qp7F.js                                                              3.35 kB │ gzip:     1.64 kB
dist/assets/v4/ProvisionChannelInput-BHCJibas.js                                                3.35 kB │ gzip:     0.71 kB
dist/assets/v4/tokens.borderRadius-h_si0_6H.js                                                  3.35 kB │ gzip:     0.71 kB
dist/assets/v4/README-BALphcSs.js                                                               3.35 kB │ gzip:     1.06 kB
dist/assets/v4/DeviceLinkedSession-CJltXuFo.js                                                  3.35 kB │ gzip:     0.80 kB
dist/assets/v4/branding-BPgm0oyS.js                                                             3.36 kB │ gzip:     1.40 kB
dist/assets/v4/enterprise-Du8hoAZc.js                                                           3.36 kB │ gzip:     1.44 kB
dist/assets/v4/03-first-app-Q2-3prvl.js                                                         3.36 kB │ gzip:     1.46 kB
dist/assets/v4/AppCard-Byx73f9O.js                                                              3.36 kB │ gzip:     1.62 kB
dist/assets/v4/isSelectableAccountCategoryId-C3cW_vcw.js                                        3.36 kB │ gzip:     0.82 kB
dist/assets/v4/Skeleton.Box-DFa6O2Kw.js                                                         3.36 kB │ gzip:     1.17 kB
dist/assets/v4/AuthCardValues-BMCLPpaI.js                                                       3.37 kB │ gzip:     0.79 kB
dist/assets/v4/OxyRuntimeSnapshot-CfMxyPwi.js                                                   3.37 kB │ gzip:     1.41 kB
dist/assets/v4/eviction-CtD2vGS4.js                                                             3.38 kB │ gzip:     1.23 kB
dist/assets/v4/useAssets-DpAOixnK.js                                                            3.38 kB │ gzip:     0.73 kB
dist/assets/v4/ai-profile-card-DP_t0vfC.js                                                      3.39 kB │ gzip:     1.64 kB
dist/assets/v4/RailProps-BMlIOuaV.js                                                            3.39 kB │ gzip:     0.98 kB
dist/assets/v4/menubar-DW4l49cj.js                                                              3.40 kB │ gzip:     1.55 kB
dist/assets/v4/StatusHistoryPage-SBcEEzmh.js                                                    3.41 kB │ gzip:     1.53 kB
dist/assets/v4/main-BfMyQMoT.js                                                                 3.42 kB │ gzip:     1.66 kB
dist/assets/v4/OxyConsentApplication-BTwkKDI3.js                                                3.42 kB │ gzip:     0.87 kB
dist/assets/v4/OxyConsentResource-xYFzy_ic.js                                                   3.42 kB │ gzip:     0.80 kB
dist/assets/v4/QuickAccount-cxIIC0VZ.js                                                         3.42 kB │ gzip:     0.85 kB
dist/assets/v4/SidebarItemProps-Bwd_jFNQ.js                                                     3.42 kB │ gzip:     0.76 kB
dist/assets/v4/CivicCardResult-D4xSgQDb.js                                                      3.43 kB │ gzip:     1.10 kB
dist/assets/v4/ScrollRestorationBinding-C1HoEOP1.js                                             3.43 kB │ gzip:     1.34 kB
dist/assets/v4/SharedDeviceCredentialStore-D-FYXswm.js                                          3.43 kB │ gzip:     0.97 kB
dist/assets/v4/RotateKeyOptions-CiTNATn5.js                                                     3.43 kB │ gzip:     1.18 kB
dist/assets/v4/transports-BGaNRM4Y.js                                                           3.43 kB │ gzip:     1.63 kB
dist/assets/v4/accountCategoryLabel-BWNikhaK.js                                                 3.43 kB │ gzip:     0.79 kB
dist/assets/v4/DialogAction-BQ5FY8e1.js                                                         3.43 kB │ gzip:     0.93 kB
dist/assets/v4/ConnectedApp-BgpvPX1I.js                                                         3.44 kB │ gzip:     1.03 kB
dist/assets/v4/typography-DCBs2h4G.js                                                           3.45 kB │ gzip:     0.74 kB
dist/assets/v4/Notification-Dilp8bJo.js                                                         3.45 kB │ gzip:     0.85 kB
dist/assets/v4/StageBar-DUAeyr3B.js                                                             3.46 kB │ gzip:     1.25 kB
dist/assets/v4/place-list-CxTztoZr.js                                                           3.46 kB │ gzip:     1.26 kB
dist/assets/v4/ChartCenterReadoutProps-DQ8Yi4aF.js                                              3.46 kB │ gzip:     0.84 kB
dist/assets/v4/useFollowerCounts-CA6XnCl5.js                                                    3.47 kB │ gzip:     0.71 kB
dist/assets/v4/price-breakdown-DRUF3XEc.js                                                      3.47 kB │ gzip:     1.25 kB
dist/assets/v4/QuestionnaireLabels-DT4ylJ1r.js                                                  3.48 kB │ gzip:     0.75 kB
dist/assets/v4/TableProps-DURoEKrI.js                                                           3.48 kB │ gzip:     0.85 kB
dist/assets/v4/establishIdentitySession-tXuSakXH.js                                             3.48 kB │ gzip:     1.10 kB
dist/assets/v4/agent-progress-B4Ypfr_N.js                                                       3.48 kB │ gzip:     1.25 kB
dist/assets/v4/RadioIndicatorProps-DClUYIxo.js                                                  3.48 kB │ gzip:     0.92 kB
dist/assets/v4/SidebarNavItem-CONa9gXh.js                                                       3.48 kB │ gzip:     0.93 kB
dist/assets/v4/ecosystem-activity-CTx-uqLX.js                                                   3.49 kB │ gzip:     1.75 kB
dist/assets/v4/HandleAuthErrorOptions-wo53avVd.js                                               3.50 kB │ gzip:     0.72 kB
dist/assets/v4/CalendarConstraintProps-qFzoA8qv.js                                              3.50 kB │ gzip:     1.00 kB
dist/assets/v4/SidebarAccount-CQJa3R6I.js                                                       3.50 kB │ gzip:     0.76 kB
dist/assets/v4/OxyInferenceProtocolError-Dzj61cPh.js                                            3.51 kB │ gzip:     1.38 kB
dist/assets/v4/IdentityPinStore-CR5sT161.js                                                     3.52 kB │ gzip:     1.05 kB
dist/assets/v4/ThemeColors-BbHge-et.js                                                          3.52 kB │ gzip:     0.96 kB
dist/assets/v4/phone-input-B6JWIm5V.js                                                          3.52 kB │ gzip:     1.06 kB
dist/assets/v4/FaqSection-D-DXW6_w.js                                                           3.53 kB │ gzip:     1.71 kB
dist/assets/v4/IdentityAlreadyExistsError-oSXLt_71.js                                           3.54 kB │ gzip:     1.39 kB
dist/assets/v4/tabs-Csq2jk-L.js                                                                 3.54 kB │ gzip:     1.36 kB
dist/assets/v4/ScrollRouterAdapter-B2uAUXmV.js                                                  3.54 kB │ gzip:     1.37 kB
dist/assets/v4/useChartRange-DO3pif-t.js                                                        3.54 kB │ gzip:     0.86 kB
dist/assets/v4/sealWebIdentity-D1QlWxUG.js                                                      3.54 kB │ gzip:     0.91 kB
dist/assets/v4/SecurityActivity-C7_jWXKj.js                                                     3.54 kB │ gzip:     0.72 kB
dist/assets/v4/parseHttpErrorBody-C8iTCQfZ.js                                                   3.54 kB │ gzip:     1.23 kB
dist/assets/v4/SurfaceEntry-jH_J4x3L.js                                                         3.55 kB │ gzip:     0.93 kB
dist/assets/v4/animated-check-D8ezjvBo.js                                                       3.55 kB │ gzip:     1.40 kB
dist/assets/v4/code-CgveoZL6.js                                                                 3.55 kB │ gzip:     1.46 kB
dist/assets/v4/RadarChartCardProps-l30XlFuB.js                                                  3.55 kB │ gzip:     1.33 kB
dist/assets/v4/sankey-chart-card-1x5jKi4y.js                                                    3.55 kB │ gzip:     1.80 kB
dist/assets/v4/divider-DNykWFLX.js                                                              3.56 kB │ gzip:     1.56 kB
dist/assets/v4/animated-check-kSMABlHz.js                                                       3.56 kB │ gzip:     1.42 kB
dist/assets/v4/earnings-C_sWaswE.js                                                             3.57 kB │ gzip:     1.10 kB
dist/assets/v4/ColorPresetGroup-BRefiJDX.js                                                     3.58 kB │ gzip:     0.76 kB
dist/assets/v4/teleport-CIWebCho.js                                                             3.58 kB │ gzip:     1.82 kB
dist/assets/v4/teleport-se8EAWvP.js                                                             3.58 kB │ gzip:     1.82 kB
dist/assets/v4/usage-metrics-BssHt65f.js                                                        3.58 kB │ gzip:     1.52 kB
dist/assets/v4/address-BBc9gpTo.js                                                              3.58 kB │ gzip:     1.28 kB
dist/assets/v4/DeviceContextActor-D2yH4Smf.js                                                   3.59 kB │ gzip:     0.94 kB
dist/assets/v4/createQuickAccount-BIXleUtb.js                                                   3.59 kB │ gzip:     0.92 kB
dist/assets/v4/ColorPresetRecipe-BA4r87wL.js                                                    3.59 kB │ gzip:     0.94 kB
dist/assets/v4/DataTableSelectOption-DHAHe-0R.js                                                3.60 kB │ gzip:     0.88 kB
dist/assets/v4/provider-credential-exposure-BDPdZKt3.js                                         3.60 kB │ gzip:     1.57 kB
dist/assets/v4/CalendarViewInboxMenuProps-CeB4ctMG.js                                           3.61 kB │ gzip:     0.82 kB
dist/assets/v4/normalizeMultilineText-Br2Hg3Su.js                                               3.61 kB │ gzip:     1.45 kB
dist/assets/v4/AvatarGroupItem-Bug5q4Ia.js                                                      3.61 kB │ gzip:     1.03 kB
dist/assets/v4/WeekRangePillProps-B3qAh9WX.js                                                   3.61 kB │ gzip:     0.81 kB
dist/assets/v4/SurfaceControls--xzw5xyy.js                                                      3.61 kB │ gzip:     1.18 kB
dist/assets/v4/lyrics-C-QB1C4o.js                                                               3.62 kB │ gzip:     1.20 kB
dist/assets/v4/PeriodChartHeaderProps-CyxMpiA7.js                                               3.63 kB │ gzip:     0.91 kB
dist/assets/v4/menubar-D-DO-vJ2.js                                                              3.63 kB │ gzip:     1.67 kB
dist/assets/v4/resolveChipHueColors-Okz4i36d.js                                                 3.63 kB │ gzip:     1.20 kB
dist/assets/v4/SettingsDateFieldProps-DsoKgeVM.js                                               3.64 kB │ gzip:     0.77 kB
dist/assets/v4/AIResearchSection-BRKspskP.js                                                    3.64 kB │ gzip:     1.72 kB
dist/assets/v4/BrandScope-HRUf56dJ.js                                                           3.64 kB │ gzip:     1.22 kB
dist/assets/v4/user-hover-card-BKPzCfqT.js                                                      3.64 kB │ gzip:     1.55 kB
dist/assets/v4/webhooks-BjMgJmGc.js                                                             3.65 kB │ gzip:     1.94 kB
dist/assets/v4/ComposerPillProps-DPKQp55k.js                                                    3.65 kB │ gzip:     1.22 kB
dist/assets/v4/pressable-scale-3tTNK2Ll.js                                                      3.65 kB │ gzip:     1.46 kB
dist/assets/v4/pressable-scale-Ce4I6OFx.js                                                      3.65 kB │ gzip:     1.46 kB
dist/assets/v4/SidebarRailItemProps-ieopz2bn.js                                                 3.66 kB │ gzip:     0.82 kB
dist/assets/v4/AgentThinkingProps-DWwNTSay.js                                                   3.66 kB │ gzip:     0.87 kB
dist/assets/v4/THEMING-DmFlDZ5V.js                                                              3.67 kB │ gzip:     1.77 kB
dist/assets/v4/main-Drk4fo4I.js                                                                 3.68 kB │ gzip:     1.80 kB
dist/assets/v4/switch-BSjrdrxe.js                                                               3.68 kB │ gzip:     1.67 kB
dist/assets/v4/switch-Be6AxrHs.js                                                               3.68 kB │ gzip:     1.67 kB
dist/assets/v4/delete-account-lvOkfvu_.js                                                       3.68 kB │ gzip:     1.54 kB
dist/assets/v4/SelectValueProps-BhykSGeq.js                                                     3.69 kB │ gzip:     1.00 kB
dist/assets/v4/NewsroomListControls-CsvzeCba.js                                                 3.69 kB │ gzip:     1.71 kB
dist/assets/v4/01-what-is-oxy-DgqWg6YY.js                                                       3.70 kB │ gzip:     1.55 kB
dist/assets/v4/Payment-B-rgJZIH.js                                                              3.70 kB │ gzip:     0.77 kB
dist/assets/v4/SegmentedControl-CgpxJHfn.js                                                     3.72 kB │ gzip:     0.98 kB
dist/assets/v4/ClientSession-DXmuANhc.js                                                        3.72 kB │ gzip:     1.06 kB
dist/assets/v4/tokens.fontSize-HjbAE1E9.js                                                      3.72 kB │ gzip:     0.66 kB
dist/assets/v4/FabProps-B-Yol8xf.js                                                             3.73 kB │ gzip:     1.47 kB
dist/assets/v4/auth-card-Bi0KSrp-.js                                                            3.73 kB │ gzip:     1.40 kB
dist/assets/v4/refreshDeviceSecretArm-DBwzLg2J.js                                               3.73 kB │ gzip:     1.36 kB
dist/assets/v4/CalendarViewMonthSwitcherProps-Bo4_5S0t.js                                       3.73 kB │ gzip:     0.84 kB
dist/assets/v4/CommonsOAuthContext-C9RL0ZG3.js                                                  3.74 kB │ gzip:     1.24 kB
dist/assets/v4/agent-thinking-CYVmiavY.js                                                       3.75 kB │ gzip:     1.86 kB
dist/assets/v4/WebSearchSource-DZpKXxPE.js                                                      3.75 kB │ gzip:     1.03 kB
dist/assets/v4/Code.CodeLinesProps-BbhO1QTP.js                                                  3.76 kB │ gzip:     0.92 kB
dist/assets/v4/fill-ClQMxQIs.js                                                                 3.76 kB │ gzip:     1.59 kB
dist/assets/v4/fill-D_3ikbXs.js                                                                 3.76 kB │ gzip:     1.59 kB
dist/assets/v4/SettingsPlanCardProps-BJ4EAYz8.js                                                3.76 kB │ gzip:     0.87 kB
dist/assets/v4/ACCOUNT_CATEGORY_IDS-UuhWbJWd.js                                                 3.76 kB │ gzip:     1.09 kB
dist/assets/v4/content-panel-D7kzwt6_.js                                                        3.77 kB │ gzip:     1.67 kB
dist/assets/v4/IdentityUnavailableError-B5dvMpEr.js                                             3.77 kB │ gzip:     1.54 kB
dist/assets/v4/AuthActions-C4HERXhn.js                                                          3.78 kB │ gzip:     0.96 kB
dist/assets/v4/AccountNotOnDeviceError-B1zYP5dB.js                                              3.78 kB │ gzip:     1.50 kB
dist/assets/v4/platform-activity-3neApFWz.js                                                    3.79 kB │ gzip:     1.70 kB
dist/assets/v4/CalendarViewMonthGridProps-Z-Olb5Ub.js                                           3.79 kB │ gzip:     0.93 kB
dist/assets/v4/02-create-account-hOsq0mA2.js                                                    3.79 kB │ gzip:     1.61 kB
dist/assets/v4/StoreReview-CaPpdEc0.js                                                          3.80 kB │ gzip:     0.90 kB
dist/assets/v4/AiProfileCardProps-DyHt9WVR.js                                                   3.80 kB │ gzip:     1.35 kB
dist/assets/v4/main-KRuFAYBD.js                                                                 3.81 kB │ gzip:     1.99 kB
dist/assets/v4/create-app-BEZp7zYy.js                                                           3.82 kB │ gzip:     1.52 kB
dist/assets/v4/2fa-setup-f6RV4f-w.js                                                            3.82 kB │ gzip:     1.58 kB
dist/assets/v4/BarListItem-C-BKIPly.js                                                          3.82 kB │ gzip:     1.46 kB
dist/assets/v4/avatar-BLu01Hoa.js                                                               3.82 kB │ gzip:     1.59 kB
dist/assets/v4/avatar-CgPWWv0b.js                                                               3.82 kB │ gzip:     1.59 kB
dist/assets/v4/avatar-GeOdcSvl.js                                                               3.82 kB │ gzip:     1.59 kB
dist/assets/v4/CreateApplicationInput-dm7aDxMx.js                                               3.83 kB │ gzip:     0.83 kB
dist/assets/v4/connection-dots-DihLSSBa.js                                                      3.83 kB │ gzip:     1.46 kB
dist/assets/v4/connection-dots-DmaRR4_B.js                                                      3.83 kB │ gzip:     1.46 kB
dist/assets/v4/stat-cards-XSVWQ8g-.js                                                           3.83 kB │ gzip:     1.88 kB
dist/assets/v4/ImportantAlertsCardProps-Vnrk1H7p.js                                             3.83 kB │ gzip:     0.94 kB
dist/assets/v4/loading-BSOJTPNV.js                                                              3.83 kB │ gzip:     1.55 kB
dist/assets/v4/loading-CeqkU9Lf.js                                                              3.83 kB │ gzip:     1.55 kB
dist/assets/v4/subtle-hover-B6yh__bE.js                                                         3.84 kB │ gzip:     1.55 kB
dist/assets/v4/subtle-hover-Bezsn5Ki.js                                                         3.84 kB │ gzip:     1.55 kB
dist/assets/v4/TYPOGRAPHY-B7-hEZtP.js                                                           3.85 kB │ gzip:     0.85 kB
dist/assets/v4/note-card-Cyi5Qltf.js                                                            3.86 kB │ gzip:     1.46 kB
dist/assets/v4/MenubarProps-gocR60gt.js                                                         3.86 kB │ gzip:     0.89 kB
dist/assets/v4/quickstart-yjmhSCyU.js                                                           3.87 kB │ gzip:     1.72 kB
dist/assets/v4/OxyAccountPickerProps-LBcpu0Y4.js                                                3.87 kB │ gzip:     1.04 kB
dist/assets/v4/2026-06-28-bio-links-in-linksummary-design-BYYlnjdz.js                           3.87 kB │ gzip:     1.77 kB
dist/assets/v4/OxySignInButtonProps-Bcaq01Q0.js                                                 3.87 kB │ gzip:     1.66 kB
dist/assets/v4/AgentLogRevealTickerOptions-DHO2hh0J.js                                          3.87 kB │ gzip:     0.95 kB
dist/assets/v4/social-button-DcU7kNkt.js                                                        3.88 kB │ gzip:     1.94 kB
dist/assets/v4/media-inset-border-BLKtsDDU.js                                                   3.88 kB │ gzip:     1.51 kB
dist/assets/v4/media-inset-border-Db121h_C.js                                                   3.88 kB │ gzip:     1.51 kB
dist/assets/v4/AuthStateStore-vJ_S8szH.js                                                       3.88 kB │ gzip:     1.20 kB
dist/assets/v4/2026-06-28-post-text-length-setting-design-BINLO_1O.js                           3.89 kB │ gzip:     1.80 kB
dist/assets/v4/ChartHeaderProps-CwfrIRnI.js                                                     3.89 kB │ gzip:     1.00 kB
dist/assets/v4/contributions-card-VlMKN1YT.js                                                   3.89 kB │ gzip:     1.99 kB
dist/assets/v4/OxyAccountEvent-D_dOHCky.js                                                      3.89 kB │ gzip:     1.07 kB
dist/assets/v4/divider-D8m_iU9g.js                                                              3.89 kB │ gzip:     1.48 kB
dist/assets/v4/page-header-keQLWLW6.js                                                          3.90 kB │ gzip:     1.43 kB
dist/assets/v4/platform-activity-B3dQqtxm.js                                                    3.91 kB │ gzip:     1.77 kB
dist/assets/v4/NavigationTheme-D7H8NSHf.js                                                      3.92 kB │ gzip:     0.71 kB
dist/assets/v4/table-cyALB4fS.js                                                                3.92 kB │ gzip:     1.05 kB
dist/assets/v4/fedcm-overview-BjVX5xu1.js                                                       3.92 kB │ gzip:     1.72 kB
dist/assets/v4/AiChatResizeHandleProps-D-0aaUs7.js                                              3.93 kB │ gzip:     0.86 kB
dist/assets/v4/FileUploadLabels-DyaW567M.js                                                     3.93 kB │ gzip:     0.90 kB
dist/assets/v4/deviceStateToClientSessions-C19XSSMp.js                                          3.93 kB │ gzip:     1.11 kB
dist/assets/v4/proof-of-delivery-C8975yQx.js                                                    3.93 kB │ gzip:     1.23 kB
dist/assets/v4/mission-DMuDP1ZJ.js                                                              3.94 kB │ gzip:     1.57 kB
dist/assets/v4/CommandItem-B3yKm2-7.js                                                          3.95 kB │ gzip:     0.93 kB
dist/assets/v4/SidebarProps-DNKgAUSj.js                                                         3.96 kB │ gzip:     1.19 kB
dist/assets/v4/task-list-B8fkYiHy.js                                                            3.96 kB │ gzip:     2.00 kB
dist/assets/v4/ContentPanelProps-B9HeqmiL.js                                                    3.96 kB │ gzip:     1.75 kB
dist/assets/v4/FileUploadProps-AaDZrDhO.js                                                      3.97 kB │ gzip:     1.21 kB
dist/assets/v4/RequireOxyAuthProps-YdWqZg0A.js                                                  3.97 kB │ gzip:     0.88 kB
dist/assets/v4/SignInProgress-CAB8HA8k.js                                                       3.98 kB │ gzip:     1.24 kB
dist/assets/v4/progressive-blur-B0pxQ73h.js                                                     3.98 kB │ gzip:     1.59 kB
dist/assets/v4/progressive-blur-hGj_3ucW.js                                                     3.98 kB │ gzip:     1.59 kB
dist/assets/v4/contact-card-DS375s8x.js                                                         3.98 kB │ gzip:     1.55 kB
dist/assets/v4/encryption-C7ntnXU-.js                                                           3.98 kB │ gzip:     1.63 kB
dist/assets/v4/LabelProps-CJvxBzmh.js                                                           3.99 kB │ gzip:     0.95 kB
dist/assets/v4/text-field-BbWY8_zo.js                                                           4.01 kB │ gzip:     1.58 kB
dist/assets/v4/text-field-CZFye6s3.js                                                           4.01 kB │ gzip:     1.58 kB
dist/assets/v4/text-field-TQTMSsRM.js                                                           4.01 kB │ gzip:     1.58 kB
dist/assets/v4/checkbox-DXnxl4J3.js                                                             4.01 kB │ gzip:     1.51 kB
dist/assets/v4/TabsDragController-CuAg9fFl.js                                                   4.02 kB │ gzip:     1.44 kB
dist/assets/v4/TailwindPresetThemeExtend-D46W41oC.js                                            4.02 kB │ gzip:     0.65 kB
dist/assets/v4/IdentityBinding-CPZHEoPP.js                                                      4.04 kB │ gzip:     1.08 kB
dist/assets/v4/rollback-BWHXnGS2.js                                                             4.04 kB │ gzip:     1.64 kB
dist/assets/v4/bar-list-card-C5Ja-QH1.js                                                        4.04 kB │ gzip:     2.02 kB
dist/assets/v4/SurfaceConfirmOptions-CttMdv9u.js                                                4.04 kB │ gzip:     0.93 kB
dist/assets/v4/AccountStorageUsageResponse-DAOWOkIr.js                                          4.05 kB │ gzip:     0.74 kB
dist/assets/v4/BloomThemeStorage-DQ4rgq0O.js                                                    4.05 kB │ gzip:     0.95 kB
dist/assets/v4/stat-bar-CgVVE4wf.js                                                             4.06 kB │ gzip:     1.30 kB
dist/assets/v4/ErrorBoundaryProps-obLBrB27.js                                                   4.06 kB │ gzip:     1.03 kB
dist/assets/v4/NotificationBellProps-DU4CnDVF.js                                                4.06 kB │ gzip:     0.87 kB
dist/assets/v4/radial-chart-card-DOtGMCRQ.js                                                    4.07 kB │ gzip:     1.97 kB
dist/assets/v4/isSwitchTargetAccount-yMIy2UMQ.js                                                4.08 kB │ gzip:     1.53 kB
dist/assets/v4/badge-BRiPxCUb.js                                                                4.09 kB │ gzip:     1.92 kB
dist/assets/v4/staking-CDxC3_cc.js                                                              4.09 kB │ gzip:     1.61 kB
dist/assets/v4/PublisherListing-DKuLx4I8.js                                                     4.09 kB │ gzip:     0.75 kB
dist/assets/v4/queue-panel-DEV18PO1.js                                                          4.11 kB │ gzip:     1.24 kB
dist/assets/v4/MinimalSocket-Bc6YjgEW.js                                                        4.11 kB │ gzip:     0.78 kB
dist/assets/v4/map-controls-CixN8-7G.js                                                         4.11 kB │ gzip:     1.33 kB
dist/assets/v4/portal-2jErq7Ch.js                                                               4.11 kB │ gzip:     1.71 kB
dist/assets/v4/portal-CujF3DLf.js                                                               4.11 kB │ gzip:     1.71 kB
dist/assets/v4/FieldProps-ChR63D8W.js                                                           4.11 kB │ gzip:     0.93 kB
dist/assets/v4/shipment-request-DAevyKRr.js                                                     4.11 kB │ gzip:     1.26 kB
dist/assets/v4/loading-CK6hB4Xa.js                                                              4.11 kB │ gzip:     1.58 kB
dist/assets/v4/loading-DXr2gp1Z.js                                                              4.11 kB │ gzip:     1.58 kB
dist/assets/v4/loading-P8z-Bo4u.js                                                              4.11 kB │ gzip:     1.58 kB
dist/assets/v4/1.0.0-QAILCSlJ.js                                                                4.12 kB │ gzip:     1.39 kB
dist/assets/v4/radio-ZQOrvC-t.js                                                                4.12 kB │ gzip:     1.08 kB
dist/assets/v4/PolarSurfaceProps-BOyA_QRN.js                                                    4.12 kB │ gzip:     1.03 kB
dist/assets/v4/DataTableSelectProps-DxuF_ieO.js                                                 4.12 kB │ gzip:     0.97 kB
dist/assets/v4/StatCardsItem-DnUiGwQV.js                                                        4.12 kB │ gzip:     0.89 kB
dist/assets/v4/ActivityRingsCardProps-PkZhZinf.js                                               4.13 kB │ gzip:     1.01 kB
dist/assets/v4/01-identity-basics-D898ab4V.js                                                   4.13 kB │ gzip:     1.71 kB
dist/assets/v4/dialog-DnxvgjJ7.js                                                               4.14 kB │ gzip:     1.72 kB
dist/assets/v4/dialog-rdfWtSm7.js                                                               4.14 kB │ gzip:     1.72 kB
dist/assets/v4/overlay-DiWUho3c.js                                                              4.14 kB │ gzip:     1.72 kB
dist/assets/v4/dialog-TV-SbSG9.js                                                               4.14 kB │ gzip:     1.72 kB
dist/assets/v4/IdentityBoundSessionError-DgFnfATA.js                                            4.14 kB │ gzip:     1.07 kB
dist/assets/v4/Typography-DaDABxCA.js                                                           4.15 kB │ gzip:     0.74 kB
dist/assets/v4/ModelPickerLabels-DBU_q5x0.js                                                    4.16 kB │ gzip:     0.73 kB
dist/assets/v4/SelectTriggerProps-bVWQjwMT.js                                                   4.19 kB │ gzip:     1.12 kB
dist/assets/v4/Typography.typeScale-jFL7vGkp.js                                                 4.20 kB │ gzip:     0.78 kB
dist/assets/v4/ComposerPanelLabels-DLrgxzBF.js                                                  4.21 kB │ gzip:     0.78 kB
dist/assets/v4/getting-started-B6w6dNy1.js                                                      4.21 kB │ gzip:     1.49 kB
dist/assets/v4/getting-started-DTuvWbiz.js                                                      4.21 kB │ gzip:     1.49 kB
dist/assets/v4/getting-started-DJJ8gJT3.js                                                      4.21 kB │ gzip:     1.49 kB
dist/assets/v4/encryption.es-CyJMX5_x.js                                                        4.21 kB │ gzip:     1.73 kB
dist/assets/v4/migrating-the-media-gallery-CoD2KjoT.js                                          4.22 kB │ gzip:     1.83 kB
dist/assets/v4/migrating-the-media-gallery-DSaGTNxW.js                                          4.22 kB │ gzip:     1.83 kB
dist/assets/v4/SignInFlowState-ymimq0BP.js                                                      4.22 kB │ gzip:     1.82 kB
dist/assets/v4/OxyAuthRefusal-B2_Gw_Lt.js                                                       4.22 kB │ gzip:     1.44 kB
dist/assets/v4/table-B8CAlc0y.js                                                                4.23 kB │ gzip:     1.89 kB
dist/assets/v4/recovery-Cab2n9Bn.js                                                             4.23 kB │ gzip:     1.78 kB
dist/assets/v4/AgentCreatorProps-BLTnyQEj.js                                                    4.23 kB │ gzip:     0.92 kB
dist/assets/v4/DeviceSecretMintOutcome-CY__0AO8.js                                              4.24 kB │ gzip:     1.30 kB
dist/assets/v4/segmented-control-BAgy9CiT.js                                                    4.25 kB │ gzip:     1.81 kB
dist/assets/v4/label-B5AAua1Q.js                                                                4.25 kB │ gzip:     1.48 kB
dist/assets/v4/ScrollableHandle-CZ2vEUSa.js                                                     4.26 kB │ gzip:     1.13 kB
dist/assets/v4/main-BCDtx11E.js                                                                 4.27 kB │ gzip:     2.13 kB
dist/assets/v4/SidebarFolderProps-BdLzy9Jl.js                                                   4.27 kB │ gzip:     0.88 kB
dist/assets/v4/BORDER_ROLES-BP0ctlps.js                                                         4.27 kB │ gzip:     0.99 kB
dist/assets/v4/SwitchProps-Kk8D8O4X.js                                                          4.27 kB │ gzip:     1.21 kB
dist/assets/v4/surfaces-CBManjkc.js                                                             4.27 kB │ gzip:     1.62 kB
dist/assets/v4/kbd-CAFrHcAJ.js                                                                  4.28 kB │ gzip:     1.56 kB
dist/assets/v4/onboarding-N_gwXcdr.js                                                           4.29 kB │ gzip:     1.45 kB
dist/assets/v4/0.6.8-DXT99rdn.js                                                                4.29 kB │ gzip:     1.40 kB
dist/assets/v4/0.6.9-BLNWSPXX.js                                                                4.29 kB │ gzip:     1.40 kB
dist/assets/v4/0.6.14-B_BrXksw.js                                                               4.30 kB │ gzip:     1.40 kB
dist/assets/v4/examples-DFu_WUhb.js                                                             4.30 kB │ gzip:     2.02 kB
dist/assets/v4/select-BoFsl8yH.js                                                               4.30 kB │ gzip:     1.91 kB
dist/assets/v4/ConnectionDotsProps-Cx6-X26q.js                                                  4.30 kB │ gzip:     1.07 kB
dist/assets/v4/media-shelf-tyRtAtLb.js                                                          4.31 kB │ gzip:     1.33 kB
dist/assets/v4/button-B15hjFcl.js                                                               4.32 kB │ gzip:     1.70 kB
dist/assets/v4/button-Cu-1tzf8.js                                                               4.32 kB │ gzip:     1.70 kB
dist/assets/v4/button-Dxs4Xqb-.js                                                               4.32 kB │ gzip:     1.70 kB
dist/assets/v4/textarea-BE9IX3zV.js                                                             4.32 kB │ gzip:     1.91 kB
dist/assets/v4/CompositionBarProps-D_DMj8Je.js                                                  4.32 kB │ gzip:     1.10 kB
dist/assets/v4/multilingual-trends-CIBA_Zig.js                                                  4.33 kB │ gzip:     2.05 kB
dist/assets/v4/card-BAqdBIv-.js                                                                 4.33 kB │ gzip:     2.00 kB
dist/assets/v4/card-DmEp601G.js                                                                 4.33 kB │ gzip:     2.00 kB
dist/assets/v4/OxyInferenceClientOptions-BP4cAGir.js                                            4.34 kB │ gzip:     0.93 kB
dist/assets/v4/SurfacePromptOptions-CJbElnhL.js                                                 4.35 kB │ gzip:     0.93 kB
dist/assets/v4/exit-nodes-sr5k8bzO.js                                                           4.35 kB │ gzip:     2.13 kB
dist/assets/v4/PersistedThemeState-U7k1iund.js                                                  4.35 kB │ gzip:     0.97 kB
dist/assets/v4/platform-activity-CTQtZZiV.js                                                    4.37 kB │ gzip:     1.95 kB
dist/assets/v4/COMPATIBILITY_RETIREMENT-Dr4wtTiJ.js                                             4.37 kB │ gzip:     2.02 kB
dist/assets/v4/benefit-list-CwLqleZ2.js                                                         4.39 kB │ gzip:     1.64 kB
dist/assets/v4/AvailableCapabilityCatalog-DUGZaPAh.js                                           4.40 kB │ gzip:     0.76 kB
dist/assets/v4/select-Bgj6pN9I.js                                                               4.40 kB │ gzip:     1.55 kB
dist/assets/v4/select-BtmTSNlj.js                                                               4.40 kB │ gzip:     1.55 kB
dist/assets/v4/select-ivnW0wEP.js                                                               4.40 kB │ gzip:     1.55 kB
dist/assets/v4/platform-activity-DUixi5P7.js                                                    4.41 kB │ gzip:     2.00 kB
dist/assets/v4/bottom-sheet-7nT1lSQB.js                                                         4.42 kB │ gzip:     1.89 kB
dist/assets/v4/bottom-sheet-CqWKW19y.js                                                         4.42 kB │ gzip:     1.89 kB
dist/assets/v4/bottom-sheet-BVE4XTpb.js                                                         4.42 kB │ gzip:     1.89 kB
dist/assets/v4/theming-nPdWFI0p.js                                                              4.42 kB │ gzip:     2.20 kB
dist/assets/v4/avatar-group-BvsNc3OZ.js                                                         4.42 kB │ gzip:     1.83 kB
dist/assets/v4/app-shell-CDov5cwI.js                                                            4.42 kB │ gzip:     1.77 kB
dist/assets/v4/HttpStatus-Bd6r0FIy.js                                                           4.43 kB │ gzip:     0.91 kB
dist/assets/v4/CheckboxCardProps-Bu2toJB3.js                                                    4.43 kB │ gzip:     0.95 kB
dist/assets/v4/avatar-BgV_OROJ.js                                                               4.43 kB │ gzip:     1.78 kB
dist/assets/v4/avatar-group-D70kkVdW.js                                                         4.43 kB │ gzip:     2.02 kB
dist/assets/v4/avatar-group-DgcS8LPe.js                                                         4.43 kB │ gzip:     2.02 kB
dist/assets/v4/2.0.0-C8g12ppW.js                                                                4.43 kB │ gzip:     1.50 kB
dist/assets/v4/QUICK_REFERENCE-B4AYBNRv.js                                                      4.45 kB │ gzip:     1.68 kB
dist/assets/v4/vendor-card-Dm_V7b__.js                                                          4.46 kB │ gzip:     1.73 kB
dist/assets/v4/context-menu-Bb5e0Xyf.js                                                         4.47 kB │ gzip:     1.62 kB
dist/assets/v4/context-menu-C9UXfljU.js                                                         4.47 kB │ gzip:     1.62 kB
dist/assets/v4/context-menu-CjBgMdeT.js                                                         4.47 kB │ gzip:     1.62 kB
dist/assets/v4/authentication-DjWikJ4N.js                                                       4.47 kB │ gzip:     2.02 kB
dist/assets/v4/discovery-CTdBhjLI.js                                                            4.47 kB │ gzip:     2.16 kB
dist/assets/v4/popover-DMmPOIxS.js                                                              4.48 kB │ gzip:     1.21 kB
dist/assets/v4/tooltip-DkW3YnqK.js                                                              4.48 kB │ gzip:     1.75 kB
dist/assets/v4/PRODUCT_POSITIONING-DXBpxzWp.js                                                  4.48 kB │ gzip:     1.88 kB
dist/assets/v4/media-flight-Cr3rAGED.js                                                         4.49 kB │ gzip:     1.37 kB
dist/assets/v4/WebOAuthSignInResult-DI05xyoS.js                                                 4.49 kB │ gzip:     0.91 kB
dist/assets/v4/UpdateApplicationInput-DBFus3jv.js                                               4.50 kB │ gzip:     0.85 kB
dist/assets/v4/carrier-quote-DJdxwbS5.js                                                        4.50 kB │ gzip:     1.34 kB
dist/assets/v4/SwitcherContextRow-TRzQRSJe.js                                                   4.50 kB │ gzip:     1.18 kB
dist/assets/v4/NotificationCenterItem-CwKE13-V.js                                               4.51 kB │ gzip:     0.92 kB
dist/assets/v4/PhotoCardCarousel-Bjx9dEEu.js                                                    4.51 kB │ gzip:     1.94 kB
dist/assets/v4/OAuthTokenExchangeResult-Dyvu2QyK.js                                             4.52 kB │ gzip:     1.26 kB
dist/assets/v4/integrations-service-rollout-BOyYoA1O.js                                         4.52 kB │ gzip:     1.79 kB
dist/assets/v4/rail-DCuVb8qD.js                                                                 4.54 kB │ gzip:     1.85 kB
dist/assets/v4/delivery-slot-BrOAf7Ka.js                                                        4.54 kB │ gzip:     1.41 kB
dist/assets/v4/radio-CEnGtPXD.js                                                                4.54 kB │ gzip:     2.02 kB
dist/assets/v4/layout-CZoAJypi.js                                                               4.54 kB │ gzip:     2.16 kB
dist/assets/v4/layout-DzBgaRUg.js                                                               4.54 kB │ gzip:     2.16 kB
dist/assets/v4/radio-indicator-B-0ZkixB.js                                                      4.55 kB │ gzip:     1.70 kB
dist/assets/v4/PeableButtonProps-CcNj3x2_.js                                                    4.55 kB │ gzip:     0.90 kB
dist/assets/v4/PersistedAuthState-CZiuOr4D.js                                                   4.55 kB │ gzip:     1.33 kB
dist/assets/v4/stepper-CFZJdgkm.js                                                              4.56 kB │ gzip:     1.04 kB
dist/assets/v4/provider-CTnT-smt.js                                                             4.56 kB │ gzip:     1.73 kB
dist/assets/v4/provider-DCO7jAVZ.js                                                             4.56 kB │ gzip:     1.73 kB
dist/assets/v4/0011-autonomous-agents-run-durably-and-speak-first-3EjkRoUB.js                   4.56 kB │ gzip:     2.23 kB
dist/assets/v4/bottom-sheets-BBeaWla3.js                                                        4.57 kB │ gzip:     2.16 kB
dist/assets/v4/ContributionsGridProps-Dv3vVSZG.js                                               4.57 kB │ gzip:     1.13 kB
dist/assets/v4/wallet-CoWgFsRg.js                                                               4.58 kB │ gzip:     1.62 kB
dist/assets/v4/SettingsTextFieldProps-D-KrTrou.js                                               4.59 kB │ gzip:     0.99 kB
dist/assets/v4/connection-status-BXhkBWxS.js                                                    4.59 kB │ gzip:     1.65 kB
dist/assets/v4/connection-status-COSICPQF.js                                                    4.59 kB │ gzip:     1.65 kB
dist/assets/v4/RunSessionColdBootOptions-BgN0Bu0L.js                                            4.60 kB │ gzip:     1.84 kB
dist/assets/v4/onboarding-DnLE9AfD.js                                                           4.60 kB │ gzip:     2.12 kB
dist/assets/v4/2026-06-28-native-gif-library-design-BJhQSrqN.js                                 4.60 kB │ gzip:     2.29 kB
dist/assets/v4/oxyhq-auth-BbeUS62M.js                                                           4.60 kB │ gzip:     2.06 kB
dist/assets/v4/level-picker-D0m8ns2W.js                                                         4.61 kB │ gzip:     1.91 kB
dist/assets/v4/ComposerPanelProps-Ds3sf_ur.js                                                   4.61 kB │ gzip:     1.33 kB
dist/assets/v4/DevicePrincipalGroup-Cgcd-iVP.js                                                 4.62 kB │ gzip:     1.23 kB
dist/assets/v4/speech-recovery-2026-09-13-x1C35SsE.js                                           4.63 kB │ gzip:     2.37 kB
dist/assets/v4/menu-B9w_FsT8.js                                                                 4.63 kB │ gzip:     1.65 kB
dist/assets/v4/menu-CxDCtK8y.js                                                                 4.63 kB │ gzip:     1.65 kB
dist/assets/v4/menu-DOVyjkwU.js                                                                 4.63 kB │ gzip:     1.65 kB
dist/assets/v4/input-group-DqXBuAb0.js                                                          4.63 kB │ gzip:     1.61 kB
dist/assets/v4/clarity-search-2026-09-13-JBm6_anO.js                                            4.63 kB │ gzip:     2.35 kB
dist/assets/v4/RADIUS-BntmGnQ-.js                                                               4.64 kB │ gzip:     1.05 kB
dist/assets/v4/bottom-sheet-pKDBD2PO.js                                                         4.65 kB │ gzip:     1.99 kB
dist/assets/v4/checkbox-8XZcXS1z.js                                                             4.65 kB │ gzip:     2.13 kB
dist/assets/v4/bottom-sheet-_YtQLNe1.js                                                         4.65 kB │ gzip:     1.99 kB
dist/assets/v4/ecosystem-activity-GaZOMCRO.js                                                   4.66 kB │ gzip:     1.99 kB
dist/assets/v4/chat-api-uKn4zqte.js                                                             4.66 kB │ gzip:     1.77 kB
dist/assets/v4/ServiceAssetMetadataError-rySupFFt.js                                            4.66 kB │ gzip:     1.95 kB
dist/assets/v4/place-card-DLYF_xCN.js                                                           4.66 kB │ gzip:     1.67 kB
dist/assets/v4/BloomSeedScopeProps-gDoxW8F5.js                                                  4.67 kB │ gzip:     1.25 kB
dist/assets/v4/image-resolver-Ck66uauw.js                                                       4.67 kB │ gzip:     1.78 kB
dist/assets/v4/README-DrSm6Kns.js                                                               4.67 kB │ gzip:     2.22 kB
dist/assets/v4/image-resolver-DdNYPL4w.js                                                       4.67 kB │ gzip:     1.78 kB
dist/assets/v4/RadioCardProps-ChWwUQnq.js                                                       4.67 kB │ gzip:     1.00 kB
dist/assets/v4/MeetingSchedulerProps-Bv9mwAIO.js                                                4.67 kB │ gzip:     1.22 kB
dist/assets/v4/tooltip-pfPuy8pQ.js                                                              4.68 kB │ gzip:     2.24 kB
dist/assets/v4/AppendedChainRecord-CDuOW7vh.js                                                  4.69 kB │ gzip:     0.79 kB
dist/assets/v4/pipeline-BmMUinJJ.js                                                             4.70 kB │ gzip:     1.63 kB
dist/assets/v4/notification-Ji2Jn2ix.js                                                         4.70 kB │ gzip:     2.26 kB
dist/assets/v4/useUpdateProfile-C1OeRWvC.js                                                     4.70 kB │ gzip:     0.66 kB
dist/assets/v4/app-architecture-nSliXV9H.js                                                     4.71 kB │ gzip:     2.11 kB
dist/assets/v4/mail-thread-Cp7GqN2i.js                                                          4.72 kB │ gzip:     1.31 kB
dist/assets/v4/PatientInfoCardProps-D_wHY3XA.js                                                 4.73 kB │ gzip:     1.03 kB
dist/assets/v4/post-lifecycle-DZQrKtCo.js                                                       4.73 kB │ gzip:     2.36 kB
dist/assets/v4/useFollow-C8h0_z22.js                                                            4.73 kB │ gzip:     0.92 kB
dist/assets/v4/masternodes-76rkPRyo.js                                                          4.74 kB │ gzip:     1.70 kB
dist/assets/v4/toast-53t8BqJm.js                                                                4.75 kB │ gzip:     1.65 kB
dist/assets/v4/toast-D81ZxhME.js                                                                4.75 kB │ gzip:     1.65 kB
dist/assets/v4/toast-Dd1aFdeE.js                                                                4.75 kB │ gzip:     1.65 kB
dist/assets/v4/grid-BvUU2_nY.js                                                                 4.76 kB │ gzip:     1.73 kB
dist/assets/v4/grid-D1ZGJo7I.js                                                                 4.76 kB │ gzip:     1.73 kB
dist/assets/v4/AgentAvatarProps-BWMr-iyx.js                                                     4.76 kB │ gzip:     0.84 kB
dist/assets/v4/TEXT_ROLES-X_BrBc0P.js                                                           4.76 kB │ gzip:     0.99 kB
dist/assets/v4/AuthCardProps-B4etF8Az.js                                                        4.76 kB │ gzip:     1.59 kB
dist/assets/v4/Asset-C-ET239I.js                                                                4.76 kB │ gzip:     0.82 kB
dist/assets/v4/CreateAccountInput-B43aPQ9E.js                                                   4.77 kB │ gzip:     2.14 kB
dist/assets/v4/oxyhq-auth-xdlYd6Dp.js                                                           4.77 kB │ gzip:     1.65 kB
dist/assets/v4/TopicData-Dm3rxpzx.js                                                            4.77 kB │ gzip:     0.80 kB
dist/assets/v4/CalendarViewEvent-BXqCPzVd.js                                                    4.78 kB │ gzip:     1.00 kB
dist/assets/v4/OxyAuthenticationTimeoutError-Dy4f0_QM.js                                        4.78 kB │ gzip:     1.30 kB
dist/assets/v4/WalletTransaction-BJBg5o3v.js                                                    4.79 kB │ gzip:     0.97 kB
dist/assets/v4/Subscription-DC796HQo.js                                                         4.79 kB │ gzip:     0.97 kB
dist/assets/v4/GenericMutationConfig-Cp4rTsiR.js                                                4.79 kB │ gzip:     1.05 kB
dist/assets/v4/rating-KNXrYgGe.js                                                               4.79 kB │ gzip:     1.68 kB
dist/assets/v4/chip-BhaeG_pg.js                                                                 4.80 kB │ gzip:     2.18 kB
dist/assets/v4/AuthState-CaB3JiDy.js                                                            4.81 kB │ gzip:     1.28 kB
dist/assets/v4/MultiAxisPlotRenderArgs-CvqyzY8a.js                                              4.81 kB │ gzip:     1.21 kB
dist/assets/v4/composition-bar-BhjGW9Ck.js                                                      4.81 kB │ gzip:     1.67 kB
dist/assets/v4/composition-bar-Cp5kWEaJ.js                                                      4.81 kB │ gzip:     1.67 kB
dist/assets/v4/label-C3CDS3jA.js                                                                4.81 kB │ gzip:     1.65 kB
dist/assets/v4/addressindex-DbS8i3Xa.js                                                         4.82 kB │ gzip:     1.84 kB
dist/assets/v4/context-menu-DEn9DLZ4.js                                                         4.82 kB │ gzip:     1.70 kB
dist/assets/v4/context-menu-Q-iPrseX.js                                                         4.82 kB │ gzip:     1.70 kB
dist/assets/v4/navigation-banner-CiaYYGCh.js                                                    4.83 kB │ gzip:     1.59 kB
dist/assets/v4/important-alerts-card-gBVz6UuJ.js                                                4.83 kB │ gzip:     1.81 kB
dist/assets/v4/ecosystem-activity-rzp-7q59.js                                                   4.84 kB │ gzip:     2.09 kB
dist/assets/v4/02-key-management-DAQwLL06.js                                                    4.85 kB │ gzip:     1.91 kB
dist/assets/v4/SleepScoreCardProps-Cg6evaLh.js                                                  4.85 kB │ gzip:     1.10 kB
dist/assets/v4/AgentChatActionsProps-PNtC2ZQI.js                                                4.86 kB │ gzip:     1.01 kB
dist/assets/v4/AccountNode-BizDu3Yq.js                                                          4.86 kB │ gzip:     1.14 kB
dist/assets/v4/ServiceApp-BIDck2Bb.js                                                           4.87 kB │ gzip:     1.50 kB
dist/assets/v4/BreadcrumbItemProps-T1fUy-49.js                                                  4.88 kB │ gzip:     1.12 kB
dist/assets/v4/frosted-icon-button-Clg8DS5r.js                                                  4.88 kB │ gzip:     1.73 kB
dist/assets/v4/frosted-icon-button-dYmVMBrd.js                                                  4.88 kB │ gzip:     1.73 kB
dist/assets/v4/radar-chart-card-DwtGzvVl.js                                                     4.88 kB │ gzip:     2.39 kB
dist/assets/v4/faqItems-B0YkBS6R.js                                                             4.89 kB │ gzip:     2.11 kB
dist/assets/v4/typography-BPMgrAMv.js                                                           4.89 kB │ gzip:     2.30 kB
dist/assets/v4/typography-C_J-HlqE.js                                                           4.89 kB │ gzip:     2.30 kB
dist/assets/v4/AnnouncementProps-DkgBxIXa.js                                                    4.89 kB │ gzip:     1.04 kB
dist/assets/v4/CacheableUser-C16qy2x2.js                                                        4.89 kB │ gzip:     1.25 kB
dist/assets/v4/useInteractionStates-BHiktE53.js                                                 4.90 kB │ gzip:     0.85 kB
dist/assets/v4/auth-card-CVmnxn9K.js                                                            4.90 kB │ gzip:     2.49 kB
dist/assets/v4/image-aspect-ratio-cache-CDvfsnQ9.js                                             4.90 kB │ gzip:     1.75 kB
dist/assets/v4/image-aspect-ratio-cache-TTDevJQ6.js                                             4.90 kB │ gzip:     1.75 kB
dist/assets/v4/AgentChatComposerLabels-BusOM6Cy.js                                              4.92 kB │ gzip:     0.89 kB
dist/assets/v4/styles-CbroqppK.js                                                               4.92 kB │ gzip:     1.84 kB
dist/assets/v4/styles-FwCPFVEf.js                                                               4.92 kB │ gzip:     1.84 kB
dist/assets/v4/ButtonGroupItemProps-lnXJfV0N.js                                                 4.92 kB │ gzip:     0.99 kB
dist/assets/v4/CommonsSignInStatus-CAc1Lw-0.js                                                  4.93 kB │ gzip:     1.41 kB
dist/assets/v4/ChartHeadlineProps-Cz64NZtq.js                                                   4.93 kB │ gzip:     1.15 kB
dist/assets/v4/composer-loader-DCQ-e1nj.js                                                      4.93 kB │ gzip:     2.35 kB
dist/assets/v4/validate-D3_VHe8A.js                                                             4.93 kB │ gzip:     2.17 kB
dist/assets/v4/ComposerPillLabels-Bt_jd6lE.js                                                   4.94 kB │ gzip:     0.80 kB
dist/assets/v4/get-fair-CJlHm0_U.js                                                             4.94 kB │ gzip:     1.72 kB
dist/assets/v4/text-field-C8Mvk2R0.js                                                           4.94 kB │ gzip:     1.65 kB
dist/assets/v4/SettingsServerListProps-BWM-u8F4.js                                              4.95 kB │ gzip:     0.87 kB
dist/assets/v4/slider-BVRP0sfr.js                                                               4.95 kB │ gzip:     1.09 kB
dist/assets/v4/mixins-Cpf38bgP.js                                                               4.95 kB │ gzip:     2.12 kB
dist/assets/v4/zoomable-media-gallery-BhihB7sj.js                                               4.95 kB │ gzip:     2.24 kB
dist/assets/v4/zoomable-media-gallery-FC-sCm1P.js                                               4.95 kB │ gzip:     2.24 kB
dist/assets/v4/menu-item-DQO4UQ1S.js                                                            4.95 kB │ gzip:     1.72 kB
dist/assets/v4/SettingsModalProps-BvLuNczr.js                                                   4.96 kB │ gzip:     1.07 kB
dist/assets/v4/verification-AiHAtNVF.js                                                         4.97 kB │ gzip:     2.47 kB
dist/assets/v4/ModelCard-CLDVbCJK.js                                                            4.97 kB │ gzip:     1.96 kB
dist/assets/v4/groq-token-capacity-2026-09-13-DXSGMl0p.js                                       4.98 kB │ gzip:     2.56 kB
dist/assets/v4/search-BRXvtpDi.js                                                               4.98 kB │ gzip:     1.69 kB
dist/assets/v4/phone-input-C3JOXkgb.js                                                          4.98 kB │ gzip:     2.34 kB
dist/assets/v4/DeviceContextSubject-Dzj55O3D.js                                                 4.98 kB │ gzip:     1.26 kB
dist/assets/v4/main-D1f_umDl.js                                                                 4.99 kB │ gzip:     2.27 kB
dist/assets/v4/AgentChatProps-DUnhm7g1.js                                                       4.99 kB │ gzip:     1.31 kB
dist/assets/v4/proxy-DRKQjY0n.js                                                                4.99 kB │ gzip:     2.45 kB
dist/assets/v4/MONGO-TO-POSTGRES-CUTOVER-DjV95n0C.js                                            4.99 kB │ gzip:     2.15 kB
dist/assets/v4/search-DpfN1L4b.js                                                               4.99 kB │ gzip:     1.69 kB
dist/assets/v4/AvatarGroupProps-CqYPiw44.js                                                     5.00 kB │ gzip:     2.00 kB
dist/assets/v4/landing-BC4kuMO7.js                                                              5.01 kB │ gzip:     2.01 kB
dist/assets/v4/cold-start-CujbFLJm.js                                                           5.01 kB │ gzip:     2.48 kB
dist/assets/v4/slider-Dl6Obvjp.js                                                               5.02 kB │ gzip:     2.27 kB
dist/assets/v4/AssetUrlResolutionError-D1n7iEeY.js                                              5.03 kB │ gzip:     2.05 kB
dist/assets/v4/ServiceAssetMetadataBySha-FUAYvE3B.js                                            5.03 kB │ gzip:     1.23 kB
dist/assets/v4/notification-center-Dkr4t1lq.js                                                  5.03 kB │ gzip:     1.71 kB
dist/assets/v4/scroll-BXvwANrI.js                                                               5.04 kB │ gzip:     1.93 kB
dist/assets/v4/scroll-BcWAcI8c.js                                                               5.04 kB │ gzip:     1.93 kB
dist/assets/v4/admonition-aCMuDbI-.js                                                           5.04 kB │ gzip:     1.69 kB
dist/assets/v4/admonition-bN9z6Ep6.js                                                           5.04 kB │ gzip:     1.69 kB
dist/assets/v4/quickstart-vh3Ok8wz.js                                                           5.04 kB │ gzip:     2.05 kB
dist/assets/v4/OxyConsentScreenProps-C4BNei3M.js                                                5.04 kB │ gzip:     1.30 kB
dist/assets/v4/file-upload-COQYQtby.js                                                          5.04 kB │ gzip:     2.53 kB
dist/assets/v4/removeWrap-CjP3Uq_6.js                                                           5.05 kB │ gzip:     0.75 kB
dist/assets/v4/security-BjUhJFGU.js                                                             5.05 kB │ gzip:     2.38 kB
dist/assets/v4/settings-list-CJakqhtI.js                                                        5.06 kB │ gzip:     1.78 kB
dist/assets/v4/settings-list-CuMgDMlF.js                                                        5.06 kB │ gzip:     1.78 kB
dist/assets/v4/settings-list-DD85p6Sz.js                                                        5.06 kB │ gzip:     1.78 kB
dist/assets/v4/fab-BhZ_E4Zj.js                                                                  5.06 kB │ gzip:     1.73 kB
dist/assets/v4/icon-circle-EPpFBYF9.js                                                          5.06 kB │ gzip:     1.76 kB
dist/assets/v4/PaginationProps-CYDbEEW9.js                                                      5.07 kB │ gzip:     1.02 kB
dist/assets/v4/settings-list-uz0b57z8.js                                                        5.07 kB │ gzip:     1.79 kB
dist/assets/v4/settings-list-wrnFq3Bk.js                                                        5.07 kB │ gzip:     1.79 kB
dist/assets/v4/place-reviews-BLsHFHeB.js                                                        5.08 kB │ gzip:     1.47 kB
dist/assets/v4/icon-circle-D89LHtn9.js                                                          5.08 kB │ gzip:     1.77 kB
dist/assets/v4/aspect-ratio-C0i6RZvv.js                                                         5.10 kB │ gzip:     1.84 kB
dist/assets/v4/aspect-ratio-CwTSpSZf.js                                                         5.10 kB │ gzip:     1.84 kB
dist/assets/v4/content-panel-BDJiqf3l.js                                                        5.10 kB │ gzip:     1.73 kB
dist/assets/v4/checkout-summary-D5ixJsoN.js                                                     5.11 kB │ gzip:     1.77 kB
dist/assets/v4/Z_INDEX-Cto3_tLR.js                                                              5.11 kB │ gzip:     1.60 kB
dist/assets/v4/bottom-sheet-Z83MFZYN.js                                                         5.12 kB │ gzip:     2.13 kB
dist/assets/v4/CheckboxProps-TFC-IZ8F.js                                                        5.14 kB │ gzip:     0.96 kB
dist/assets/v4/tokens.space-dnJwo4M7.js                                                         5.14 kB │ gzip:     1.28 kB
dist/assets/v4/README-DvS8771S.js                                                               5.15 kB │ gzip:     2.30 kB
dist/assets/v4/alert-2G0Ex4VG.js                                                                5.16 kB │ gzip:     1.73 kB
dist/assets/v4/alert-DjKTqSbv.js                                                                5.16 kB │ gzip:     1.73 kB
dist/assets/v4/alert-YiZhADHF.js                                                                5.16 kB │ gzip:     1.73 kB
dist/assets/v4/hooks-CFnssq1h.js                                                                5.16 kB │ gzip:     1.92 kB
dist/assets/v4/hooks-CGT9SSae.js                                                                5.16 kB │ gzip:     1.92 kB
dist/assets/v4/RotateApplicationCredentialResult-nV2fN0Zn.js                                    5.17 kB │ gzip:     1.24 kB
dist/assets/v4/applyPresetVarsToDocument-DWnnqODf.js                                            5.17 kB │ gzip:     1.26 kB
dist/assets/v4/AiChatGalleryPanelLabels-EDJKYTnr.js                                             5.17 kB │ gzip:     0.79 kB
dist/assets/v4/link-preview-C2sBih3J.js                                                         5.18 kB │ gzip:     1.85 kB
dist/assets/v4/link-preview-C6xG8TZm.js                                                         5.19 kB │ gzip:     1.85 kB
dist/assets/v4/SelectContentProps-D0oiUZxv.js                                                   5.19 kB │ gzip:     1.26 kB
dist/assets/v4/WebSearchProps-sXC9uz-3.js                                                       5.20 kB │ gzip:     1.20 kB
dist/assets/v4/OxyRuntime-ByJPL1iU.js                                                           5.20 kB │ gzip:     1.81 kB
dist/assets/v4/useColorScopeStyle-gsk3qWed.js                                                   5.21 kB │ gzip:     1.30 kB
dist/assets/v4/apps-jgDrRE9d.js                                                                 5.21 kB │ gzip:     2.47 kB
dist/assets/v4/settings-parity-7-8Dm4sk.js                                                      5.22 kB │ gzip:     2.04 kB
dist/assets/v4/DividerProps-DwaVgzvQ.js                                                         5.23 kB │ gzip:     1.07 kB
dist/assets/v4/surfaces-BZjcfZ2f.js                                                             5.23 kB │ gzip:     1.91 kB
dist/assets/v4/surfaces-JoXzUbB_.js                                                             5.23 kB │ gzip:     1.91 kB
dist/assets/v4/error-boundary-Bgt2lOXJ.js                                                       5.24 kB │ gzip:     1.92 kB
dist/assets/v4/error-boundary-BqoNugLo.js                                                       5.24 kB │ gzip:     1.92 kB
dist/assets/v4/credential-rotation-BU0Uf1XF.js                                                  5.24 kB │ gzip:     2.50 kB
dist/assets/v4/ChainRecord-DX6vGGeJ.js                                                          5.24 kB │ gzip:     0.95 kB
dist/assets/v4/mobile-expo-vLksgw3D.js                                                          5.24 kB │ gzip:     2.50 kB
dist/assets/v4/theme-R8PiN3AU.js                                                                5.25 kB │ gzip:     1.67 kB
dist/assets/v4/theme-VKaTw4-O.js                                                                5.25 kB │ gzip:     1.67 kB
dist/assets/v4/theme-tAlyAAU1.js                                                                5.25 kB │ gzip:     1.67 kB
dist/assets/v4/theme-BBq-NipQ.js                                                                5.26 kB │ gzip:     1.67 kB
dist/assets/v4/SPACING-DtIg1bKk.js                                                              5.26 kB │ gzip:     1.05 kB
dist/assets/v4/proactive-intelligence-1FmbxXiL.js                                               5.26 kB │ gzip:     2.52 kB
dist/assets/v4/TabsTriggerProps-6WK1pbKF.js                                                     5.26 kB │ gzip:     1.35 kB
dist/assets/v4/ProfileButtonProps-BZpqYtMn.js                                                   5.27 kB │ gzip:     1.29 kB
dist/assets/v4/buildTheme-CTEK9OAU.js                                                           5.27 kB │ gzip:     1.17 kB
dist/assets/v4/theme-toggle-gkm_FgIQ.js                                                         5.28 kB │ gzip:     1.95 kB
dist/assets/v4/0009-agent-threads-are-durable-execution-units-Of8Ro2Do.js                       5.28 kB │ gzip:     2.04 kB
dist/assets/v4/run-a-node-Dt2LoPvY.js                                                           5.29 kB │ gzip:     1.83 kB
dist/assets/v4/RunColdBootOptions-C_Ah9_W_.js                                                   5.29 kB │ gzip:     1.56 kB
dist/assets/v4/service-nodes-BvnlGBpE.js                                                        5.30 kB │ gzip:     2.43 kB
dist/assets/v4/TableCellProps-CQI-tE7A.js                                                       5.31 kB │ gzip:     1.08 kB
dist/assets/v4/icons-hDil5Mk4.js                                                                5.33 kB │ gzip:     2.61 kB
dist/assets/v4/skills-CcBj_Wac.js                                                               5.34 kB │ gzip:     2.58 kB
dist/assets/v4/auth-Br2qMXa1.js                                                                 5.35 kB │ gzip:     2.27 kB
dist/assets/v4/EnterprisePage-Da72q4fI.js                                                       5.36 kB │ gzip:     2.23 kB
dist/assets/v4/stat-bar-Bog8o13n.js                                                             5.37 kB │ gzip:     1.68 kB
dist/assets/v4/stat-bar-DMe5gpy3.js                                                             5.37 kB │ gzip:     1.68 kB
dist/assets/v4/dns-server-BNk_YRZw.js                                                           5.37 kB │ gzip:     2.61 kB
dist/assets/v4/accordion-DIx8Yl1_.js                                                            5.39 kB │ gzip:     1.87 kB
dist/assets/v4/accordion-DKKpqBBb.js                                                            5.39 kB │ gzip:     1.87 kB
dist/assets/v4/markWrapVerified-DYk5gWAV.js                                                     5.39 kB │ gzip:     0.85 kB
dist/assets/v4/source-inventory-D9Bk0lpv.js                                                     5.39 kB │ gzip:     1.66 kB
dist/assets/v4/ModelPickerProps-Bg-DiwLm.js                                                     5.40 kB │ gzip:     1.06 kB
dist/assets/v4/HttpRequestError-Bts0Ndka.js                                                     5.41 kB │ gzip:     1.23 kB
dist/assets/v4/profile-card-BlOibBRc.js                                                         5.41 kB │ gzip:     1.81 kB
dist/assets/v4/DataTableProps-CTzuHsc2.js                                                       5.41 kB │ gzip:     1.69 kB
dist/assets/v4/BadgeProps-CmMSwgn5.js                                                           5.41 kB │ gzip:     1.12 kB
dist/assets/v4/AgentProgressLoadingTextProps-DriJLoVm.js                                        5.42 kB │ gzip:     0.97 kB
dist/assets/v4/overlay-BYNzb0q6.js                                                              5.43 kB │ gzip:     2.02 kB
dist/assets/v4/overlay-CeYZqwzs.js                                                              5.43 kB │ gzip:     2.02 kB
dist/assets/v4/dot-grid-meter-CFkzWhGS.js                                                       5.43 kB │ gzip:     1.90 kB
dist/assets/v4/dot-grid-meter-m-JLY3ho.js                                                       5.43 kB │ gzip:     1.90 kB
dist/assets/v4/InitiativePage-CuwrcNl4.js                                                       5.44 kB │ gzip:     2.37 kB
dist/assets/v4/InlineLoadingProps-B-0loxoh.js                                                   5.45 kB │ gzip:     1.05 kB
dist/assets/v4/TopLoadingProps-BHJO6Ae7.js                                                      5.45 kB │ gzip:     1.05 kB
dist/assets/v4/mail-compose-D0Y7h3mc.js                                                         5.46 kB │ gzip:     1.56 kB
dist/assets/v4/createSessionClient-CvJiT9qp.js                                                  5.46 kB │ gzip:     1.46 kB
dist/assets/v4/chip-Bczu4Z75.js                                                                 5.46 kB │ gzip:     1.78 kB
dist/assets/v4/UseFollowTargetResult-B2j7dS04.js                                                5.46 kB │ gzip:     1.21 kB
dist/assets/v4/main-LrkL2NVm.js                                                                 5.47 kB │ gzip:     2.59 kB
dist/assets/v4/platform-matrix-Bfvh0x-y.js                                                      5.47 kB │ gzip:     1.31 kB
dist/assets/v4/service-tokens-BEAn8EIq.js                                                       5.47 kB │ gzip:     2.58 kB
dist/assets/v4/2026-07-02-phase4-infra-sources-ZCTBw-1O.js                                      5.47 kB │ gzip:     2.62 kB
dist/assets/v4/addWrap-CQZtqrci.js                                                              5.47 kB │ gzip:     0.85 kB
dist/assets/v4/DotGridMeterProps-DCoru6QI.js                                                    5.48 kB │ gzip:     1.23 kB
dist/assets/v4/icons-yXtDPqts.js                                                                5.49 kB │ gzip:     2.06 kB
dist/assets/v4/getting-started-oXSoGCma.js                                                      5.49 kB │ gzip:     2.60 kB
dist/assets/v4/field-DxpDkFeL.js                                                                5.49 kB │ gzip:     1.79 kB
dist/assets/v4/radio-BK4YmH7Y.js                                                                5.50 kB │ gzip:     1.89 kB
dist/assets/v4/userbehavior-inventory-k2E02sUv.js                                               5.50 kB │ gzip:     2.36 kB
dist/assets/v4/web-search-9RCX4UUU.js                                                           5.51 kB │ gzip:     2.69 kB
dist/assets/v4/skeleton-CG7phe6f.js                                                             5.53 kB │ gzip:     1.85 kB
dist/assets/v4/skeleton-CcZWFPvo.js                                                             5.53 kB │ gzip:     1.85 kB
dist/assets/v4/FileMetadata-COsBP6bP.js                                                         5.54 kB │ gzip:     0.86 kB
dist/assets/v4/ProOfferCardProps-C3_7GgHJ.js                                                    5.55 kB │ gzip:     1.08 kB
dist/assets/v4/useGutters-CQtB0_df.js                                                           5.55 kB │ gzip:     0.91 kB
dist/assets/v4/combobox-sBHbp2PK.js                                                             5.55 kB │ gzip:     1.81 kB
dist/assets/v4/agent-limits-card-CxMPajvA.js                                                    5.55 kB │ gzip:     2.57 kB
dist/assets/v4/ComposerStatusBarProps-DxQJvShT.js                                               5.56 kB │ gzip:     1.05 kB
dist/assets/v4/SessionClientHost-CHJTZbqn.js                                                    5.56 kB │ gzip:     1.07 kB
dist/assets/v4/DialogHeaderConfig-B4i2b5e8.js                                                   5.57 kB │ gzip:     2.17 kB
dist/assets/v4/ApplicationCredential-Dk20JP8l.js                                                5.58 kB │ gzip:     1.14 kB
dist/assets/v4/SettingsListItemProps-BaduVPWH.js                                                5.58 kB │ gzip:     1.05 kB
dist/assets/v4/UserHoverCardProps-arlb9lkL.js                                                   5.58 kB │ gzip:     2.47 kB
dist/assets/v4/specimens-DsGHcGcB.js                                                            5.58 kB │ gzip:     2.00 kB
dist/assets/v4/ServiceAssetMetadata-FLmjVtMW.js                                                 5.60 kB │ gzip:     1.40 kB
dist/assets/v4/OxyInferenceError-BUTCaEnM.js                                                    5.60 kB │ gzip:     1.78 kB
dist/assets/v4/CardProps-DCaKwuuD.js                                                            5.60 kB │ gzip:     1.04 kB
dist/assets/v4/WebSearchStep-CcWpremb.js                                                        5.64 kB │ gzip:     1.40 kB
dist/assets/v4/popover-Bpk5sBMq.js                                                              5.66 kB │ gzip:     2.07 kB
dist/assets/v4/code-BNydDCUF.js                                                                 5.66 kB │ gzip:     2.64 kB
dist/assets/v4/privacy-model-Bly-gOQH.js                                                        5.67 kB │ gzip:     2.60 kB
dist/assets/v4/PublicApplication-BnonE6Hp.js                                                    5.68 kB │ gzip:     1.26 kB
dist/assets/v4/BuildOAuthAuthorizeUrlParams-BtTbOfM4.js                                         5.68 kB │ gzip:     1.62 kB
dist/assets/v4/TaskListProps-ClHUxvki.js                                                        5.68 kB │ gzip:     1.39 kB
dist/assets/v4/bridge-COkFE6ck.js                                                               5.68 kB │ gzip:     1.83 kB
dist/assets/v4/kbd-DXKdaYnj.js                                                                  5.68 kB │ gzip:     1.88 kB
dist/assets/v4/TextFieldInputProps-CyNVQgZM.js                                                  5.69 kB │ gzip:     1.36 kB
dist/assets/v4/avatar-DiH4B0aW.js                                                               5.69 kB │ gzip:     2.35 kB
dist/assets/v4/provider-Dm3p8eXs.js                                                             5.70 kB │ gzip:     2.15 kB
dist/assets/v4/popover-B0eH22s-.js                                                              5.71 kB │ gzip:     2.08 kB
dist/assets/v4/usePressAnimation-BxNVtwj2.js                                                    5.73 kB │ gzip:     1.80 kB
dist/assets/v4/earnings-chart-card-9To6lOhh.js                                                  5.74 kB │ gzip:     1.67 kB
dist/assets/v4/CourseParts-B_6P0h2h.js                                                          5.75 kB │ gzip:     2.22 kB
dist/assets/v4/architecture-boundary-gate-bCpORr78.js                                           5.75 kB │ gzip:     2.76 kB
dist/assets/v4/badge-MDiFNyg5.js                                                                5.77 kB │ gzip:     1.94 kB
dist/assets/v4/AiChatImageGenerationProps-OlBX7HCO.js                                           5.77 kB │ gzip:     1.07 kB
dist/assets/v4/2026-07-02-phase2b-ranking-signals-f7YhpDFx.js                                   5.77 kB │ gzip:     2.71 kB
dist/assets/v4/platforms-B5QKbpcJ.js                                                            5.78 kB │ gzip:     2.61 kB
dist/assets/v4/activity-heatmap-Bgw9wOvr.js                                                     5.79 kB │ gzip:     1.94 kB
dist/assets/v4/activity-heatmap-C-KHD0ZS.js                                                     5.79 kB │ gzip:     1.94 kB
dist/assets/v4/job-board-7xAy1hkP.js                                                            5.79 kB │ gzip:     1.67 kB
dist/assets/v4/menubar-Cnni6Cta.js                                                              5.79 kB │ gzip:     2.05 kB
dist/assets/v4/FILL_ROLES-CbS-2_So.js                                                           5.80 kB │ gzip:     1.02 kB
dist/assets/v4/getting-started-B2dQRakC.js                                                      5.80 kB │ gzip:     2.68 kB
dist/assets/v4/getting-started-CnD-P7-L.js                                                      5.80 kB │ gzip:     2.68 kB
dist/assets/v4/map-marker-DO8SJnfr.js                                                           5.80 kB │ gzip:     1.83 kB
dist/assets/v4/RadioGroupProps-BMv9QuHc.js                                                      5.81 kB │ gzip:     1.27 kB
dist/assets/v4/prompt-input-8lXpc41-.js                                                         5.82 kB │ gzip:     2.23 kB
dist/assets/v4/prompt-input-D0si4Amo.js                                                         5.82 kB │ gzip:     2.23 kB
dist/assets/v4/prompt-input-lSKwhTGW.js                                                         5.82 kB │ gzip:     2.23 kB
dist/assets/v4/CommandProps-BgRyxJts.js                                                         5.82 kB │ gzip:     1.18 kB
dist/assets/v4/UseAuthReturn-Db1ZNpZv.js                                                        5.82 kB │ gzip:     1.52 kB
dist/assets/v4/prompt-input-BlPqmJ7T.js                                                         5.82 kB │ gzip:     2.23 kB
dist/assets/v4/BloomColorScopeProps-CDxYaqx5.js                                                 5.82 kB │ gzip:     1.38 kB
dist/assets/v4/ProjectTicket-mIgdoxtt.js                                                        5.84 kB │ gzip:     0.93 kB
dist/assets/v4/RangeSliderProps-CLPshg-Y.js                                                     5.84 kB │ gzip:     1.40 kB
dist/assets/v4/SurfacePresentation-DV1crc07.js                                                  5.85 kB │ gzip:     2.21 kB
dist/assets/v4/AgentLimitsCardProps-CsR2yH1S.js                                                 5.86 kB │ gzip:     1.18 kB
dist/assets/v4/CalendarViewEventDetailsProps-BM9FanYw.js                                        5.87 kB │ gzip:     1.00 kB
dist/assets/v4/KeepUpToDateSection-CC4EiFlX.js                                                  5.87 kB │ gzip:     1.91 kB
dist/assets/v4/dialog-9UZpwZLF.js                                                               5.88 kB │ gzip:     2.23 kB
dist/assets/v4/TabsProps-78umMvrI.js                                                            5.89 kB │ gzip:     1.78 kB
dist/assets/v4/OxyInferenceResponse-C5p5gfuM.js                                                 5.90 kB │ gzip:     1.45 kB
dist/assets/v4/RadioProps-C4q-g2c1.js                                                           5.90 kB │ gzip:     1.23 kB
dist/assets/v4/list-54Dpp0OD.js                                                                 5.93 kB │ gzip:     2.04 kB
dist/assets/v4/list-CaUx-JWY.js                                                                 5.93 kB │ gzip:     2.04 kB
dist/assets/v4/slider-C0axge2r.js                                                               5.95 kB │ gzip:     2.06 kB
dist/assets/v4/glossary-BybrKQXR.js                                                             5.95 kB │ gzip:     2.77 kB
dist/assets/v4/radio-indicator-mKkJsGZ1.js                                                      5.96 kB │ gzip:     2.16 kB
dist/assets/v4/UserFollowersPage-C3f94YiJ.js                                                    5.96 kB │ gzip:     2.60 kB
dist/assets/v4/AvatarProps-BpzpVvvp.js                                                          5.97 kB │ gzip:     2.34 kB
dist/assets/v4/main-CLMcqIsY.js                                                                 5.98 kB │ gzip:     1.81 kB
dist/assets/v4/fab-BqFluMO8.js                                                                  5.99 kB │ gzip:     1.95 kB
dist/assets/v4/MultiAxisPlotProps-BHKDb-y2.js                                                   6.00 kB │ gzip:     1.05 kB
dist/assets/v4/CreateDelegationGrantInput-DCkXw1SF.js                                           6.00 kB │ gzip:     0.96 kB
dist/assets/v4/command-CQ7LOf8d.js                                                              6.00 kB │ gzip:     2.05 kB
dist/assets/v4/command-ZzaQKg48.js                                                              6.02 kB │ gzip:     2.06 kB
dist/assets/v4/AccountDialogControllerOptions-DQwzvRk9.js                                       6.02 kB │ gzip:     2.53 kB
dist/assets/v4/03-recovery-DonvN9OP.js                                                          6.02 kB │ gzip:     2.09 kB
dist/assets/v4/tabs-Bcjy8Qog.js                                                                 6.02 kB │ gzip:     2.51 kB
dist/assets/v4/NotificationCenterProps-BcaBX-dC.js                                              6.03 kB │ gzip:     1.12 kB
dist/assets/v4/carousel-BJ2-3f7C.js                                                             6.03 kB │ gzip:     2.11 kB
dist/assets/v4/CommonsApprovalInfo-DaCEC3qG.js                                                  6.03 kB │ gzip:     1.76 kB
dist/assets/v4/activity-rings-card-D-5aiR6T.js                                                  6.04 kB │ gzip:     2.01 kB
dist/assets/v4/LinkPreviewCardProps-C4VRe0g_.js                                                 6.06 kB │ gzip:     1.55 kB
dist/assets/v4/SingleFollowButtonProps-YRQYPxE-.js                                              6.06 kB │ gzip:     1.03 kB
dist/assets/v4/SessionClientOptions-D9N-t1jc.js                                                 6.06 kB │ gzip:     1.98 kB
dist/assets/v4/teleport-C26a-cBN.js                                                             6.06 kB │ gzip:     2.31 kB
dist/assets/v4/teleport-CM9ykQ_B.js                                                             6.06 kB │ gzip:     2.31 kB
dist/assets/v4/peable-rent-payments-B3rsK66F.js                                                 6.07 kB │ gzip:     2.94 kB
dist/assets/v4/store-BbJLS20l.js                                                                6.07 kB │ gzip:     2.65 kB
dist/assets/v4/DialogProps-Bq0AUTpK.js                                                          6.08 kB │ gzip:     1.43 kB
dist/assets/v4/FaqsPage-Bei3gpW7.js                                                             6.08 kB │ gzip:     2.74 kB
dist/assets/v4/compose-intent-BoIRfIOp.js                                                       6.09 kB │ gzip:     2.76 kB
dist/assets/v4/chip-CzasF1jT.js                                                                 6.10 kB │ gzip:     2.14 kB
dist/assets/v4/security-baseline-DMNtYxJ7.js                                                    6.13 kB │ gzip:     1.60 kB
dist/assets/v4/select-DBwfpbu0.js                                                               6.13 kB │ gzip:     1.86 kB
dist/assets/v4/recent-hires-card-BMbgTCLX.js                                                    6.14 kB │ gzip:     1.96 kB
dist/assets/v4/community-notes-BzP1gSFg.js                                                      6.16 kB │ gzip:     2.66 kB
dist/assets/v4/development-ds-qAGQJ.js                                                          6.16 kB │ gzip:     3.08 kB
dist/assets/v4/CourseDetailPage-DwwpmCbf.js                                                     6.16 kB │ gzip:     2.58 kB
dist/assets/v4/AlertDialogProps-CMkKqwjE.js                                                     6.17 kB │ gzip:     1.16 kB
dist/assets/v4/ButtonProps-CvR0LCg9.js                                                          6.18 kB │ gzip:     2.22 kB
dist/assets/v4/NOTIFICATION_GEOMETRY-BIC8lrT5.js                                                6.19 kB │ gzip:     1.21 kB
dist/assets/v4/listing-editor-YvVxiuR8.js                                                       6.19 kB │ gzip:     1.72 kB
dist/assets/v4/CarouselProps-BN-Hi08B.js                                                        6.20 kB │ gzip:     1.18 kB
dist/assets/v4/SpinnerLoadingProps-Bg8T8Voa.js                                                  6.21 kB │ gzip:     1.12 kB
dist/assets/v4/alert-dialog-DBf_tNzs.js                                                         6.21 kB │ gzip:     2.05 kB
dist/assets/v4/alert-dialog-DaBdr06a.js                                                         6.21 kB │ gzip:     2.05 kB
dist/assets/v4/2026-07-29-android-home-screen-widgets-design-Bk9EaxLy.js                        6.21 kB │ gzip:     2.96 kB
dist/assets/v4/AiChatContainerProps-DXM9tQGU.js                                                 6.22 kB │ gzip:     1.12 kB
dist/assets/v4/multilingual-trends-DagP8ed_.js                                                  6.22 kB │ gzip:     2.49 kB
dist/assets/v4/RecoveryPhraseService-ck-8F6Sc.js                                                6.23 kB │ gzip:     1.96 kB
dist/assets/v4/AIEnterprisePage-CiZv3LFL.js                                                     6.24 kB │ gzip:     2.58 kB
dist/assets/v4/TeamPage-F-z082bG.js                                                             6.24 kB │ gzip:     2.50 kB
dist/assets/v4/menubar-uh_p0_F2.js                                                              6.25 kB │ gzip:     2.18 kB
dist/assets/v4/motion-B-uiozje.js                                                               6.25 kB │ gzip:     2.27 kB
dist/assets/v4/motion-BUCgOXc4.js                                                               6.25 kB │ gzip:     2.27 kB
dist/assets/v4/UseDeviceSwitcherResult-7XgLI-K3.js                                              6.26 kB │ gzip:     1.33 kB
dist/assets/v4/AppShellProps-C0bkZeWt.js                                                        6.27 kB │ gzip:     1.24 kB
dist/assets/v4/field-ByJNeQK1.js                                                                6.27 kB │ gzip:     1.99 kB
dist/assets/v4/BarListCardProps-C-fRgDY6.js                                                     6.27 kB │ gzip:     1.23 kB
dist/assets/v4/tabs-DcGz1lXn.js                                                                 6.29 kB │ gzip:     2.04 kB
dist/assets/v4/item-36xlWGR6.js                                                                 6.30 kB │ gzip:     1.85 kB
dist/assets/v4/item-BYEZdCI5.js                                                                 6.30 kB │ gzip:     1.85 kB
dist/assets/v4/frontend-compiler-notes-DXD-l2vf.js                                              6.30 kB │ gzip:     2.98 kB
dist/assets/v4/LegalPage-LrTL4AT_.js                                                            6.31 kB │ gzip:     2.62 kB
dist/assets/v4/FollowTargetButtonProps-DNrAOJvJ.js                                              6.33 kB │ gzip:     1.64 kB
dist/assets/v4/AppColorPreset-CwOc0Yss.js                                                       6.36 kB │ gzip:     1.27 kB
dist/assets/v4/AgentChatMessageProps-DIE8sR5F.js                                                6.36 kB │ gzip:     1.32 kB
dist/assets/v4/DISPLAY_NAME_ALLOWED_SCRIPTS-jPMfJxhi.js                                         6.37 kB │ gzip:     2.73 kB
dist/assets/v4/payment-method--70uNBsJ.js                                                       6.37 kB │ gzip:     1.90 kB
dist/assets/v4/button-group-XQaiGFUw.js                                                         6.38 kB │ gzip:     1.63 kB
dist/assets/v4/THEMING-Ddkl9WEO.js                                                              6.38 kB │ gzip:     2.22 kB
dist/assets/v4/speech-recovery-2026-09-13-B8qHXBD5.js                                           6.39 kB │ gzip:     2.80 kB
dist/assets/v4/user-hover-card-DAT0xiFo.js                                                      6.39 kB │ gzip:     3.01 kB
dist/assets/v4/Logger-DCjCtR4u.js                                                               6.40 kB │ gzip:     0.98 kB
dist/assets/v4/date-picker-DhT-NNpj.js                                                          6.41 kB │ gzip:     3.05 kB
dist/assets/v4/2026-06-28-followed-by-mutuals-design-BIJNb0V-.js                                6.41 kB │ gzip:     3.05 kB
dist/assets/v4/BackdropProps-4j5PmYW1.js                                                        6.42 kB │ gzip:     1.53 kB
dist/assets/v4/DeviceManager-Bjk0exsz.js                                                        6.42 kB │ gzip:     1.07 kB
dist/assets/v4/heatmap-chart-card-oA_sVrDv.js                                                   6.43 kB │ gzip:     1.98 kB
dist/assets/v4/AgentChatComposerProps-Bq0u8C54.js                                               6.43 kB │ gzip:     1.14 kB
dist/assets/v4/place-details-CXsg4fkQ.js                                                        6.44 kB │ gzip:     1.99 kB
dist/assets/v4/input-group-BvcYkKop.js                                                          6.44 kB │ gzip:     2.13 kB
dist/assets/v4/usage-Batbhiuw.js                                                                6.45 kB │ gzip:     2.53 kB
dist/assets/v4/bloomPreview-D0meDPx7.js                                                         6.46 kB │ gzip:     2.90 kB
dist/assets/v4/alert-BH2Uce-U.js                                                                6.47 kB │ gzip:     2.12 kB
dist/assets/v4/alert-BtF6i_Aj.js                                                                6.47 kB │ gzip:     2.12 kB
dist/assets/v4/main-DzyM7xdS.js                                                                 6.47 kB │ gzip:     2.78 kB
dist/assets/v4/InputOtpProps-DXEUUVyT.js                                                        6.52 kB │ gzip:     1.22 kB
dist/assets/v4/divider-BpP7QD5K.js                                                              6.53 kB │ gzip:     2.11 kB
dist/assets/v4/RecentHiresCardProps-48udq_2E.js                                                 6.54 kB │ gzip:     1.16 kB
dist/assets/v4/README-D2RgOLqc.js                                                               6.55 kB │ gzip:     2.52 kB
dist/assets/v4/media-controls-CSzbmJuR.js                                                       6.59 kB │ gzip:     1.81 kB
dist/assets/v4/BottomSheetProps-DVL19Agh.js                                                     6.62 kB │ gzip:     2.56 kB
dist/assets/v4/sidebar-BI-8yOab.js                                                              6.62 kB │ gzip:     2.95 kB
dist/assets/v4/StatBarProgressProps-CeRNjRJf.js                                                 6.66 kB │ gzip:     1.21 kB
dist/assets/v4/AgentProgressProps-DM3-uldB.js                                                   6.67 kB │ gzip:     1.45 kB
dist/assets/v4/webhooks-7T4vyhrt.js                                                             6.67 kB │ gzip:     2.52 kB
dist/assets/v4/customizing-DBw0jWeE.js                                                          6.68 kB │ gzip:     2.89 kB
dist/assets/v4/text-field-Ci6QYQPU.js                                                           6.68 kB │ gzip:     2.56 kB
dist/assets/v4/deployment-BAnrtUNz.js                                                           6.70 kB │ gzip:     3.26 kB
dist/assets/v4/segmented-control-DAqXRLhJ.js                                                    6.71 kB │ gzip:     1.93 kB
dist/assets/v4/switch-CFzh9bb4.js                                                               6.71 kB │ gzip:     2.26 kB
dist/assets/v4/switch-gAo9Of4E.js                                                               6.71 kB │ gzip:     2.26 kB
dist/assets/v4/0008-skills-are-agent-skills-C1BpIrn5.js                                         6.76 kB │ gzip:     3.16 kB
dist/assets/v4/fonts-5LAS61bz.js                                                                6.76 kB │ gzip:     3.01 kB
dist/assets/v4/Code.CodeBlockProps-ulxGOpli.js                                                  6.76 kB │ gzip:     1.27 kB
dist/assets/v4/OxySignInRequestSurfaceProps-wy1C_aKV.js                                         6.77 kB │ gzip:     1.91 kB
dist/assets/v4/agent-log-CgGH0jA2.js                                                            6.78 kB │ gzip:     3.16 kB
dist/assets/v4/AccountMember-D2xGQQCP.js                                                        6.78 kB │ gzip:     1.51 kB
dist/assets/v4/announcement-C0xktoYA.js                                                         6.79 kB │ gzip:     1.96 kB
dist/assets/v4/theme-BfFkkKJ9.js                                                                6.82 kB │ gzip:     2.23 kB
dist/assets/v4/agent-progress-B4latKbn.js                                                       6.82 kB │ gzip:     3.17 kB
dist/assets/v4/onion-routing-BKvXEPqh.js                                                        6.84 kB │ gzip:     3.16 kB
dist/assets/v4/developers-portal-BWOvGPLm.js                                                    6.84 kB │ gzip:     3.06 kB
dist/assets/v4/ProfileMutationConfig-a9KMmJ-o.js                                                6.86 kB │ gzip:     1.30 kB
dist/assets/v4/groq-token-capacity-2026-09-13-fbeEyoMN.js                                       6.86 kB │ gzip:     2.98 kB
dist/assets/v4/vpn-DR5mirb7.js                                                                  6.86 kB │ gzip:     3.03 kB
dist/assets/v4/mail-list-BczqnjEh.js                                                            6.89 kB │ gzip:     1.80 kB
dist/assets/v4/kaana-cutover-BwbDZHqC.js                                                        6.90 kB │ gzip:     3.22 kB
dist/assets/v4/sleep-score-card-CIT9Lpfl.js                                                     6.90 kB │ gzip:     2.19 kB
dist/assets/v4/clarity-search-2026-09-13-CZhpo5tw.js                                            6.91 kB │ gzip:     2.79 kB
dist/assets/v4/file-paths-3Uj1RpEl.js                                                           6.91 kB │ gzip:     2.53 kB
dist/assets/v4/CartesianPlotProps-BTtV6o1d.js                                                   6.91 kB │ gzip:     1.53 kB
dist/assets/v4/recovery-BgZegBIe.js                                                             6.91 kB │ gzip:     2.27 kB
dist/assets/v4/SignatureService-iS4yjvUT.js                                                     6.91 kB │ gzip:     2.02 kB
dist/assets/v4/TableColumnProps-QLU8XrVz.js                                                     6.91 kB │ gzip:     1.31 kB
dist/assets/v4/SwitchAccountResult-CXlxQLkl.js                                                  6.91 kB │ gzip:     1.48 kB
dist/assets/v4/main-o5srsHcu.js                                                                 6.91 kB │ gzip:     2.68 kB
dist/assets/v4/README-BrO8mAdA.js                                                               6.92 kB │ gzip:     3.22 kB
dist/assets/v4/funnel-chart-card-ryWm5_kJ.js                                                    6.94 kB │ gzip:     2.23 kB
dist/assets/v4/NotificationProps-CtATgTFK.js                                                    6.95 kB │ gzip:     1.30 kB
dist/assets/v4/content-panel-BaDh_c5O.js                                                        6.97 kB │ gzip:     2.32 kB
dist/assets/v4/questionnaire-MeG0KOn8.js                                                        6.98 kB │ gzip:     3.01 kB
dist/assets/v4/offline-CFhqQqf2.js                                                              7.01 kB │ gzip:     2.27 kB
dist/assets/v4/UserNodeStatus-CGDMGoJh.js                                                       7.01 kB │ gzip:     1.55 kB
dist/assets/v4/tokens-chart-card-DIr4toDc.js                                                    7.04 kB │ gzip:     2.06 kB
dist/assets/v4/2026-06-28-bio-links-in-linksummary-design-Dm_Ivvbl.js                           7.06 kB │ gzip:     2.35 kB
dist/assets/v4/main-C5hzkdOt.js                                                                 7.06 kB │ gzip:     2.39 kB
dist/assets/v4/COMPATIBILITY_RETIREMENT-D0oUjsWi.js                                             7.07 kB │ gzip:     2.52 kB
dist/assets/v4/MultiAgentChatProps-Qd8LPWED.js                                                  7.07 kB │ gzip:     1.20 kB
dist/assets/v4/integrations-BXQDUGWJ.js                                                         7.10 kB │ gzip:     2.99 kB
dist/assets/v4/booking-DCfzLSXR.js                                                              7.13 kB │ gzip:     1.94 kB
dist/assets/v4/0013-voice-runs-on-the-device-livekit-and-cohost-are-retired-COFY9lrT.js         7.14 kB │ gzip:     3.30 kB
dist/assets/v4/select-5yga7256.js                                                               7.17 kB │ gzip:     2.40 kB
dist/assets/v4/tokens.animation-BdUIOVUJ.js                                                     7.18 kB │ gzip:     1.44 kB
dist/assets/v4/task-list-B9GgCj11.js                                                            7.19 kB │ gzip:     2.61 kB
dist/assets/v4/scatter-chart-card-CSVEyDMo.js                                                   7.19 kB │ gzip:     2.28 kB
dist/assets/v4/hexToAppColorName-BArxdl4C.js                                                    7.22 kB │ gzip:     0.95 kB
dist/assets/v4/UpdateAccountInput-B02_oVGn.js                                                   7.23 kB │ gzip:     1.59 kB
dist/assets/v4/stage-bars-card-DTgzJUFF.js                                                      7.23 kB │ gzip:     2.21 kB
dist/assets/v4/StatBarSplitProps-BPQ9p6Sv.js                                                    7.24 kB │ gzip:     1.24 kB
dist/assets/v4/0007-a-users-own-machine-as-an-inference-runtime-CI9YAHXd.js                     7.25 kB │ gzip:     3.33 kB
dist/assets/v4/AiChatCodePanelProps-8JWxL6YX.js                                                 7.26 kB │ gzip:     1.27 kB
dist/assets/v4/2026-07-03-videos-inline-comments-design-EimAUx6o.js                             7.27 kB │ gzip:     3.23 kB
dist/assets/v4/0011-autonomous-agents-run-durably-and-speak-first-CFaFnkeY.js                   7.27 kB │ gzip:     2.66 kB
dist/assets/v4/transports-7f8PNB5U.js                                                           7.28 kB │ gzip:     2.25 kB
dist/assets/v4/_components-D0EVonTs.js                                                          7.30 kB │ gzip:     2.48 kB
dist/assets/v4/main-Dk_kxuO5.js                                                                 7.30 kB │ gzip:     2.40 kB
dist/assets/v4/QUICK_REFERENCE-C-B9DOid.js                                                      7.31 kB │ gzip:     2.18 kB
dist/assets/v4/relays-t1UxrueF.js                                                               7.32 kB │ gzip:     3.37 kB
dist/assets/v4/discovery-q8Z93uG7.js                                                            7.33 kB │ gzip:     2.72 kB
dist/assets/v4/AiChatGalleryPanelProps-DmpzVlP2.js                                              7.35 kB │ gzip:     1.23 kB
dist/assets/v4/DISPLAY_NAME_ALLOWED_SCRIPTS-CC0yrvfO.js                                         7.35 kB │ gzip:     2.48 kB
dist/assets/v4/CapabilityExecutionAuthorization-B8GAMGoo.js                                     7.35 kB │ gzip:     0.97 kB
dist/assets/v4/BloomThemeProviderProps-DWqmIUzO.js                                              7.38 kB │ gzip:     1.99 kB
dist/assets/v4/combo-chart-card-DvHzwgpp.js                                                     7.40 kB │ gzip:     2.17 kB
dist/assets/v4/most-active-days-card-BI67ucCa.js                                                7.40 kB │ gzip:     2.30 kB
dist/assets/v4/mutationKeys-BS2Naq72.js                                                         7.41 kB │ gzip:     1.07 kB
dist/assets/v4/SettingsStoragePageProps-DRR0Xd3a.js                                             7.44 kB │ gzip:     1.26 kB
dist/assets/v4/voice-CYI-RQn-.js                                                                7.47 kB │ gzip:     3.46 kB
dist/assets/v4/QuestionnaireProps-Bbj-hf_Y.js                                                   7.50 kB │ gzip:     1.24 kB
dist/assets/v4/tenancy-Cu74aPXm.js                                                              7.50 kB │ gzip:     1.94 kB
dist/assets/v4/steps-card-BpyWiwxQ.js                                                           7.51 kB │ gzip:     2.20 kB
dist/assets/v4/AgentChatHistoryLabels-DKxHSy0-.js                                               7.52 kB │ gzip:     1.06 kB
dist/assets/v4/memory-system-Cpbh_0_2.js                                                        7.53 kB │ gzip:     2.03 kB
dist/assets/v4/ErrorCodes-CQe2-_LR.js                                                           7.55 kB │ gzip:     1.43 kB
dist/assets/v4/settings-modal-O54vTpHX.js                                                       7.56 kB │ gzip:     3.43 kB
dist/assets/v4/sankey-chart-card-Cz1UdvHo.js                                                    7.60 kB │ gzip:     2.41 kB
dist/assets/v4/faircoin-chrome-CSiUN13G.js                                                      7.64 kB │ gzip:     2.29 kB
dist/assets/v4/CalendarProps-B1Fx2fZ7.js                                                        7.64 kB │ gzip:     1.31 kB
dist/assets/v4/PrivacySettings-CrOZY62p.js                                                      7.65 kB │ gzip:     1.23 kB
dist/assets/v4/2026-07-02-expandable-text-read-more-design-BA7eo9fA.js                          7.67 kB │ gzip:     3.19 kB
dist/assets/v4/ChipProps-ePyPH2yh.js                                                            7.67 kB │ gzip:     1.39 kB
dist/assets/v4/level-picker-d41YQ6RY.js                                                         7.69 kB │ gzip:     2.52 kB
dist/assets/v4/pagination-C6WYuX2E.js                                                           7.73 kB │ gzip:     2.06 kB
dist/assets/v4/breadcrumb-CMKMEFkP.js                                                           7.74 kB │ gzip:     2.07 kB
dist/assets/v4/Application-VBvUP77L.js                                                          7.74 kB │ gzip:     1.32 kB
dist/assets/v4/quickstart-CscWDHio.js                                                           7.75 kB │ gzip:     2.54 kB
dist/assets/v4/agents-chart-card-DE1WOIMB.js                                                    7.78 kB │ gzip:     2.19 kB
dist/assets/v4/layout--okzQ5X3.js                                                               7.79 kB │ gzip:     2.87 kB
dist/assets/v4/layout-BVcBwDgK.js                                                               7.79 kB │ gzip:     2.87 kB
dist/assets/v4/avatar-group-Bt7NFtEG.js                                                         7.80 kB │ gzip:     2.62 kB
dist/assets/v4/avatar-group-DIcNXe9a.js                                                         7.80 kB │ gzip:     2.62 kB
dist/assets/v4/PageHeaderProps-Daj_hi7k.js                                                      7.81 kB │ gzip:     1.57 kB
dist/assets/v4/AccountDialogSnapshot-BLj8m7Yh.js                                                7.82 kB │ gzip:     1.73 kB
dist/assets/v4/SocialButtonProps-DkyaudVc.js                                                    7.84 kB │ gzip:     1.41 kB
dist/assets/v4/theme-DeBloJ_O.js                                                                7.85 kB │ gzip:     2.37 kB
dist/assets/v4/AiChatShellProps-BGrWxkf1.js                                                     7.86 kB │ gzip:     1.35 kB
dist/assets/v4/cart-panel-tqoj97m_.js                                                           7.86 kB │ gzip:     2.31 kB
dist/assets/v4/post-lifecycle-D50W6fZj.js                                                       7.86 kB │ gzip:     2.81 kB
dist/assets/v4/line-chart-card-SCgzmkkA.js                                                      7.89 kB │ gzip:     2.29 kB
dist/assets/v4/2026-06-28-post-text-length-setting-design-D4DtbcpQ.js                           7.90 kB │ gzip:     2.34 kB
dist/assets/v4/encryption-Cuf0fBFj.js                                                           7.90 kB │ gzip:     3.47 kB
dist/assets/v4/avatar-B-rZsZs-.js                                                               7.90 kB │ gzip:     3.24 kB
dist/assets/v4/2026-06-28-profile-links-design-DXxlcM5K.js                                      7.91 kB │ gzip:     3.43 kB
dist/assets/v4/ai-profile-card-B8-C5j8_.js                                                      7.93 kB │ gzip:     2.26 kB
dist/assets/v4/FunnelChartCardProps-BW--_kTv.js                                                 7.94 kB │ gzip:     1.47 kB
dist/assets/v4/theming-B6AWEP71.js                                                              7.95 kB │ gzip:     2.82 kB
dist/assets/v4/postgres-alia-migration-BxbWOG8Y.js                                              7.96 kB │ gzip:     3.46 kB
dist/assets/v4/input-otp-D-pZBYxu.js                                                            8.01 kB │ gzip:     2.12 kB
dist/assets/v4/MostActiveDaysCardProps-CbZmOX6v.js                                              8.02 kB │ gzip:     1.44 kB
dist/assets/v4/specimens-DG5hf18P.js                                                            8.02 kB │ gzip:     2.48 kB
dist/assets/v4/StageBarsCardProps-BggsFL4B.js                                                   8.02 kB │ gzip:     1.49 kB
dist/assets/v4/fonts-CeULx8CZ.js                                                                8.03 kB │ gzip:     3.52 kB
dist/assets/v4/0.1.0-C7gqvnAs.js                                                                8.03 kB │ gzip:     2.36 kB
dist/assets/v4/MultiFollowButtonProps-CuomtNAj.js                                               8.03 kB │ gzip:     1.18 kB
dist/assets/v4/file-paths-BHhfCits.js                                                           8.04 kB │ gzip:     2.89 kB
dist/assets/v4/TokensChartCardProps-B0x04Vn0.js                                                 8.04 kB │ gzip:     1.37 kB
dist/assets/v4/ServiceCredentialMismatchError-DKZNRFyt.js                                       8.04 kB │ gzip:     1.87 kB
dist/assets/v4/OxyGenerationReceipt-mFPY09_-.js                                                 8.06 kB │ gzip:     1.32 kB
dist/assets/v4/stat-cards-ibXRgEGp.js                                                           8.07 kB │ gzip:     2.51 kB
dist/assets/v4/2026-07-29-pip-session-and-transport-controls-design-DL5wiz2b.js                 8.09 kB │ gzip:     3.76 kB
dist/assets/v4/stay-search-C8HizX2a.js                                                          8.10 kB │ gzip:     2.32 kB
dist/assets/v4/badge-DzrdoT2Z.js                                                                8.11 kB │ gzip:     2.49 kB
dist/assets/v4/OxyAccountEventError-CAUKmL3o.js                                                 8.11 kB │ gzip:     1.80 kB
dist/assets/v4/User-BFF9TD7r.js                                                                 8.13 kB │ gzip:     2.92 kB
dist/assets/v4/mentions-DkcoObif.js                                                             8.14 kB │ gzip:     3.64 kB
dist/assets/v4/cold-start-Cm2aoMLU.js                                                           8.15 kB │ gzip:     3.01 kB
dist/assets/v4/ComposerLoaderProps-DngxBmae.js                                                  8.15 kB │ gzip:     1.60 kB
dist/assets/v4/AuthenticationFailedError-LzNb_zNT.js                                            8.16 kB │ gzip:     1.80 kB
dist/assets/v4/SessionSyncRequiredError-DYXkfwXK.js                                             8.16 kB │ gzip:     1.82 kB
dist/assets/v4/credential-rotation-COPyfybD.js                                                  8.17 kB │ gzip:     3.06 kB
dist/assets/v4/migrating-to-2.0-Yvt50MHy.js                                                     8.18 kB │ gzip:     3.83 kB
dist/assets/v4/migration-DMJXA29r.js                                                            8.20 kB │ gzip:     3.62 kB
dist/assets/v4/calendar-IFTkkItE.js                                                             8.21 kB │ gzip:     1.63 kB
dist/assets/v4/StoreListingDetail-Cyx6Lchr.js                                                   8.23 kB │ gzip:     1.25 kB
dist/assets/v4/contributions-card-BBJXQkeL.js                                                   8.25 kB │ gzip:     2.62 kB
dist/assets/v4/social-button-DHPj1rEO.js                                                        8.25 kB │ gzip:     2.58 kB
dist/assets/v4/exit-nodes-CYR0Glzk.js                                                           8.28 kB │ gzip:     2.78 kB
dist/assets/v4/OxyAppDataIdentifierError-4fEmAmUj.js                                            8.30 kB │ gzip:     1.85 kB
dist/assets/v4/0002-alia-is-a-kaana-consumer-and-future-model-publisher-NLJtP7la.js             8.31 kB │ gzip:     3.46 kB
dist/assets/v4/card-B4cf1N5x.js                                                                 8.34 kB │ gzip:     2.66 kB
dist/assets/v4/card-CqnMuWCN.js                                                                 8.34 kB │ gzip:     2.66 kB
dist/assets/v4/2026-07-15-mention-edit-profile-screen-design-BU2aJlTy.js                        8.35 kB │ gzip:     3.38 kB
dist/assets/v4/ContentPanelProps-2NGEpPcQ.js                                                    8.37 kB │ gzip:     2.27 kB
dist/assets/v4/SettingsPage-BGW30wpb.js                                                         8.38 kB │ gzip:     3.16 kB
dist/assets/v4/glass-BYT7yimT.js                                                                8.38 kB │ gzip:     3.83 kB
dist/assets/v4/AcademyPage-DwiMxk5-.js                                                          8.38 kB │ gzip:     3.32 kB
dist/assets/v4/agent-chat-UubBIcQq.js                                                           8.40 kB │ gzip:     2.26 kB
dist/assets/v4/mobile-expo-DLkJ6uIV.js                                                          8.43 kB │ gzip:     3.05 kB
dist/assets/v4/tooltip-BVIwERB8.js                                                              8.45 kB │ gzip:     2.90 kB
dist/assets/v4/migrating-the-media-gallery-CRmaaZzc.js                                          8.46 kB │ gzip:     2.55 kB
dist/assets/v4/migrating-the-media-gallery-IsL0AWyf.js                                          8.46 kB │ gzip:     2.55 kB
dist/assets/v4/RangeCalendarProps-C8l-PmWS.js                                                   8.46 kB │ gzip:     1.44 kB
dist/assets/v4/2026-06-28-native-gif-library-design-BGJsI0mP.js                                 8.46 kB │ gzip:     2.88 kB
dist/assets/v4/CalendarViewProps-C5UDK7Ja.js                                                    8.48 kB │ gzip:     1.41 kB
dist/assets/v4/ContributionsCardProps-D6Mjo0Qu.js                                               8.50 kB │ gzip:     1.43 kB
dist/assets/v4/bar-list-card-BvWg1_ss.js                                                        8.50 kB │ gzip:     2.68 kB
dist/assets/v4/AWS_DEPLOYMENT-DUa03wND.js                                                       8.51 kB │ gzip:     3.80 kB
dist/assets/v4/SettingsToolsPageProps-iYmTIBoO.js                                               8.51 kB │ gzip:     1.15 kB
dist/assets/v4/property-insights-lLT6osIs.js                                                    8.51 kB │ gzip:     2.17 kB
dist/assets/v4/README-9M_92H4-.js                                                               8.55 kB │ gzip:     2.81 kB
dist/assets/v4/onboarding-C4b2GSXe.js                                                           8.57 kB │ gzip:     2.74 kB
dist/assets/v4/authentication-Bu2O0zzL.js                                                       8.57 kB │ gzip:     2.67 kB
dist/assets/v4/agent-chat-wtOVKGbt.js                                                           8.57 kB │ gzip:     4.06 kB
dist/assets/v4/zoomable-media-gallery-BEQB9BBa.js                                               8.59 kB │ gzip:     2.97 kB
dist/assets/v4/zoomable-media-gallery-CcQdhn3z.js                                               8.59 kB │ gzip:     2.97 kB
dist/assets/v4/RadialChartCardProps-CVgFMyVo.js                                                 8.60 kB │ gzip:     1.54 kB
dist/assets/v4/estimator-t9XQBhmf.js                                                            8.62 kB │ gzip:     3.75 kB
dist/assets/v4/provider-unavailable-2026-09-12-BENp8TgR.js                                      8.62 kB │ gzip:     4.12 kB
dist/assets/v4/seo-dKyJtQ3f.js                                                                  8.62 kB │ gzip:     3.97 kB
dist/assets/v4/rail-DGH9cKnf.js                                                                 8.63 kB │ gzip:     2.48 kB
dist/assets/v4/BloomComponentsHub-DPhkj_XZ.js                                                   8.63 kB │ gzip:     3.59 kB
dist/assets/v4/agent-thinking-eCY_eNyB.js                                                       8.63 kB │ gzip:     2.51 kB
dist/assets/v4/product-JQlYWFgC.js                                                              8.64 kB │ gzip:     3.89 kB
dist/assets/v4/ComboChartCardProps-BrxZti0Y.js                                                  8.64 kB │ gzip:     1.45 kB
dist/assets/v4/contributing-DPzbPY0Q.js                                                         8.65 kB │ gzip:     4.01 kB
dist/assets/v4/network-DQaZ3Nm6.js                                                              8.65 kB │ gzip:     2.11 kB
dist/assets/v4/WebIdentityUnlockError-D3aG9huH.js                                               8.66 kB │ gzip:     1.85 kB
dist/assets/v4/verification-C2SH6nkr.js                                                         8.66 kB │ gzip:     3.19 kB
dist/assets/v4/api-DYw8-Tko.js                                                                  8.69 kB │ gzip:     3.82 kB
dist/assets/v4/app-architecture-DYtAhqyb.js                                                     8.76 kB │ gzip:     2.67 kB
dist/assets/v4/examples-BVIsQIuq.js                                                             8.77 kB │ gzip:     2.74 kB
dist/assets/v4/radio-php4dpWI.js                                                                8.78 kB │ gzip:     2.69 kB
dist/assets/v4/checkbox-DCHuZJSj.js                                                             8.78 kB │ gzip:     2.80 kB
dist/assets/v4/TNPInstallPage-pxJuuwRk.js                                                       8.78 kB │ gzip:     2.89 kB
dist/assets/v4/CalendarViewHeaderProps-SSFelXJZ.js                                              8.79 kB │ gzip:     1.40 kB
dist/assets/v4/StepsCardProps-BeFWnMR5.js                                                       8.80 kB │ gzip:     1.51 kB
dist/assets/v4/segmented-control-Be9nSRqc.js                                                    8.81 kB │ gzip:     2.49 kB
dist/assets/v4/IdentityPersistError-BNSxJtWL.js                                                 8.82 kB │ gzip:     1.98 kB
dist/assets/v4/0012-alia-uses-real-models-CjKOum1S.js                                           8.82 kB │ gzip:     3.91 kB
dist/assets/v4/operating-modes-DcRiXSId.js                                                      8.83 kB │ gzip:     3.82 kB
dist/assets/v4/SignInFlowState-CNrJfx9w.js                                                      8.88 kB │ gzip:     2.33 kB
dist/assets/v4/overview-C_1YBNrw.js                                                             8.88 kB │ gzip:     3.29 kB
dist/assets/v4/OxyRuntimeSnapshot-XVnrGX3n.js                                                   8.90 kB │ gzip:     1.95 kB
dist/assets/v4/mixins-DCdZejVU.js                                                               8.91 kB │ gzip:     2.73 kB
dist/assets/v4/service-tokens-sBcaJn4U.js                                                       8.93 kB │ gzip:     3.19 kB
dist/assets/v4/text-field-DFZA9Kfz.js                                                           8.95 kB │ gzip:     2.33 kB
dist/assets/v4/text-field-DqjKwYG1.js                                                           8.95 kB │ gzip:     2.33 kB
dist/assets/v4/text-field-oN07hNaB.js                                                           8.95 kB │ gzip:     2.33 kB
dist/assets/v4/IdentityAlreadyExistsError-OhEp1N92.js                                           8.95 kB │ gzip:     2.07 kB
dist/assets/v4/radial-chart-card-C_CE4zz1.js                                                    8.96 kB │ gzip:     2.60 kB
dist/assets/v4/ActivityHeatmapProps-VV99xquW.js                                                 8.97 kB │ gzip:     2.05 kB
dist/assets/v4/service-nodes-9svJrcJa.js                                                        8.99 kB │ gzip:     3.07 kB
dist/assets/v4/TextareaProps-MI_3gphA.js                                                        9.03 kB │ gzip:     1.58 kB
dist/assets/v4/HelpProductBadge-CzWRJV0F.js                                                     9.04 kB │ gzip:     3.06 kB
dist/assets/v4/SankeyChartCardProps-BdcS7m79.js                                                 9.06 kB │ gzip:     1.59 kB
dist/assets/v4/HeatmapChartCardProps-DYoezRjD.js                                                9.07 kB │ gzip:     1.54 kB
dist/assets/v4/OxyInferenceProtocolError-DHUsSviM.js                                            9.08 kB │ gzip:     2.06 kB
dist/assets/v4/NewsCard-DMqSPeWM.js                                                             9.08 kB │ gzip:     2.62 kB
dist/assets/v4/SliderProps-CKkwLXvT.js                                                          9.13 kB │ gzip:     1.61 kB
dist/assets/v4/2026-07-02-fediverse-sharing-consent-design-Bkzo1qX2.js                          9.14 kB │ gzip:     4.15 kB
dist/assets/v4/music-library-CNoQpPhO.js                                                        9.14 kB │ gzip:     2.26 kB
dist/assets/v4/module-D5NDwQgM.js                                                               9.14 kB │ gzip:     2.79 kB
dist/assets/v4/DataTableColumn-ChyucVvL.js                                                      9.16 kB │ gzip:     1.72 kB
dist/assets/v4/oxyhq-auth-M7VXJfP9.js                                                           9.16 kB │ gzip:     2.70 kB
dist/assets/v4/getting-started-DkvF4v27.js                                                      9.20 kB │ gzip:     3.19 kB
dist/assets/v4/slider-Cx4XVdDV.js                                                               9.22 kB │ gzip:     2.94 kB
dist/assets/v4/AccountDeletionPage-DU50yIln.js                                                  9.24 kB │ gzip:     3.46 kB
dist/assets/v4/home-search-BUuwgTaZ.js                                                          9.24 kB │ gzip:     2.68 kB
dist/assets/v4/select-BmM3CmMh.js                                                               9.26 kB │ gzip:     3.83 kB
dist/assets/v4/main-BD3Il25p.js                                                                 9.28 kB │ gzip:     2.95 kB
dist/assets/v4/ChangelogPage-aRtUp37t.js                                                        9.32 kB │ gzip:     3.33 kB
dist/assets/v4/OxyAuthenticationError-CasT0nv9.js                                               9.33 kB │ gzip:     1.95 kB
dist/assets/v4/OxyResponsesRequest-cMu4QWOn.js                                                  9.33 kB │ gzip:     1.54 kB
dist/assets/v4/AITrustPage-XTKy8rUN.js                                                          9.35 kB │ gzip:     3.80 kB
dist/assets/v4/README-CK-_iPko.js                                                               9.36 kB │ gzip:     2.82 kB
dist/assets/v4/ScatterChartCardProps-it5WVIVW.js                                                9.36 kB │ gzip:     1.61 kB
dist/assets/v4/fab-C9GMXf7U.js                                                                  9.38 kB │ gzip:     3.33 kB
dist/assets/v4/file-upload-4jSdNzOb.js                                                          9.38 kB │ gzip:     3.24 kB
dist/assets/v4/2026-07-29-android-home-screen-widgets-design-DuNaMyQx.js                        9.38 kB │ gzip:     3.48 kB
dist/assets/v4/context-menu-BmjQZ5p2.js                                                         9.39 kB │ gzip:     2.29 kB
dist/assets/v4/context-menu-CPHNdKU4.js                                                         9.39 kB │ gzip:     2.29 kB
dist/assets/v4/context-menu-z4jIaEgU.js                                                         9.39 kB │ gzip:     2.29 kB
dist/assets/v4/ProjectBoardProps-DOElAL4F.js                                                    9.40 kB │ gzip:     1.34 kB
dist/assets/v4/dns-server-CTD8o4Gd.js                                                           9.45 kB │ gzip:     3.28 kB
dist/assets/v4/IdentityUnavailableError-57crxwlA.js                                             9.45 kB │ gzip:     2.23 kB
dist/assets/v4/kaana-cutover-DFAfYB3t.js                                                        9.45 kB │ gzip:     3.68 kB
dist/assets/v4/calendar-DUbWC4Hz.js                                                             9.46 kB │ gzip:     4.24 kB
dist/assets/v4/proactive-intelligence-BtPRQFvC.js                                               9.46 kB │ gzip:     3.07 kB
dist/assets/v4/analytics-DjnZ2JqP.js                                                            9.48 kB │ gzip:     4.26 kB
dist/assets/v4/YearOverYearChartCardProps-CYgDcJ3p.js                                           9.53 kB │ gzip:     1.57 kB
dist/assets/v4/listing-card-BaW36-8U.js                                                         9.54 kB │ gzip:     3.10 kB
dist/assets/v4/source-of-truth-Crvs8w5D.js                                                      9.55 kB │ gzip:     4.13 kB
dist/assets/v4/ItemProps-zTVMUWMM.js                                                            9.56 kB │ gzip:     1.65 kB
dist/assets/v4/BloomThemeContextValue-DGtx0EbI.js                                               9.62 kB │ gzip:     1.31 kB
dist/assets/v4/glossary-DPdzRGRa.js                                                             9.65 kB │ gzip:     3.38 kB
dist/assets/v4/api-reference-B8keeCSL.js                                                        9.69 kB │ gzip:     4.27 kB
dist/assets/v4/messaging-audit-Bqj1RXYT.js                                                      9.69 kB │ gzip:     4.46 kB
dist/assets/v4/security-Bh8F9L4v.js                                                             9.71 kB │ gzip:     3.04 kB
dist/assets/v4/AgentChatHistoryProps-5Q5l97OP.js                                                9.72 kB │ gzip:     1.45 kB
dist/assets/v4/button-Dti172-1.js                                                               9.74 kB │ gzip:     3.85 kB
dist/assets/v4/OxyConfig-BIGIu7Bl.js                                                            9.76 kB │ gzip:     1.64 kB
dist/assets/v4/avatar-CsWmHzHB.js                                                               9.77 kB │ gzip:     2.28 kB
dist/assets/v4/avatar-Don88r1b.js                                                               9.77 kB │ gzip:     2.28 kB
dist/assets/v4/avatar-F5wPG5id.js                                                               9.77 kB │ gzip:     2.28 kB
dist/assets/v4/dialog-B8VVC1o1.js                                                               9.78 kB │ gzip:     2.50 kB
dist/assets/v4/dialog-Bjs7uwXX.js                                                               9.78 kB │ gzip:     2.50 kB
dist/assets/v4/dialog-Ce8WOEE0.js                                                               9.78 kB │ gzip:     2.50 kB
dist/assets/v4/proxy-7ssuy5GJ.js                                                                9.81 kB │ gzip:     3.07 kB
dist/assets/v4/model-abstraction-CbyXLb8R.js                                                    9.82 kB │ gzip:     4.31 kB
dist/assets/v4/DatePickerProps-CTt1X-1b.js                                                      9.84 kB │ gzip:     1.51 kB
dist/assets/v4/icons-7VfvoRzw.js                                                                9.85 kB │ gzip:     3.30 kB
dist/assets/v4/LineChartCardProps-Cq-YaWnw.js                                                   9.85 kB │ gzip:     1.50 kB
dist/assets/v4/FrostedIconButtonProps-D0GPKAKI.js                                               9.86 kB │ gzip:     1.90 kB
dist/assets/v4/2026-07-29-video-playback-authority-and-pip-design-CgYPi08-.js                   9.86 kB │ gzip:     4.20 kB
dist/assets/v4/message-bubble-BD6J4nu6.js                                                       9.89 kB │ gzip:     2.67 kB
dist/assets/v4/payments-C8dpRQuw.js                                                             9.90 kB │ gzip:     3.61 kB
dist/assets/v4/EarningsChartCardProps-9h3TZOHg.js                                               9.90 kB │ gzip:     1.44 kB
dist/assets/v4/AccountNotOnDeviceError-Bri_5vtc.js                                              9.91 kB │ gzip:     2.21 kB
dist/assets/v4/main-BxIkHNr6.js                                                                 9.92 kB │ gzip:     2.93 kB
dist/assets/v4/store-B--xFLzi.js                                                                9.92 kB │ gzip:     3.96 kB
dist/assets/v4/addressindex-CALgjyrL.js                                                         9.94 kB │ gzip:     2.68 kB
dist/assets/v4/AreaChartCardProps-BRsEf6tO.js                                                   9.95 kB │ gzip:     1.72 kB
dist/assets/v4/architecture-boundary-gate-FCh7ui4d.js                                          10.00 kB │ gzip:     3.41 kB
dist/assets/v4/main-Cev8Mffw.js                                                                10.01 kB │ gzip:     4.32 kB
dist/assets/v4/bottom-sheets-BbitZkm3.js                                                       10.02 kB │ gzip:     2.88 kB
dist/assets/v4/settings-modal-sit9TXlj.js                                                      10.02 kB │ gzip:     2.43 kB
dist/assets/v4/PeriodChartHeaderProps-ndDJQfHH.js                                              10.07 kB │ gzip:     1.53 kB
dist/assets/v4/phone-input-BZCHo88k.js                                                         10.09 kB │ gzip:     3.03 kB
dist/assets/v4/dialog-D9OONvG-.js                                                              10.12 kB │ gzip:     3.90 kB
dist/assets/v4/dialog-NWQB8VWg.js                                                              10.12 kB │ gzip:     3.90 kB
dist/assets/v4/OxySignInButtonProps-C4r-AWHK.js                                                10.12 kB │ gzip:     2.28 kB
dist/assets/v4/roadmap-Cxnu20EE.js                                                             10.12 kB │ gzip:     4.62 kB
dist/assets/v4/peable-rent-payments-DS9hQUHr.js                                                10.13 kB │ gzip:     3.54 kB
dist/assets/v4/resolution-DTQSQAxg.js                                                          10.13 kB │ gzip:     4.61 kB
dist/assets/v4/chat-indicators-B1frVOMT.js                                                     10.14 kB │ gzip:     3.22 kB
dist/assets/v4/auth-card-BWH8qKfS.js                                                           10.16 kB │ gzip:     3.23 kB
dist/assets/v4/master-gpsrcMwU.js                                                              10.17 kB │ gzip:     4.45 kB
dist/assets/v4/typography-Cqx-uyS5.js                                                          10.17 kB │ gzip:     2.99 kB
dist/assets/v4/typography-DdTEFvg-.js                                                          10.17 kB │ gzip:     2.99 kB
dist/assets/v4/auth-Cew-USSq.js                                                                10.17 kB │ gzip:     2.95 kB
dist/assets/v4/PricingPage-D5tQmSZX.js                                                         10.21 kB │ gzip:     3.72 kB
dist/assets/v4/AvatarConfig-Drg6OI4q.js                                                        10.27 kB │ gzip:     1.23 kB
dist/assets/v4/main-CTo_ielE.js                                                                10.28 kB │ gzip:     4.21 kB
dist/assets/v4/user-hover-card-Czx5pyGZ.js                                                     10.28 kB │ gzip:     4.61 kB
dist/assets/v4/geoip-1DSMxbA5.js                                                               10.29 kB │ gzip:     4.91 kB
dist/assets/v4/ToastFn-C-FIOiCB.js                                                             10.32 kB │ gzip:     1.10 kB
dist/assets/v4/apps-B92nNttL.js                                                                10.32 kB │ gzip:     3.22 kB
dist/assets/v4/menu-1Bw8oZi4.js                                                                10.34 kB │ gzip:     2.36 kB
dist/assets/v4/menu-BXqKBwlH.js                                                                10.34 kB │ gzip:     2.36 kB
dist/assets/v4/menu-CJsPlQNn.js                                                                10.34 kB │ gzip:     2.36 kB
dist/assets/v4/user-hover-card-C_HtPNLZ.js                                                     10.35 kB │ gzip:     3.66 kB
dist/assets/v4/userbehavior-inventory-Bk2WINMQ.js                                              10.36 kB │ gzip:     3.06 kB
dist/assets/v4/deployment-B4A9zm8-.js                                                          10.37 kB │ gzip:     3.75 kB
dist/assets/v4/ai-chat-CQWkTK-s.js                                                             10.40 kB │ gzip:     4.68 kB
dist/assets/v4/ColorPresetRecipe-De9A5dyj.js                                                   10.41 kB │ gzip:     1.51 kB
dist/assets/v4/web-search-BtU7uxvz.js                                                          10.41 kB │ gzip:     3.42 kB
dist/assets/v4/AgentsChartCardProps-Dqdcy6vQ.js                                                10.42 kB │ gzip:     1.63 kB
dist/assets/v4/AppDetailPage-BTU4NNsv.js                                                       10.44 kB │ gzip:     4.00 kB
dist/assets/v4/security-CCCExMDs.js                                                            10.45 kB │ gzip:     4.57 kB
dist/assets/v4/VirtualListProps-iJoUU8ht.js                                                    10.45 kB │ gzip:     1.82 kB
dist/assets/v4/skills-DS77p4ns.js                                                              10.50 kB │ gzip:     3.34 kB
dist/assets/v4/SessionClient-D67Zwssp.js                                                       10.50 kB │ gzip:     3.57 kB
dist/assets/v4/loading-BwLCp_Iw.js                                                             10.50 kB │ gzip:     2.27 kB
dist/assets/v4/loading-CJHkUUXs.js                                                             10.50 kB │ gzip:     2.27 kB
dist/assets/v4/CreateAccountInput-CVTNuQvb.js                                                  10.53 kB │ gzip:     2.70 kB
dist/assets/v4/0004-product-endpoints-versus-generic-inference-endpoints-D0Nytyd7.js           10.53 kB │ gzip:     4.03 kB
dist/assets/v4/button-CEzqTg6w.js                                                              10.53 kB │ gzip:     2.37 kB
dist/assets/v4/button-CYOl9ui2.js                                                              10.53 kB │ gzip:     2.37 kB
dist/assets/v4/button-Cjktqgav.js                                                              10.53 kB │ gzip:     2.37 kB
dist/assets/v4/onion-routing-liOBbBg0.js                                                       10.56 kB │ gzip:     3.82 kB
dist/assets/v4/transparency-ZNJ9zGGP.js                                                        10.57 kB │ gzip:     3.83 kB
dist/assets/v4/0008-skills-are-agent-skills-BFBY0_C-.js                                        10.59 kB │ gzip:     3.85 kB
dist/assets/v4/NewsroomPage-DR6LufWU.js                                                        10.59 kB │ gzip:     4.31 kB
dist/assets/v4/DateRangePickerProps-BOWLU6Hp.js                                                10.59 kB │ gzip:     1.61 kB
dist/assets/v4/FileUploadProps-Cw_YCybw.js                                                     10.61 kB │ gzip:     1.80 kB
dist/assets/v4/DottedMap-C8cdG_7C.js                                                           10.61 kB │ gzip:     4.74 kB
dist/assets/v4/community-notes-Dncu__MW.js                                                     10.62 kB │ gzip:     3.27 kB
dist/assets/v4/platforms-Bn46Gz0w.js                                                           10.63 kB │ gzip:     3.33 kB
dist/assets/v4/table-CiZUprDv.js                                                               10.63 kB │ gzip:     2.53 kB
dist/assets/v4/queryKeys-BGFVjfX1.js                                                           10.66 kB │ gzip:     1.44 kB
dist/assets/v4/deployment-DFUHCm7a.js                                                          10.67 kB │ gzip:     4.91 kB
dist/assets/v4/frontend-compiler-notes-npq0an6y.js                                             10.68 kB │ gzip:     3.59 kB
dist/assets/v4/business-Bjp8Z2PS.js                                                            10.68 kB │ gzip:     3.87 kB
dist/assets/v4/CareerDetailPage-qVcm1Don.js                                                    10.71 kB │ gzip:     4.19 kB
dist/assets/v4/postgres-BgJMVYc_.js                                                            10.72 kB │ gzip:     5.08 kB
dist/assets/v4/encryption-BQJfqvxQ.js                                                          10.73 kB │ gzip:     3.95 kB
dist/assets/v4/2026-06-01-homiio-agent-earn-screen-CLTcSuXk.js                                 10.74 kB │ gzip:     4.66 kB
dist/assets/v4/DataTableRowActionProps-UgIZ4u4N.js                                             10.75 kB │ gzip:     2.42 kB
dist/assets/v4/0007-a-users-own-machine-as-an-inference-runtime-BEUgV5dw.js                    10.77 kB │ gzip:     3.97 kB
dist/assets/v4/chip-WLzjBXG8.js                                                                10.77 kB │ gzip:     2.89 kB
dist/assets/v4/main-CV3SKHx8.js                                                                10.83 kB │ gzip:     3.44 kB
dist/assets/v4/admonition-CUk7YEek.js                                                          10.84 kB │ gzip:     3.58 kB
dist/assets/v4/textarea-CQU9lzgf.js                                                            10.84 kB │ gzip:     2.64 kB
dist/assets/v4/iso-build-CD9MBq1M.js                                                           10.85 kB │ gzip:     4.58 kB
dist/assets/v4/threat-model-CPJylH6l.js                                                        10.86 kB │ gzip:     4.48 kB
dist/assets/v4/2026-07-02-phase4-infra-sources-CcRa4KsG.js                                     10.88 kB │ gzip:     3.34 kB
dist/assets/v4/main-zWazS4M2.js                                                                10.89 kB │ gzip:     4.78 kB
dist/assets/v4/CalendarViewMonthGridProps-DDdhK-kq.js                                          10.89 kB │ gzip:     1.57 kB
dist/assets/v4/ChartHeaderProps-1-SD8q9p.js                                                    10.90 kB │ gzip:     1.64 kB
dist/assets/v4/OxyContextState-DUfI07lX.js                                                     10.90 kB │ gzip:     3.10 kB
dist/assets/v4/dropdown-menu-C8Z_3SDG.js                                                       10.91 kB │ gzip:     4.39 kB
dist/assets/v4/0005-product-entitlements-versus-financial-ledger-DIlzQ37E.js                   10.91 kB │ gzip:     4.41 kB
dist/assets/v4/tabs-flr2YQhj.js                                                                10.93 kB │ gzip:     3.23 kB
dist/assets/v4/usage-BbX6x3Ge.js                                                               10.95 kB │ gzip:     3.21 kB
dist/assets/v4/surfaces-Cww8z_j0.js                                                            10.96 kB │ gzip:     2.31 kB
dist/assets/v4/RunSessionColdBootOptions-DbqUkJcG.js                                           10.97 kB │ gzip:     2.49 kB
dist/assets/v4/data-table-CnoZpypK.js                                                          10.99 kB │ gzip:     4.78 kB
dist/assets/v4/ReferralsDashboardPage-DcR4wfFY.js                                              11.02 kB │ gzip:     4.33 kB
dist/assets/v4/inventory-parsing-gaps-CgH54Quf.js                                              11.02 kB │ gzip:     5.02 kB
dist/assets/v4/agent-collaboration-CmTelrdN.js                                                 11.04 kB │ gzip:     5.01 kB
dist/assets/v4/privacy-model-BASA9xsA.js                                                       11.08 kB │ gzip:     3.29 kB
dist/assets/v4/select-B2sAbMJV.js                                                              11.10 kB │ gzip:     2.25 kB
dist/assets/v4/select-Da0r2Su_.js                                                              11.10 kB │ gzip:     2.25 kB
dist/assets/v4/select-Di1_HANA.js                                                              11.10 kB │ gzip:     2.25 kB
dist/assets/v4/store-7bsxAmT9.js                                                               11.14 kB │ gzip:     3.46 kB
dist/assets/v4/postgres-alia-migration-Dg-qQ-Vb.js                                             11.15 kB │ gzip:     4.00 kB
dist/assets/v4/bottom-sheet-CdoypDWP.js                                                        11.15 kB │ gzip:     2.70 kB
dist/assets/v4/bottom-sheet-DZaxRgyy.js                                                        11.15 kB │ gzip:     2.70 kB
dist/assets/v4/bottom-sheet-CSj6AfB8.js                                                        11.15 kB │ gzip:     2.70 kB
dist/assets/v4/2026-08-30-backend-efficiency-design-Dp61GzTQ.js                                11.17 kB │ gzip:     5.21 kB
dist/assets/v4/0001-alia-oxy-kaana-responsibility-boundary-Clm0Y08q.js                         11.24 kB │ gzip:     4.81 kB
dist/assets/v4/radar-chart-card-Cb6R2rPw.js                                                    11.26 kB │ gzip:     3.11 kB
dist/assets/v4/sidebar-Bbmhxxk6.js                                                             11.27 kB │ gzip:     3.65 kB
dist/assets/v4/2026-07-03-videos-inline-comments-design-jFGzZTnL.js                            11.30 kB │ gzip:     3.86 kB
dist/assets/v4/main-CCkpvaMu.js                                                                11.31 kB │ gzip:     4.80 kB
dist/assets/v4/getting-started-CFl3bBOd.js                                                     11.31 kB │ gzip:     3.52 kB
dist/assets/v4/getting-started-D059RCK5.js                                                     11.31 kB │ gzip:     3.52 kB
dist/assets/v4/INTEGRATION_GUIDE-DdOuepqK.js                                                   11.36 kB │ gzip:     3.53 kB
dist/assets/v4/development-Dyz1v7Mz.js                                                         11.36 kB │ gzip:     3.75 kB
dist/assets/v4/FabProps-BpMPTQTu.js                                                            11.37 kB │ gzip:     2.08 kB
dist/assets/v4/card-form-CARalMXf.js                                                           11.38 kB │ gzip:     1.60 kB
dist/assets/v4/transport-nj07shzf.js                                                           11.39 kB │ gzip:     4.59 kB
dist/assets/v4/ServiceAssetMetadataError-DU8uAxu6.js                                           11.40 kB │ gzip:     2.69 kB
dist/assets/v4/RadarChartCardProps-BL4D1v7y.js                                                 11.41 kB │ gzip:     1.98 kB
dist/assets/v4/BEST_PRACTICES-DyvH2qev.js                                                      11.43 kB │ gzip:     3.61 kB
dist/assets/v4/agent-log-BPiHHLWL.js                                                           11.51 kB │ gzip:     3.86 kB
dist/assets/v4/OxyAuthenticationTimeoutError-BP_CgVXS.js                                       11.53 kB │ gzip:     2.00 kB
dist/assets/v4/date-picker-DVUOk6t5.js                                                         11.55 kB │ gzip:     2.10 kB
dist/assets/v4/track-list-CwWKl65W.js                                                          11.57 kB │ gzip:     2.54 kB
dist/assets/v4/loading-BcY-oKDA.js                                                             11.64 kB │ gzip:     2.34 kB
dist/assets/v4/loading-CD5VmLPh.js                                                             11.64 kB │ gzip:     2.34 kB
dist/assets/v4/loading-CO1NekiZ.js                                                             11.64 kB │ gzip:     2.34 kB
dist/assets/v4/bottom-sheet-BygvRzHn.js                                                        11.64 kB │ gzip:     2.82 kB
dist/assets/v4/bottom-sheet-DaOI9k9f.js                                                        11.65 kB │ gzip:     2.82 kB
dist/assets/v4/settings-list-BkHj1T7o.js                                                       11.66 kB │ gzip:     2.49 kB
dist/assets/v4/settings-list-Bwwa74C_.js                                                       11.66 kB │ gzip:     2.49 kB
dist/assets/v4/settings-list-DnJvDmMO.js                                                       11.66 kB │ gzip:     2.49 kB
dist/assets/v4/sdk-DyQAIP31.js                                                                 11.66 kB │ gzip:     4.79 kB
dist/assets/v4/concepts-Df1aXThe.js                                                            11.67 kB │ gzip:     4.83 kB
dist/assets/v4/settings-list-D6-mPVo8.js                                                       11.67 kB │ gzip:     2.50 kB
dist/assets/v4/settings-list-DpSUrsrC.js                                                       11.67 kB │ gzip:     2.50 kB
dist/assets/v4/ComposerAttachmentsProps-DfE1eptI.js                                            11.70 kB │ gzip:     1.91 kB
dist/assets/v4/GETTING_STARTED-Bj_bVj6N.js                                                     11.72 kB │ gzip:     4.12 kB
dist/assets/v4/media-player-C83RHV04.js                                                        11.74 kB │ gzip:     2.49 kB
dist/assets/v4/AvatarGroupProps-KQ5dfVhP.js                                                    11.74 kB │ gzip:     2.65 kB
dist/assets/v4/notification-B-nUqKwY.js                                                        11.75 kB │ gzip:     3.03 kB
dist/assets/v4/0003-model-revision-deployment-provider-routing-profile-CDQLWhj2.js             11.79 kB │ gzip:     4.56 kB
dist/assets/v4/code-Bx_h68Wa.js                                                                11.81 kB │ gzip:     3.40 kB
dist/assets/v4/text-field-CqPJojSB.js                                                          11.82 kB │ gzip:     4.40 kB
dist/assets/v4/0013-voice-runs-on-the-device-livekit-and-cohost-are-retired-B_WKJsua.js        11.83 kB │ gzip:     3.84 kB
dist/assets/v4/CompanyArticlePage-CkA1KT3t.js                                                  11.83 kB │ gzip:     4.51 kB
dist/assets/v4/roadmap-Bth2gR09.js                                                             11.83 kB │ gzip:     4.91 kB
dist/assets/v4/UserHoverCardProps-LVh8GmeA.js                                                  11.85 kB │ gzip:     3.06 kB
dist/assets/v4/AppsPage-u4O_xS7t.js                                                            11.88 kB │ gzip:     4.10 kB
dist/assets/v4/DISPLAY_NAME_DISALLOWED_SOURCE-Bd_7nWts.js                                      11.89 kB │ gzip:     4.81 kB
dist/assets/v4/prompt-input-BokfK3xt.js                                                        11.91 kB │ gzip:     2.93 kB
dist/assets/v4/prompt-input-BzX8pvaS.js                                                        11.91 kB │ gzip:     2.93 kB
dist/assets/v4/prompt-input-Ccp_y_zT.js                                                        11.91 kB │ gzip:     2.93 kB
dist/assets/v4/chart-cards-CqHXrgHu.js                                                         11.91 kB │ gzip:     4.97 kB
dist/assets/v4/prompt-input-BdDtDTlA.js                                                        11.91 kB │ gzip:     2.93 kB
dist/assets/v4/vpn-DF1fMm8M.js                                                                 11.95 kB │ gzip:     3.72 kB
dist/assets/v4/main-B7ezx997.js                                                                12.00 kB │ gzip:     4.88 kB
dist/assets/v4/screenshots-C2vDDHxt.js                                                         12.02 kB │ gzip:     5.09 kB
dist/assets/v4/2026-07-15-memory-screen-redesign-design-CwXpFK8m.js                            12.03 kB │ gzip:     5.17 kB
dist/assets/v4/InboxPage-BXSLUqh8.js                                                           12.05 kB │ gzip:     4.43 kB
dist/assets/v4/import-B1s1vfqp.js                                                              12.06 kB │ gzip:     5.27 kB
dist/assets/v4/developers-portal-ef25ufeN.js                                                   12.11 kB │ gzip:     3.74 kB
dist/assets/v4/voice-BqPoG3at.js                                                               12.12 kB │ gzip:     4.16 kB
dist/assets/v4/2026-07-02-phase2b-ranking-signals-jZ4LQD2-.js                                  12.14 kB │ gzip:     3.52 kB
dist/assets/v4/agent-limits-card-DXh155Z0.js                                                   12.17 kB │ gzip:     3.26 kB
dist/assets/v4/provider-unavailable-2026-09-12-EUKWb3PG.js                                     12.18 kB │ gzip:     4.67 kB
dist/assets/v4/glossary-TVp7dm4s.js                                                            12.19 kB │ gzip:     5.19 kB
dist/assets/v4/chat-runtime-Dwjz5ss1.js                                                        12.21 kB │ gzip:     5.51 kB
dist/assets/v4/design-tokens-ZV8zrn--.js                                                       12.21 kB │ gzip:     5.26 kB
dist/assets/v4/astro-module-layout-Dz_HC2oE.js                                                 12.22 kB │ gzip:     4.89 kB
dist/assets/v4/design-tokens-Dd-VilxQ.js                                                       12.23 kB │ gzip:     5.27 kB
dist/assets/v4/composer-loader-KWkjQfZb.js                                                     12.28 kB │ gzip:     3.06 kB
dist/assets/v4/LinkButtonProps-_8go5e7I.js                                                     12.30 kB │ gzip:     2.60 kB
dist/assets/v4/customizing-DmIwRelM.js                                                         12.35 kB │ gzip:     3.61 kB
dist/assets/v4/0002-alia-is-a-kaana-consumer-and-future-model-publisher-DUwhssi9.js            12.36 kB │ gzip:     4.04 kB
dist/assets/v4/recovery-CpYsI3a7.js                                                            12.39 kB │ gzip:     5.08 kB
dist/assets/v4/AssetUrlResolutionError-z7WZHUu-.js                                             12.41 kB │ gzip:     2.84 kB
dist/assets/v4/BlogPage-CQtlHNmt.js                                                            12.44 kB │ gzip:     5.08 kB
dist/assets/v4/main-CK6N7UY0.js                                                                12.45 kB │ gzip:     3.69 kB
dist/assets/v4/AccountDialogControllerOptions-BbJHGM7Q.js                                      12.45 kB │ gzip:     3.19 kB
dist/assets/v4/2026-06-28-followed-by-mutuals-design-sK3PXWW7.js                               12.47 kB │ gzip:     3.76 kB
dist/assets/v4/AccountDialogController-Bsur_P93.js                                             12.50 kB │ gzip:     4.73 kB
dist/assets/v4/avatar-DKT0QXfc.js                                                              12.51 kB │ gzip:     3.08 kB
dist/assets/v4/reproducibility-BTj8hiMx.js                                                     12.55 kB │ gzip:     5.38 kB
dist/assets/v4/README-CQhrOBk1.js                                                              12.55 kB │ gzip:     3.80 kB
dist/assets/v4/managed-mention-ijlHIaMD.js                                                     12.56 kB │ gzip:     5.42 kB
dist/assets/v4/federation-behaviors-glYbGZAd.js                                                12.58 kB │ gzip:     5.99 kB
dist/assets/v4/SidebarProps-juAzwHm_.js                                                        12.67 kB │ gzip:     1.86 kB
dist/assets/v4/shell-architecture-Dq4KvsaC.js                                                  12.68 kB │ gzip:     5.20 kB
dist/assets/v4/button-CvQ2HT-l.js                                                              12.72 kB │ gzip:     5.39 kB
dist/assets/v4/ComposerPillProps-CMp3wbeY.js                                                   12.80 kB │ gzip:     1.92 kB
dist/assets/v4/DocsShell-BMLJjJsD.js                                                           12.80 kB │ gzip:     4.81 kB
dist/assets/v4/seo-CIZCczk-.js                                                                 12.83 kB │ gzip:     4.51 kB
dist/assets/v4/date-picker-BFRgnwhW.js                                                         12.86 kB │ gzip:     3.75 kB
dist/assets/v4/naming-CeIuWEX2.js                                                              12.87 kB │ gzip:     5.53 kB
dist/assets/v4/listing-actions-DMocvrfu.js                                                     12.94 kB │ gzip:     2.86 kB
dist/assets/v4/composer-panel-5nGHrxa2.js                                                      12.95 kB │ gzip:     5.53 kB
dist/assets/v4/main-BoOz-4ct.js                                                                12.96 kB │ gzip:     5.24 kB
dist/assets/v4/mentions-bmeZ4eQQ.js                                                            12.97 kB │ gzip:     4.27 kB
dist/assets/v4/0001-clean-break-platform-ILpn55kf.js                                           13.00 kB │ gzip:     5.32 kB
dist/assets/v4/TNPPage-djKiujEb.js                                                             13.01 kB │ gzip:     3.82 kB
dist/assets/v4/dropdown-menu-W03BjV_7.js                                                       13.08 kB │ gzip:     5.26 kB
dist/assets/v4/toast-C7GEVnu9.js                                                               13.10 kB │ gzip:     5.54 kB
dist/assets/v4/AiProfileCardProps-CPBXK-Uw.js                                                  13.13 kB │ gzip:     2.03 kB
dist/assets/v4/2026-07-03-live-room-podcast-stream-design-DhhSHuSe.js                          13.16 kB │ gzip:     5.21 kB
dist/assets/v4/chat-people-CepaxUBj.js                                                         13.18 kB │ gzip:     3.01 kB
dist/assets/v4/relays-DtrPoumy.js                                                              13.22 kB │ gzip:     4.10 kB
dist/assets/v4/PUBLIC_KEY_AUTHENTICATION-BJrc5-_y.js                                           13.41 kB │ gzip:     4.70 kB
dist/assets/v4/sidebar-DW-hdEow.js                                                             13.41 kB │ gzip:     3.43 kB
dist/assets/v4/api-BUwPGKvA.js                                                                 13.45 kB │ gzip:     5.55 kB
dist/assets/v4/frontend-rules-B4vH4Sw9.js                                                      13.49 kB │ gzip:     6.13 kB
dist/assets/v4/AWS_DEPLOYMENT-yy6BuGTY.js                                                      13.50 kB │ gzip:     4.47 kB
dist/assets/v4/settings-modal-BZswEuK5.js                                                      13.50 kB │ gzip:     4.24 kB
dist/assets/v4/ThemeColors-CSRml1PL.js                                                         13.51 kB │ gzip:     1.56 kB
dist/assets/v4/FeatureRequestPage-BfpWPksq.js                                                  13.56 kB │ gzip:     4.88 kB
dist/assets/v4/MeetingSchedulerProps-B_Uh66zy.js                                               13.56 kB │ gzip:     1.93 kB
dist/assets/v4/clean-checkout-preconditions-vtUGWv00.js                                        13.57 kB │ gzip:     5.72 kB
dist/assets/v4/ArticleCommunity-Ba1tC2Sc.js                                                    13.67 kB │ gzip:     5.11 kB
dist/assets/v4/2026-07-02-expandable-text-read-more-design-DuFoyibG.js                         13.68 kB │ gzip:     3.81 kB
dist/assets/v4/namecheap-ClWbJ3ie.js                                                           13.69 kB │ gzip:     5.93 kB
dist/assets/v4/HelpArticlePage-CgDJchdR.js                                                     13.72 kB │ gzip:     4.74 kB
dist/assets/v4/README-Z6Pyvshw.js                                                              13.75 kB │ gzip:     5.32 kB
dist/assets/v4/SurfacePresentation-BTwvadf0.js                                                 13.76 kB │ gzip:     2.86 kB
dist/assets/v4/api-Cd5WaflH.js                                                                 13.77 kB │ gzip:     5.35 kB
dist/assets/v4/upstream-allowlist-and-delta-report-B5TrtxME.js                                 13.80 kB │ gzip:     5.85 kB
dist/assets/v4/architecture-B5PvAOmQ.js                                                        13.82 kB │ gzip:     6.22 kB
dist/assets/v4/compose-intent-CQMf6G9n.js                                                      13.83 kB │ gzip:     3.63 kB
dist/assets/v4/AIModelsPage-BCMB_0hI.js                                                        13.84 kB │ gzip:     5.58 kB
dist/assets/v4/ErrorBoundary-KZGNGpRH.js                                                       13.94 kB │ gzip:     2.64 kB
dist/assets/v4/AIInferencePage-CAIEzaKo.js                                                     14.00 kB │ gzip:     5.36 kB
dist/assets/v4/2026-07-29-pip-session-and-transport-controls-design-C6Q3SsUj.js                14.02 kB │ gzip:     4.52 kB
dist/assets/v4/useFollow-CCEuh167.js                                                           14.10 kB │ gzip:     1.37 kB
dist/assets/v4/README-q8Aibj2w.js                                                              14.12 kB │ gzip:     3.36 kB
dist/assets/v4/text-field-D0jK6v1R.js                                                          14.15 kB │ gzip:     3.46 kB
dist/assets/v4/2026-07-15-mention-edit-profile-screen-design-B_PPaNP2.js                       14.19 kB │ gzip:     4.00 kB
dist/assets/v4/sindi-actions-CcRJL3Ev.js                                                       14.23 kB │ gzip:     6.27 kB
dist/assets/v4/LessonPage-BBucdB7l.js                                                          14.25 kB │ gzip:     5.82 kB
dist/assets/v4/oxy-integration-BhhRambJ.js                                                     14.26 kB │ gzip:     6.04 kB
dist/assets/v4/ARCHITECTURE-BA-f1ZVO.js                                                        14.35 kB │ gzip:     5.94 kB
dist/assets/v4/0012-alia-uses-real-models-CuqUi492.js                                          14.37 kB │ gzip:     4.66 kB
dist/assets/v4/NotFoundPage-0m6xitpN.js                                                        14.41 kB │ gzip:     5.38 kB
dist/assets/v4/fonts-D2i-587g.js                                                               14.43 kB │ gzip:     3.87 kB
dist/assets/v4/toast-CIYqMQNR.js                                                               14.43 kB │ gzip:     6.11 kB
dist/assets/v4/agent-progress-C3TlX0Is.js                                                      14.44 kB │ gzip:     3.96 kB
dist/assets/v4/AvatarProps-BBsiUPz8.js                                                         14.49 kB │ gzip:     2.99 kB
dist/assets/v4/OxyInferenceError-Dy_eLpWT.js                                                   14.49 kB │ gzip:     2.61 kB
dist/assets/v4/creator-studio-rcCYB4Q3.js                                                      14.52 kB │ gzip:     3.44 kB
dist/assets/v4/PhoneMockup-Bm-8dSAV.js                                                         14.64 kB │ gzip:     4.31 kB
dist/assets/v4/HelpPage-V1Gfm9d7.js                                                            14.65 kB │ gzip:     4.62 kB
dist/assets/v4/useAssets-BFZxxJ2s.js                                                           14.67 kB │ gzip:     1.51 kB
dist/assets/v4/listing-details-DmJsup97.js                                                     14.68 kB │ gzip:     3.23 kB
dist/assets/v4/migration-B5eEOPMc.js                                                           14.74 kB │ gzip:     4.40 kB
dist/assets/v4/call-ui-DmendCx1.js                                                             14.82 kB │ gzip:     3.59 kB
dist/assets/v4/downstream-survey-DQkmGmeo.js                                                   14.82 kB │ gzip:     6.53 kB
dist/assets/v4/UseAuthReturn-D_bR6RWj.js                                                       14.87 kB │ gzip:     2.26 kB
dist/assets/v4/product-B41hBsTS.js                                                             14.88 kB │ gzip:     4.72 kB
dist/assets/v4/DialogHeaderConfig-pvRLhfvW.js                                                  14.91 kB │ gzip:     2.90 kB
dist/assets/v4/DISPLAY_NAME_DISALLOWED_SOURCE-9jkDW9Oc.js                                      14.93 kB │ gzip:     4.72 kB
dist/assets/v4/known-defects-CmS63nLL.js                                                       14.96 kB │ gzip:     6.74 kB
dist/assets/v4/AuthCardProps-2hsf1gWg.js                                                       15.00 kB │ gzip:     2.31 kB
dist/assets/v4/ReferralsPage-DLZN-ZPX.js                                                       15.03 kB │ gzip:     5.33 kB
dist/assets/v4/2026-06-28-profile-links-design-C8URHznO.js                                     15.07 kB │ gzip:     4.20 kB
dist/assets/v4/overview-GqT9UBYY.js                                                            15.15 kB │ gzip:     4.04 kB
dist/assets/v4/astro-checkout-mechanism-DSr2K-fc.js                                            15.18 kB │ gzip:     6.12 kB
dist/assets/v4/integrations-Bq5ijGUT.js                                                        15.32 kB │ gzip:     3.76 kB
dist/assets/v4/useUpdateProfile-Bd3oP5gC.js                                                    15.34 kB │ gzip:     1.10 kB
dist/assets/v4/BottomSheetProps-CR_nvMJx.js                                                    15.35 kB │ gzip:     3.28 kB
dist/assets/v4/questionnaire-De0Mq6jU.js                                                       15.38 kB │ gzip:     3.84 kB
dist/assets/v4/2026-07-02-fediverse-sharing-consent-design-DAKgYtZp.js                         15.42 kB │ gzip:     4.94 kB
dist/assets/v4/channels-and-lanes-Nvk_WgOx.js                                                  15.44 kB │ gzip:     6.67 kB
dist/assets/v4/data-table-CkXLAb-g.js                                                          15.44 kB │ gzip:     4.70 kB
dist/assets/v4/postgres-0UXSqkVx.js                                                            15.46 kB │ gzip:     5.51 kB
dist/assets/v4/messaging-audit-IBBwiMCD.js                                                     15.46 kB │ gzip:     5.34 kB
dist/assets/v4/agent-chat-CS5OGZYk.js                                                          15.47 kB │ gzip:     4.92 kB
dist/assets/v4/source-identity-reconciliation-Dgub9wtt.js                                      15.49 kB │ gzip:     6.33 kB
dist/assets/v4/operating-modes-UbwmRsGL.js                                                     15.51 kB │ gzip:     4.51 kB
dist/assets/v4/OxyRuntime-DgDdHsdS.js                                                          15.53 kB │ gzip:     2.66 kB
dist/assets/v4/TYPOGRAPHY-DH0MaJiv.js                                                          15.54 kB │ gzip:     1.57 kB
dist/assets/v4/RecoveryPhraseService-quKFFFVg.js                                               15.54 kB │ gzip:     2.70 kB
dist/assets/v4/moderation-crowdsource-VetSAiWb.js                                              15.55 kB │ gzip:     7.15 kB
dist/assets/v4/frontend-conventions-CBOfJ_SH.js                                                15.57 kB │ gzip:     6.98 kB
dist/assets/v4/AIPricingPage-BX5NQMi-.js                                                       15.66 kB │ gzip:     5.24 kB
dist/assets/v4/CodeaPage-D2tCH_DF.js                                                           15.69 kB │ gzip:     3.73 kB
dist/assets/v4/ContactSalesPage-CVgbjSU7.js                                                    15.72 kB │ gzip:     4.73 kB
dist/assets/v4/DevelopersPage-DBoO6QIS.js                                                      15.72 kB │ gzip:     4.90 kB
dist/assets/v4/fonts-UDZd4ysg.js                                                               15.80 kB │ gzip:     4.41 kB
dist/assets/v4/CommonsPage-DsqlL5Ix.js                                                         15.82 kB │ gzip:     5.99 kB
dist/assets/v4/RangeSliderProps-BGRxwcOg.js                                                    15.87 kB │ gzip:     2.14 kB
dist/assets/v4/app-shell-ChVjYr1Z.js                                                           15.90 kB │ gzip:     4.95 kB
dist/assets/v4/ComposerPanelProps-BjLl4nPM.js                                                  15.90 kB │ gzip:     2.11 kB
dist/assets/v4/deployment-mO3REdXV.js                                                          15.91 kB │ gzip:     7.03 kB
dist/assets/v4/BEST_PRACTICES-jhx2kyEh.js                                                      15.96 kB │ gzip:     4.32 kB
dist/assets/v4/analytics-BuFJGYnV.js                                                           15.98 kB │ gzip:     5.04 kB
dist/assets/v4/0005-product-entitlements-versus-financial-ledger-C-jfTreG.js                   16.04 kB │ gzip:     5.13 kB
dist/assets/v4/onboarding-DZM9FImH.js                                                          16.06 kB │ gzip:     6.03 kB
dist/assets/v4/account-erasure-CkPNbpPk.js                                                     16.24 kB │ gzip:     6.90 kB
dist/assets/v4/select-8W-57Yqv.js                                                              16.30 kB │ gzip:     4.68 kB
dist/assets/v4/chat-composer-DI70kfin.js                                                       16.31 kB │ gzip:     4.09 kB
dist/assets/v4/LiveBridgeSection-DGANh613.js                                                   16.35 kB │ gzip:     5.43 kB
dist/assets/v4/listing-providers-C6SBqNVF.js                                                   16.45 kB │ gzip:     7.07 kB
dist/assets/v4/contributing-DlRxGH3-.js                                                        16.46 kB │ gzip:     4.83 kB
dist/assets/v4/2026-06-01-oxy-multi-identity-profiles-design-CLenwYGb.js                       16.46 kB │ gzip:     6.57 kB
dist/assets/v4/api-reference-CxVTYgza.js                                                       16.51 kB │ gzip:     4.96 kB
dist/assets/v4/EXAMPLES-B6x6mjiK.js                                                            16.55 kB │ gzip:     4.20 kB
dist/assets/v4/glass-Cfti-ye_.js                                                               16.63 kB │ gzip:     4.69 kB
dist/assets/v4/ui-layer-retirement-DX-TxtMj.js                                                 16.67 kB │ gzip:     7.19 kB
dist/assets/v4/0004-product-endpoints-versus-generic-inference-endpoints-BEAkVYOo.js           16.74 kB │ gzip:     4.85 kB
dist/assets/v4/agent-collaboration-BTQSaT2I.js                                                 16.85 kB │ gzip:     5.93 kB
dist/assets/v4/ai-chat-CStVtAXU.js                                                             16.87 kB │ gzip:     5.48 kB
dist/assets/v4/main-DBtftZFF.js                                                                16.88 kB │ gzip:     5.29 kB
dist/assets/v4/AIModelDetailPage-CQjg5kvN.js                                                   16.89 kB │ gzip:     5.98 kB
dist/assets/v4/0001-alia-oxy-kaana-responsibility-boundary-BsQoo5XA.js                         16.96 kB │ gzip:     5.47 kB
dist/assets/v4/2026-07-29-video-playback-authority-and-pip-design-BpjHYGTc.js                  16.96 kB │ gzip:     5.06 kB
dist/assets/v4/composer-panel-DuiLuLCQ.js                                                      17.01 kB │ gzip:     3.04 kB
dist/assets/v4/DataTableProps-D5zqcim_.js                                                      17.01 kB │ gzip:     2.52 kB
dist/assets/v4/dropdown-menu-BUzsJ6H4.js                                                       17.06 kB │ gzip:     5.15 kB
dist/assets/v4/2026-06-01-homiio-agent-earn-screen-CNtp1iz6.js                                 17.07 kB │ gzip:     5.39 kB
dist/assets/v4/main-D48SxXHI.js                                                                17.13 kB │ gzip:     5.24 kB
dist/assets/v4/deployment-iz6Egljx.js                                                          17.18 kB │ gzip:     5.65 kB
dist/assets/v4/pipeline-guards-Dcu74Cmy.js                                                     17.19 kB │ gzip:     7.42 kB
dist/assets/v4/model-abstraction-CRk0i38-.js                                                   17.20 kB │ gzip:     5.18 kB
dist/assets/v4/0003-model-revision-deployment-provider-routing-profile-BCVkZzES.js             17.21 kB │ gzip:     5.21 kB
dist/assets/v4/stay-filters-DMs0oQ8J.js                                                        17.22 kB │ gzip:     3.55 kB
dist/assets/v4/IDEDemoMockup-ynBLwcjW.js                                                       17.25 kB │ gzip:     5.58 kB
dist/assets/v4/ai-chat-BEctNTcU.js                                                             17.33 kB │ gzip:     4.66 kB
dist/assets/v4/threat-model-DhFW2iIA.js                                                        17.41 kB │ gzip:     6.87 kB
dist/assets/v4/security-baseline-C3f8VJQE.js                                                   17.46 kB │ gzip:     2.22 kB
dist/assets/v4/OxyInferenceClient-BIQnpv_o.js                                                  17.46 kB │ gzip:     3.96 kB
dist/assets/v4/build-B0MMMZCc.js                                                               17.48 kB │ gzip:     7.26 kB
dist/assets/v4/es-BdnkOsEN.js                                                                  17.50 kB │ gzip:     5.71 kB
dist/assets/v4/API_REFERENCE-DtIwmgal.js                                                       17.56 kB │ gzip:     4.44 kB
dist/assets/v4/avatar-BiSFs5Gp.js                                                              17.72 kB │ gzip:     4.06 kB
dist/assets/v4/architecture-CseVBi11.js                                                        17.73 kB │ gzip:     7.35 kB
dist/assets/v4/AgentChatProps-Db91t4Uu.js                                                      17.73 kB │ gzip:     2.15 kB
dist/assets/v4/resolution-p9ieSuno.js                                                          17.76 kB │ gzip:     5.47 kB
dist/assets/v4/DocsPage-DPVvLPTo.js                                                            17.79 kB │ gzip:     6.25 kB
dist/assets/v4/roadmap-fvg7Xpdo.js                                                             17.82 kB │ gzip:     5.50 kB
dist/assets/v4/concepts-CkrnaAW5.js                                                            17.90 kB │ gzip:     5.63 kB
dist/assets/v4/geoip-CJIDFNE-.js                                                               17.92 kB │ gzip:     5.78 kB
dist/assets/v4/INTEGRATION_GUIDE-Cp1vYmW2.js                                                   17.97 kB │ gzip:     4.24 kB
dist/assets/v4/calendar-Bop6AX6I.js                                                            18.04 kB │ gzip:     5.15 kB
dist/assets/v4/user-hover-card-L3UKEjFx.js                                                     18.11 kB │ gzip:     5.64 kB
dist/assets/v4/Code.CodeProps-BkHO4NAH.js                                                      18.13 kB │ gzip:     4.31 kB
dist/assets/v4/StatusPage-BelpxPY2.js                                                          18.25 kB │ gzip:     6.66 kB
dist/assets/v4/jev-shadow-evaluation-DTNN6l0w.js                                               18.27 kB │ gzip:     7.72 kB
dist/assets/v4/chat-screen-BfyNqp1y.js                                                         18.27 kB │ gzip:     4.82 kB
dist/assets/v4/managed-mention-BM0cWUUJ.js                                                     18.29 kB │ gzip:     6.19 kB
dist/assets/v4/payments-dA70vrWU.js                                                            18.29 kB │ gzip:     4.46 kB
dist/assets/v4/OxyOSPage-B9c3rXhA.js                                                           18.31 kB │ gzip:     4.82 kB
dist/assets/v4/api-CcJXLtYL.js                                                                 18.31 kB │ gzip:     4.77 kB
dist/assets/v4/security-zv8MJ_-j.js                                                            18.35 kB │ gzip:     5.45 kB
dist/assets/v4/AIPage-Bu_JWKGR.js                                                              18.37 kB │ gzip:     6.36 kB
dist/assets/v4/migrating-to-2.0-Ctq77I-2.js                                                    18.44 kB │ gzip:     4.81 kB
dist/assets/v4/SignatureService-SwSUtQh4.js                                                    18.50 kB │ gzip:     2.89 kB
dist/assets/v4/0010-alia-keeps-a-product-api-credentials-come-from-oxy-console-B6rG0D_U.js     18.55 kB │ gzip:     7.23 kB
dist/assets/v4/main-Bderd_qW.js                                                                18.60 kB │ gzip:     7.93 kB
dist/assets/v4/0006-the-destination-of-api-alia-onl-v1-is-recorded-twice-CLLXPvnC.js           18.65 kB │ gzip:     7.38 kB
dist/assets/v4/ButtonProps-DE0j4m2M.js                                                         18.73 kB │ gzip:     2.98 kB
dist/assets/v4/chat-runtime-C7QBjwgr.js                                                        18.80 kB │ gzip:     6.33 kB
dist/assets/v4/federation-behaviors-BQDqpq5s.js                                                18.83 kB │ gzip:     6.75 kB
dist/assets/v4/README-2vff8DfP.js                                                              18.90 kB │ gzip:     2.53 kB
dist/assets/v4/PartnersPage-BbnZmZxE.js                                                        18.92 kB │ gzip:     6.48 kB
dist/assets/v4/roadmap-Bab0cDor.js                                                             18.95 kB │ gzip:     5.66 kB
dist/assets/v4/FairCoinBridge-D4uvqCMv.js                                                      18.99 kB │ gzip:     6.21 kB
dist/assets/v4/2026-09-05-frontend-and-oxy-efficiency-design-C3EQExi4.js                       18.99 kB │ gzip:     8.77 kB
dist/assets/v4/GETTING_STARTED-OniQBbJm.js                                                     19.08 kB │ gzip:     4.92 kB
dist/assets/v4/audit-2026-08-06-zTny2byJ.js                                                    19.09 kB │ gzip:     8.37 kB
dist/assets/v4/EXAMPLES-Cidutp4A.js                                                            19.38 kB │ gzip:     4.71 kB
dist/assets/v4/sdk-Dq2fB0Qs.js                                                                 19.47 kB │ gzip:     5.80 kB
dist/assets/v4/BloomThemeProviderProps-Cm_Ms0_k.js                                             19.47 kB │ gzip:     2.67 kB
dist/assets/v4/atoms-BCIq_LsW.js                                                               19.55 kB │ gzip:     2.90 kB
dist/assets/v4/shows-dyx4r-yP.js                                                               19.61 kB │ gzip:     8.54 kB
dist/assets/v4/master-PKbgP-hP.js                                                              19.64 kB │ gzip:     5.53 kB
dist/assets/v4/DocsPackageSidebar-DUmkByiy.js                                                  19.82 kB │ gzip:     6.80 kB
dist/assets/v4/location-and-housing-identity-e2e-matrix-ChZMJXC9.js                            19.83 kB │ gzip:     7.71 kB
dist/assets/v4/astro-module-layout-pdtQ2epX.js                                                 19.89 kB │ gzip:     5.78 kB
dist/assets/v4/architecture-DiLTB5-Z.js                                                        20.05 kB │ gzip:     8.72 kB
dist/assets/v4/UserProfilePage-BqhqHjpb.js                                                     20.06 kB │ gzip:     6.65 kB
dist/assets/v4/source-identity-reconciliation-B-UPw8F9.js                                      20.23 kB │ gzip:     7.00 kB
dist/assets/v4/settings-parity-CTyKHxig.js                                                     20.37 kB │ gzip:     2.67 kB
dist/assets/v4/PUBLIC_KEY_AUTHENTICATION-Cy81POTO.js                                           20.44 kB │ gzip:     5.59 kB
dist/assets/v4/2026-08-30-backend-efficiency-design-CDZ-27jq.js                                20.67 kB │ gzip:     6.27 kB
dist/assets/v4/map-contrast-DyzVBDCh.js                                                        20.69 kB │ gzip:     8.74 kB
dist/assets/v4/NewsroomPostPage-agVirlzR.js                                                    20.76 kB │ gzip:     7.48 kB
dist/assets/v4/inventory-parsing-gaps-CijTeqLU.js                                              20.79 kB │ gzip:     6.09 kB
dist/assets/v4/SustainPage-Dnzt30_l.js                                                         20.86 kB │ gzip:     6.74 kB
dist/assets/v4/HomiioPage-D1KdCsZN.js                                                          20.90 kB │ gzip:     6.76 kB
dist/assets/v4/api-reference-DdVBaX4Y.js                                                       20.90 kB │ gzip:     8.47 kB
dist/assets/v4/store-CmI1Lflj.js                                                               20.91 kB │ gzip:     5.05 kB
dist/assets/v4/main-DkFFxPo5.js                                                                20.96 kB │ gzip:     6.01 kB
dist/assets/v4/data-table-CmDeSNey.js                                                          21.02 kB │ gzip:     5.84 kB
dist/assets/v4/glossary-BWsqW3Jx.js                                                            21.17 kB │ gzip:     6.18 kB
dist/assets/v4/dropdown-menu-DqqL6rkT.js                                                       21.19 kB │ gzip:     6.13 kB
dist/assets/v4/source-of-truth-ia1A2ytw.js                                                     21.22 kB │ gzip:     5.09 kB
dist/assets/v4/manifesto-BBgeGVcM.js                                                           21.31 kB │ gzip:     7.60 kB
dist/assets/v4/influence-CwcXvD6i.js                                                           21.36 kB │ gzip:     7.42 kB
dist/assets/v4/frontend-rules-JhrSmrYr.js                                                      21.46 kB │ gzip:     6.87 kB
dist/assets/v4/2026-07-15-memory-screen-redesign-design-Dlq13dDx.js                            21.49 kB │ gzip:     5.95 kB
dist/assets/v4/feed-ranking-f_nAiL9J.js                                                        21.50 kB │ gzip:     9.77 kB
dist/assets/v4/SEO-Ca1TxTCa.js                                                                 21.50 kB │ gzip:     8.09 kB
dist/assets/v4/secp256k1-CCx2kxHW.js                                                           21.50 kB │ gzip:     8.68 kB
dist/assets/v4/reproducibility-mUYtS8i-.js                                                     21.71 kB │ gzip:     6.52 kB
dist/assets/v4/bundle-baseline-DREAN24B.js                                                     21.74 kB │ gzip:     9.40 kB
dist/assets/v4/button-D7OBDgIB.js                                                              21.81 kB │ gzip:     4.80 kB
dist/assets/v4/KeyManager-DH7DVf0X.js                                                          21.84 kB │ gzip:     6.90 kB
dist/assets/v4/dialog-B_-TVJhR.js                                                              21.95 kB │ gzip:     5.00 kB
dist/assets/v4/dialog-QIgjFMJF.js                                                              21.95 kB │ gzip:     5.00 kB
dist/assets/v4/listings-CWOPAGZY.js                                                            21.96 kB │ gzip:     9.43 kB
dist/assets/v4/channels-and-lanes-CdXfsiWX.js                                                  21.99 kB │ gzip:     7.25 kB
dist/assets/v4/recovery-yBNuzGVA.js                                                            22.11 kB │ gzip:     6.31 kB
dist/assets/v4/media-header-5G3rOwKi.js                                                        22.14 kB │ gzip:     3.76 kB
dist/assets/v4/DISPLAY_NAME_ORPHANED_MARK_SOURCE-CeYAq7uL.js                                   22.18 kB │ gzip:     6.64 kB
dist/assets/v4/CalendarViewProps-CUfYvAOB.js                                                   22.23 kB │ gzip:     2.26 kB
dist/assets/v4/threat-model-BVl7bZqb.js                                                        22.25 kB │ gzip:     5.46 kB
dist/assets/v4/upstream-allowlist-and-delta-report-Pl-lJjmA.js                                 22.27 kB │ gzip:     6.71 kB
dist/assets/v4/naming-zk8a24qS.js                                                              22.29 kB │ gzip:     6.67 kB
dist/assets/v4/import-DgZ_p7xx.js                                                              22.33 kB │ gzip:     6.29 kB
dist/assets/v4/iso-build-DF3rwSv3.js                                                           22.34 kB │ gzip:     5.60 kB
dist/assets/v4/moderation-crowdsource-CDe343Y9.js                                              22.49 kB │ gzip:     7.86 kB
dist/assets/v4/FairCoinWallet-D1cf86t8.js                                                      22.65 kB │ gzip:     5.70 kB
dist/assets/v4/sdk-BuOcRxwz.js                                                                 22.65 kB │ gzip:     9.04 kB
dist/assets/v4/architecture-9QfzqL1s.js                                                        22.78 kB │ gzip:     8.97 kB
dist/assets/v4/README-BYtsuYqW.js                                                              22.89 kB │ gzip:     9.41 kB
dist/assets/v4/webui-DnpChb0z.js                                                               22.92 kB │ gzip:     9.63 kB
dist/assets/v4/visual-baseline-BX-8Ve3j.js                                                     23.10 kB │ gzip:    10.09 kB
dist/assets/v4/product-identity-tests-B8A8PYip.js                                              23.21 kB │ gzip:     9.17 kB
dist/assets/v4/architecture-CZKZNxL4.js                                                        23.22 kB │ gzip:     7.27 kB
dist/assets/v4/README-0cCyS1Ex.js                                                              23.23 kB │ gzip:     6.22 kB
dist/assets/v4/0001-clean-break-platform-BL2LxIL4.js                                           23.23 kB │ gzip:     6.20 kB
dist/assets/v4/tools-DU4bDW6Z.js                                                               23.32 kB │ gzip:     6.59 kB
dist/assets/v4/sindi-actions-CUhSpBeH.js                                                       23.33 kB │ gzip:     7.33 kB
dist/assets/v4/migrating-to-1.0-Dvf7hJXF.js                                                    23.42 kB │ gzip:     9.44 kB
dist/assets/v4/main-jQZijwL7.js                                                                23.60 kB │ gzip:     6.04 kB
dist/assets/v4/migrating-to-1.0-CTEOdvhb.js                                                    23.71 kB │ gzip:     9.53 kB
dist/assets/v4/main-DUQ4RhTE.js                                                                23.73 kB │ gzip:     6.22 kB
dist/assets/v4/known-defects-CP-grnOf.js                                                       23.77 kB │ gzip:     7.74 kB
dist/assets/v4/routes--InHjdh4.js                                                              23.80 kB │ gzip:     9.09 kB
dist/assets/v4/jev-shadow-evaluation-CzTVAXSF.js                                               23.91 kB │ gzip:     8.37 kB
dist/assets/v4/User-HoUZ3mWw.js                                                                23.91 kB │ gzip:     3.83 kB
dist/assets/v4/toast-Btgr9zWV.js                                                               23.99 kB │ gzip:     6.70 kB
dist/assets/v4/ADR-0001-chromium-integration-model-3oXGZHwp.js                                 23.99 kB │ gzip:     9.73 kB
dist/assets/v4/account-erasure-B-A2D79-.js                                                     24.05 kB │ gzip:     7.72 kB
dist/assets/v4/chat-list-oIcaWJCY.js                                                           24.26 kB │ gzip:     6.61 kB
dist/assets/v4/main-CpSZoEzl.js                                                                24.28 kB │ gzip:     6.07 kB
dist/assets/v4/oxy-integration-34MuRrrv.js                                                     24.38 kB │ gzip:     7.16 kB
dist/assets/v4/deployment-0vf0XpBk.js                                                          24.46 kB │ gzip:     7.95 kB
dist/assets/v4/useUpdateAccountSettings-xpyvl-DU.js                                            24.54 kB │ gzip:     4.25 kB
dist/assets/v4/text-field-CN1v7NAM.js                                                          24.55 kB │ gzip:     5.58 kB
dist/assets/v4/shell-architecture-D8h1bgpi.js                                                  24.80 kB │ gzip:     6.30 kB
dist/assets/v4/design-tokens-BvVFi5-J.js                                                       24.85 kB │ gzip:     6.25 kB
dist/assets/v4/minimum-chromium-hooks-Dz3rE3tx.js                                              24.88 kB │ gzip:     9.81 kB
dist/assets/v4/design-tokens-BFHD_dW9.js                                                       24.90 kB │ gzip:     6.26 kB
dist/assets/v4/webui-BwvRbjqz.js                                                               25.02 kB │ gzip:    10.52 kB
dist/assets/v4/button-Cmhggb4E.js                                                              25.03 kB │ gzip:     5.04 kB
dist/assets/v4/screenshots-BpAWkzNW.js                                                         25.05 kB │ gzip:     6.09 kB
dist/assets/v4/AstroPage-BBAsY2AA.js                                                           25.09 kB │ gzip:     7.81 kB
dist/assets/v4/astro-checkout-mechanism-BHmpyolr.js                                            25.11 kB │ gzip:     7.02 kB
dist/assets/v4/CompanyPage-C7lnDk9Q.js                                                         25.13 kB │ gzip:     8.83 kB
dist/assets/v4/message-media-DgIinIYT.js                                                       25.14 kB │ gzip:     4.42 kB
dist/assets/v4/AccountDialogController-B3FJHqEv.js                                             25.28 kB │ gzip:     5.69 kB
dist/assets/v4/transport-Bs6R8ekY.js                                                           25.32 kB │ gzip:     5.61 kB
dist/assets/v4/threat-model-Batv1fO2.js                                                        25.54 kB │ gzip:     7.69 kB
dist/assets/v4/2026-07-03-live-room-podcast-stream-design-BxykAdov.js                          25.55 kB │ gzip:     6.13 kB
dist/assets/v4/SessionClient-COGUFI0u.js                                                       25.74 kB │ gzip:     4.63 kB
dist/assets/v4/platform-matrix-BfafMSLS.js                                                     25.94 kB │ gzip:     1.91 kB
dist/assets/v4/downstream-survey-5KvE5DTh.js                                                   26.01 kB │ gzip:     7.38 kB
dist/assets/v4/composer-panel-BYTRx50o.js                                                      26.19 kB │ gzip:     6.57 kB
dist/assets/v4/2026-07-02-fediverse-sharing-consent-BWjeq8_Y.js                                26.30 kB │ gzip:     9.44 kB
dist/assets/v4/toast-CZYlxbd6.js                                                               26.38 kB │ gzip:     7.33 kB
dist/assets/v4/clean-checkout-preconditions-Cgm1PoET.js                                        26.47 kB │ gzip:     6.78 kB
dist/assets/v4/bloom-adoption-CMeNq5OG.js                                                      26.49 kB │ gzip:    10.30 kB
dist/assets/v4/button-BEoE4Hma.js                                                              26.55 kB │ gzip:     6.57 kB
dist/assets/v4/AcademyShell-BbrJNSds.js                                                        26.92 kB │ gzip:     9.75 kB
dist/assets/v4/utils-BA3QiUad.js                                                               27.11 kB │ gzip:     8.68 kB
dist/assets/v4/compatibility-window-DWBf1jyz.js                                                27.22 kB │ gzip:    10.18 kB
dist/assets/v4/chart-cards-D9oqyF6O.js                                                         27.24 kB │ gzip:     6.15 kB
dist/assets/v4/pipeline-guards-BlecaUA-.js                                                     27.29 kB │ gzip:     8.62 kB
dist/assets/v4/services-CJMilupI.js                                                            27.34 kB │ gzip:    11.30 kB
dist/assets/v4/ARCHITECTURE-dTrOaPa_.js                                                        27.63 kB │ gzip:     7.03 kB
dist/assets/v4/icons-6Xx0T9jC.js                                                               27.63 kB │ gzip:     2.79 kB
dist/assets/v4/useCommonSVGProps-piJCugWZ.js                                                   27.79 kB │ gzip:     6.08 kB
dist/assets/v4/api-v1-XTJZtzZF.js                                                              27.87 kB │ gzip:     9.96 kB
dist/assets/v4/Code.PreProps-9IPaML2U.js                                                       28.12 kB │ gzip:     5.01 kB
dist/assets/v4/architecture-OgWIumJ2.js                                                        28.25 kB │ gzip:     8.33 kB
dist/assets/v4/DataTableRowActionProps-DWA-bH16.js                                             28.42 kB │ gzip:     3.37 kB
dist/assets/v4/namecheap-BkN567uR.js                                                           28.56 kB │ gzip:     7.07 kB
dist/assets/v4/listing-providers-w222NN0i.js                                                   28.56 kB │ gzip:     8.13 kB
dist/assets/v4/Icons-CbNmCOJJ.js                                                               28.86 kB │ gzip:     2.85 kB
dist/assets/v4/frontend-conventions-D6i5VrlU.js                                                28.95 kB │ gzip:     8.15 kB
dist/assets/v4/CareersPage-Usdq2v5Z.js                                                         29.25 kB │ gzip:     9.79 kB
dist/assets/v4/CodexExtensionPage-CIa0ee_h.js                                                  29.39 kB │ gzip:     8.07 kB
dist/assets/v4/DISPLAY_NAME_UNFLANKED_SEPARATOR_SOURCE-o5hhgZi2.js                             29.58 kB │ gzip:     7.49 kB
dist/assets/v4/tab-bar-Bn5-G--V.js                                                             29.79 kB │ gzip:    10.84 kB
dist/assets/v4/2026-07-02-videos-performance-D55S87eC.js                                       29.84 kB │ gzip:     8.95 kB
dist/assets/v4/2026-07-03-videos-inline-comments-D09W84cS.js                                   29.85 kB │ gzip:     9.08 kB
dist/assets/v4/agents-BdOMbaIm.js                                                              29.86 kB │ gzip:    12.73 kB
dist/assets/v4/tab-bar-DC63twfT.js                                                             29.92 kB │ gzip:    10.85 kB
dist/assets/v4/build-C_5cjl5G.js                                                               30.05 kB │ gzip:     8.65 kB
dist/assets/v4/api-BeLgCHtz.js                                                                 30.07 kB │ gzip:     6.81 kB
dist/assets/v4/0010-alia-keeps-a-product-api-credentials-come-from-oxy-console-DXC-X_pX.js     30.14 kB │ gzip:     8.20 kB
dist/assets/v4/jobs-ubx5NVvZ.js                                                                30.22 kB │ gzip:    12.46 kB
dist/assets/v4/PERFORMANCE_BUDGETS-CiebBsyg.js                                                 30.30 kB │ gzip:    13.32 kB
dist/assets/v4/epic-139-decisions-QsPetIA4.js                                                  30.33 kB │ gzip:    11.87 kB
dist/assets/v4/DISPLAY_NAME_ORPHANED_MARK_SOURCE-Czoe0grQ.js                                   30.37 kB │ gzip:     6.71 kB
dist/assets/v4/2026-06-01-oxy-multi-identity-profiles-design-BsY49RlJ.js                       30.45 kB │ gzip:     7.72 kB
dist/assets/v4/0006-the-destination-of-api-alia-onl-v1-is-recorded-twice-Cnz_6Jlh.js           30.51 kB │ gzip:     8.37 kB
dist/assets/v4/onboarding-BnT4vMjx.js                                                          30.61 kB │ gzip:     7.18 kB
dist/assets/v4/BrandPage-CmLK4w60.js                                                           30.70 kB │ gzip:     9.90 kB
dist/assets/v4/ComposerAttachmentsProps-DQDXzvcB.js                                            30.72 kB │ gzip:     2.96 kB
dist/assets/v4/main-fc9YXNs1.js                                                                30.81 kB │ gzip:     9.23 kB
dist/assets/v4/ui-layer-retirement-BEPFC1tf.js                                                 30.95 kB │ gzip:     8.53 kB
dist/assets/v4/hooks-CHoPJp6i.js                                                               31.08 kB │ gzip:     8.94 kB
dist/assets/v4/2026-09-05-frontend-and-oxy-efficiency-design-lz4EF0EV.js                       31.17 kB │ gzip:     9.97 kB
dist/assets/v4/feed-ranking-B2MRmDB1.js                                                        31.40 kB │ gzip:    10.69 kB
dist/assets/v4/LinkButtonProps-DZ1Z6OCn.js                                                     31.66 kB │ gzip:     3.58 kB
dist/assets/v4/shows-DSAABCbu.js                                                               32.23 kB │ gzip:     9.83 kB
dist/assets/v4/OxyContextState-BBmJdM1C.js                                                     32.46 kB │ gzip:     4.41 kB
dist/assets/v4/README-DpOSO_OG.js                                                              33.03 kB │ gzip:     2.98 kB
dist/assets/v4/FairCoinUnwrap-DYCpWdum.js                                                      33.06 kB │ gzip:     9.53 kB
dist/assets/v4/ArticleBlocks-BlmiGfDv.js                                                       33.27 kB │ gzip:    10.83 kB
dist/assets/v4/ErrorBoundary-OKA7GPz0.js                                                       33.27 kB │ gzip:     3.90 kB
dist/assets/v4/media-flight-BYARtfCG.js                                                        33.36 kB │ gzip:    13.41 kB
dist/assets/v4/media-flight-CsWzcjgD.js                                                        33.36 kB │ gzip:    13.41 kB
dist/assets/v4/api-kyHGx-mi.js                                                                 33.55 kB │ gzip:     6.53 kB
dist/assets/v4/audit-2026-08-06-B-dfDEp-.js                                                    34.38 kB │ gzip:     9.99 kB
dist/assets/v4/FeatureBoardPage-CyEP3RYk.js                                                    34.65 kB │ gzip:    11.49 kB
dist/assets/v4/architecture-Bojf0ueC.js                                                        35.41 kB │ gzip:    10.25 kB
dist/assets/v4/native-validation-CQhbOdOC.js                                                   35.54 kB │ gzip:    14.68 kB
dist/assets/v4/webui-C984ywdt.js                                                               35.77 kB │ gzip:    10.67 kB
dist/assets/v4/findings-CnKfAxFM.js                                                            36.09 kB │ gzip:    14.48 kB
dist/assets/v4/architecture-D3ntzpji.js                                                        36.69 kB │ gzip:    10.04 kB
dist/assets/v4/2026-07-02-expandable-text-read-more-CcFdisy7.js                                36.73 kB │ gzip:     9.76 kB
dist/assets/v4/location-and-housing-identity-e2e-matrix-DuXloWLh.js                            36.92 kB │ gzip:     8.90 kB
dist/assets/v4/PressableScaleProps-Coj3Zoce.js                                                 37.05 kB │ gzip:     7.10 kB
dist/assets/v4/README-BqKfFJ9T.js                                                              37.19 kB │ gzip:    10.75 kB
dist/assets/v4/webui-aGwoC9Kx.js                                                               37.83 kB │ gzip:    11.51 kB
dist/assets/v4/charter-D5UfAaZt.js                                                             38.01 kB │ gzip:    12.45 kB
dist/assets/v4/queryKeys-B2wiL7Eu.js                                                           38.53 kB │ gzip:     2.72 kB
dist/assets/v4/listings-CWErLYFf.js                                                            39.13 kB │ gzip:    10.85 kB
dist/assets/v4/useAuthMethods-D7cJPCwe.js                                                      39.39 kB │ gzip:     2.48 kB
dist/assets/v4/DISPLAY_NAME_UNFLANKED_SEPARATOR_SOURCE-B_vs3Fob.js                             39.84 kB │ gzip:     7.62 kB
dist/assets/v4/registry-kUtU3gP1.js                                                            40.02 kB │ gzip:     8.75 kB
dist/assets/v4/visual-baseline-BWU_NxCz.js                                                     40.13 kB │ gzip:    11.60 kB
dist/assets/v4/product-identity-tests-BeRR6wTL.js                                              40.21 kB │ gzip:    10.51 kB
dist/assets/v4/MentionPage-D5rKSpyZ.js                                                         40.38 kB │ gzip:    14.80 kB
dist/assets/v4/api-reference-Dv03xjlg.js                                                       40.48 kB │ gzip:     9.83 kB
dist/assets/v4/fediverse-xoEXFPQD.js                                                           40.54 kB │ gzip:    16.16 kB
dist/assets/v4/ADR-0001-chromium-integration-model-B3Ag0J3s.js                                 41.14 kB │ gzip:    11.15 kB
dist/assets/v4/SOCIAL_PROVIDERS-Cxk5UiEA.js                                                    41.19 kB │ gzip:     9.80 kB
dist/assets/v4/housing-parity-CD1iO-Eh.js                                                      41.23 kB │ gzip:    16.95 kB
dist/assets/v4/critical-subset-for-schemes-B_KOdaVh.js                                         41.29 kB │ gzip:    15.68 kB
dist/assets/v4/sdk-DDmttCUU.js                                                                 41.55 kB │ gzip:    10.30 kB
dist/assets/v4/runtime-baseline-Cw4_8YAY.js                                                    41.62 kB │ gzip:    17.08 kB
dist/assets/v4/vendor-react-BFNP8-VH.js                                                        41.82 kB │ gzip:    14.93 kB
dist/assets/v4/esm-D2I4FEuH.js                                                                 41.98 kB │ gzip:    13.09 kB
dist/assets/v4/media-card-u2ELce2U.js                                                          42.46 kB │ gzip:     4.18 kB
dist/assets/v4/changelog-loader-8cB5wlZf.js                                                    42.53 kB │ gzip:    13.80 kB
dist/assets/v4/compatibility-window-SNv6FhUr.js                                                42.69 kB │ gzip:    11.54 kB
dist/assets/v4/API_REFERENCE-CAyjvtpV.js                                                       42.72 kB │ gzip:     5.77 kB
dist/assets/v4/ownership-D8_wFX62.js                                                           42.91 kB │ gzip:    17.10 kB
dist/assets/v4/DashboardPage-BsxQkwrx.js                                                       43.39 kB │ gzip:    16.07 kB
dist/assets/v4/services-D04czk7F.js                                                            43.58 kB │ gzip:    12.75 kB
dist/assets/v4/minimum-chromium-hooks-Bxk7A8Xz.js                                              44.34 kB │ gzip:    11.22 kB
dist/assets/v4/build-pipeline-E-3BsQ9P.js                                                      45.35 kB │ gzip:    18.50 kB
dist/assets/v4/agents-DReJ1W4r.js                                                              45.85 kB │ gzip:    14.15 kB
dist/assets/v4/BloomComponentPage-DjRGSTX-.js                                                  46.04 kB │ gzip:    13.23 kB
dist/assets/v4/BloomPage-YSUAtHvw.js                                                           46.07 kB │ gzip:    14.67 kB
dist/assets/v4/crypto-DqrlbjzB.js                                                              46.58 kB │ gzip:    17.55 kB
dist/assets/v4/OxyInferenceClient-DqSzkHB2.js                                                  46.66 kB │ gzip:     5.11 kB
dist/assets/v4/KeyManager-OTUTadLV.js                                                          46.75 kB │ gzip:     8.45 kB
dist/assets/v4/bundle-baseline-CkKf-ohy.js                                                     47.16 kB │ gzip:    11.42 kB
dist/assets/v4/patch-retirement-D325mjgg.js                                                    48.35 kB │ gzip:    18.25 kB
dist/assets/v4/2026-07-15-mention-edit-profile-screen-CABG0N90.js                              48.57 kB │ gzip:    12.71 kB
dist/assets/v4/tools-DtmtTxib.js                                                               48.59 kB │ gzip:     7.77 kB
dist/assets/v4/tab-bar-WcA0qIQk.js                                                             48.62 kB │ gzip:    12.43 kB
dist/assets/v4/2026-07-03-videos-inline-comments-uaX3xfDg.js                                   48.63 kB │ gzip:    10.21 kB
dist/assets/v4/tab-bar-CHUDxaKy.js                                                             48.75 kB │ gzip:    12.42 kB
dist/assets/v4/BloomColorSystemPage-CloWMf1a.js                                                48.80 kB │ gzip:    16.32 kB
dist/assets/v4/2026-07-02-fediverse-sharing-consent-Cxg3u3D6.js                                49.08 kB │ gzip:    10.92 kB
dist/assets/v4/migrating-to-1.0-nQyoDJld.js                                                    49.48 kB │ gzip:    11.59 kB
dist/assets/v4/migrating-to-1.0-CdLN40_R.js                                                    49.86 kB │ gzip:    11.69 kB
dist/assets/v4/README-VTAMQxHC.js                                                              50.20 kB │ gzip:     6.83 kB
dist/assets/v4/FairCoinBuy-DOK9KPaQ.js                                                         50.33 kB │ gzip:    16.64 kB
dist/assets/v4/media-flight-DzDHj8Fp.js                                                        50.55 kB │ gzip:    15.53 kB
dist/assets/v4/media-flight-y3wgPm5E.js                                                        50.55 kB │ gzip:    15.53 kB
dist/assets/v4/Icons-Bzav52Gm.js                                                               50.58 kB │ gzip:     3.41 kB
dist/assets/v4/Code.CodeProps-DBqnCLu6.js                                                      50.96 kB │ gzip:     6.05 kB
dist/assets/v4/2026-07-02-videos-performance-I0HTO0xF.js                                       51.83 kB │ gzip:    10.28 kB
dist/assets/v4/product-manifest-e0L3xKH6.js                                                    52.03 kB │ gzip:    19.94 kB
dist/assets/v4/chart-cards-CSm2JgEf.js                                                         52.27 kB │ gzip:     9.14 kB
dist/assets/v4/epic-139-decisions-DWG5IJuZ.js                                                  52.36 kB │ gzip:    13.70 kB
dist/assets/v4/jobs-BsZ3M0my.js                                                                53.43 kB │ gzip:    14.34 kB
dist/assets/v4/PERFORMANCE_BUDGETS-Dyrak5c4.js                                                 53.68 kB │ gzip:    14.97 kB
dist/assets/v4/BloomDemos-DqZlkian.js                                                          55.53 kB │ gzip:    21.20 kB
dist/assets/v4/2026-07-02-expandable-text-read-more-DXiIoxWd.js                                57.14 kB │ gzip:    10.93 kB
dist/assets/v4/FairCoinLanding-D_HCg5DI.js                                                     57.17 kB │ gzip:    16.03 kB
dist/assets/v4/native-validation-Q64k-V8Z.js                                                   57.42 kB │ gzip:    16.58 kB
dist/assets/v4/api-v1-CSVX55R-.js                                                              57.57 kB │ gzip:    11.71 kB
dist/assets/v4/astro-scheme-hooks-V0FKU9my.js                                                  58.05 kB │ gzip:    19.69 kB
dist/assets/v4/findings-D2KyUuwH.js                                                            59.59 kB │ gzip:    16.52 kB
dist/assets/v4/bloom-adoption-B1OyS1jH.js                                                      59.60 kB │ gzip:    12.35 kB
dist/assets/v4/routes-BfEEoF3z.js                                                              60.00 kB │ gzip:    10.95 kB
dist/assets/v4/chrome-scheme-extinction-CyaiQXg-.js                                            62.07 kB │ gzip:    22.08 kB
dist/assets/v4/feature-manifest-CXZ5t5qX.js                                                    62.09 kB │ gzip:    16.08 kB
dist/assets/v4/build-pipeline-C-WClVrd.js                                                      62.85 kB │ gzip:    19.70 kB
dist/assets/v4/fediverse-pgnKRMky.js                                                           63.27 kB │ gzip:    18.01 kB
dist/assets/v4/feature-matrix-BU71dRKw.js                                                      63.72 kB │ gzip:    19.08 kB
dist/assets/v4/crypto-BhFpHrGx.js                                                              65.86 kB │ gzip:    19.20 kB
dist/assets/v4/0001-canonical-housing-graph-CvJlzYIT.js                                        66.21 kB │ gzip:    24.36 kB
dist/assets/v4/Code.PreProps-C_cgL9RI.js                                                       67.99 kB │ gzip:     6.84 kB
dist/assets/v4/housing-parity-WTh3S8Nm.js                                                      69.04 kB │ gzip:    19.01 kB
dist/assets/v4/ownership-CzZiR_84.js                                                           69.53 kB │ gzip:    19.28 kB
dist/assets/v4/critical-subset-for-schemes-Is_-r1Wu.js                                         69.60 kB │ gzip:    17.94 kB
dist/assets/v4/0004-local-explainable-pricing-BOHKDTsa.js                                      71.49 kB │ gzip:    27.36 kB
dist/assets/v4/SOCIAL_PROVIDERS-mBLQyHZL.js                                                    71.55 kB │ gzip:    11.30 kB
dist/assets/v4/0003-privacy-verification-publication-VlesMueM.js                               73.08 kB │ gzip:    27.25 kB
dist/assets/v4/epic-139-status-Bbh8QXyJ.js                                                     74.16 kB │ gzip:    29.28 kB
dist/assets/v4/network-endpoints-CM-osStv.js                                                   74.97 kB │ gzip:    10.29 kB
dist/assets/v4/runtime-baseline-BGID87wx.js                                                    75.00 kB │ gzip:    19.84 kB
dist/assets/v4/2026-07-15-mention-edit-profile-screen-DMA1lGhE.js                              76.81 kB │ gzip:    14.30 kB
dist/assets/v4/useUpdateAccountSettings-C1jxZo7-.js                                            78.16 kB │ gzip:     7.18 kB
dist/assets/v4/AnimatedTitle-aZgxHppb.js                                                       79.16 kB │ gzip:    31.36 kB
dist/assets/v4/useCommonSVGProps-Dmbl0pa2.js                                                   81.12 kB │ gzip:     8.82 kB
dist/assets/v4/PeablePage-BWyriSdn.js                                                          81.54 kB │ gzip:    25.09 kB
dist/assets/v4/atoms-Cf0ZFyQY.js                                                               82.09 kB │ gzip:     5.06 kB
dist/assets/v4/matter-BrWy9y_k.js                                                              83.97 kB │ gzip:    26.26 kB
dist/assets/v4/vendor-carousel-CwD4NFbE.js                                                     85.43 kB │ gzip:    26.59 kB
dist/assets/v4/README-X7v6A0rk.js                                                              86.90 kB │ gzip:     7.48 kB
dist/assets/v4/0002-location-and-search-contract-CJG8e2bS.js                                   91.99 kB │ gzip:    34.29 kB
dist/assets/v4/patch-retirement-D4nGX5PK.js                                                    92.61 kB │ gzip:    21.89 kB
dist/assets/v4/product-manifest-D3LrZMyu.js                                                    92.84 kB │ gzip:    23.04 kB
dist/assets/v4/PressableScaleProps-D1YQ0TYU.js                                                 94.88 kB │ gzip:    10.13 kB
dist/assets/v4/README-BuuQ9Sin.js                                                              96.26 kB │ gzip:    11.17 kB
dist/assets/v4/catalogPreviews-C-y6brm6.js                                                    107.08 kB │ gzip:    25.77 kB
dist/assets/v4/feature-manifest-MAe4Yoe9.js                                                   107.18 kB │ gzip:    18.27 kB
dist/assets/v4/patch-inventory-BUhFhaXP.js                                                    107.97 kB │ gzip:    19.68 kB
dist/assets/v4/astro-scheme-hooks-BCWAiKBY.js                                                 110.19 kB │ gzip:    23.55 kB
dist/assets/v4/chrome-scheme-extinction-CRGaPxfk.js                                           112.94 kB │ gzip:    26.46 kB
dist/assets/v4/0001-canonical-housing-graph-QrQoul-J.js                                       117.31 kB │ gzip:    28.97 kB
dist/assets/v4/feature-matrix-D4mU5N7g.js                                                     120.09 kB │ gzip:    21.99 kB
dist/assets/v4/useAuthMethods-3OaX24UI.js                                                     120.20 kB │ gzip:     5.16 kB
dist/assets/v4/0004-local-explainable-pricing-CHcAzAC7.js                                     120.59 kB │ gzip:    31.18 kB
dist/assets/v4/epic-139-status-kT3z4nWS.js                                                    130.33 kB │ gzip:    33.92 kB
dist/assets/v4/network-endpoints-BDi-k6UV.js                                                  130.63 kB │ gzip:    12.82 kB
dist/assets/v4/0003-privacy-verification-publication-yEM-xcIW.js                              131.62 kB │ gzip:    32.13 kB
dist/assets/v4/vendor-motion-B3YmSgaX.js                                                      142.19 kB │ gzip:    46.91 kB
dist/assets/v4/2026-07-15-memory-screen-redesign-Dy_BKg6B.js                                  142.56 kB │ gzip:    33.75 kB
dist/assets/v4/lib-D5haYIjo.js                                                                153.37 kB │ gzip:    45.57 kB
dist/assets/v4/main-BRzRZCHc.js                                                               154.70 kB │ gzip:    53.19 kB
dist/assets/v4/0002-location-and-search-contract-LV6Gsmv1.js                                  159.96 kB │ gzip:    40.00 kB
dist/assets/v4/README-DaTxrcKl.js                                                             168.94 kB │ gzip:    12.08 kB
dist/assets/v4/AdminPage-BSBC93oL.js                                                          170.93 kB │ gzip:    40.03 kB
dist/assets/v4/2026-07-15-memory-screen-redesign-CMx_LaXL.js                                  181.17 kB │ gzip:    36.20 kB
dist/assets/v4/patch-inventory-Dnf8Yjml.js                                                    198.03 kB │ gzip:    22.56 kB
dist/assets/v4/vendor-wallet-BZ_QFdpg.js                                                      198.18 kB │ gzip:    57.54 kB
dist/assets/v4/esm-VC7v890G.js                                                                200.59 kB │ gzip:    45.69 kB
dist/assets/v4/OxyServices-DH0sFqRX.js                                                        256.10 kB │ gzip:    63.13 kB
dist/assets/v4/i18n-DsppAGX8.js                                                               559.22 kB │ gzip:   191.89 kB
dist/assets/v4/LiveGlobe-DVkEFfhx.js                                                          572.78 kB │ gzip:   184.16 kB
dist/assets/v4/OxyServices-Bi4SljOz.js                                                        608.71 kB │ gzip:    84.49 kB
dist/assets/v4/openapi-DiakndGk.js                                                            703.76 kB │ gzip:    85.89 kB
dist/assets/v4/DocsIntroPage-CwIQKG7Q.js                                                      729.91 kB │ gzip:    99.92 kB
dist/assets/v4/vendor-three-CCAWCwz1.js                                                     1,324.49 kB │ gzip:   350.37 kB
dist/assets/v4/Footer-BE0hPYha.js                                                           1,508.64 kB │ gzip:   264.24 kB
dist/assets/v4/vendor-scalar-BN7TxMi4.js                                                    3,844.38 kB │ gzip: 1,154.39 kB
dist/assets/v4/vendor-oxy-C1uaej5e.js                                                       6,089.17 kB │ gzip: 1,948.92 kB

[33m[EVAL] [0mUse of direct `eval` function is strongly discouraged as it poses security risks and may cause issues with minification.
       [38;5;246m╭[0m[38;5;246m─[0m[38;5;246m[[0m node_modules/lottie-web/build/player/lottie.js:14422:33 [38;5;246m][0m
       [38;5;246m│[0m
 [38;5;246m14422 │[0m [38;5;249m [0m[38;5;249m [0m[38;5;249m [0m[38;5;249m [0m[38;5;249m [0m[38;5;249m [0m[38;5;249mv[0m[38;5;249ma[0m[38;5;249mr[0m[38;5;249m [0m[38;5;249me[0m[38;5;249mx[0m[38;5;249mp[0m[38;5;249mr[0m[38;5;249me[0m[38;5;249ms[0m[38;5;249ms[0m[38;5;249mi[0m[38;5;249mo[0m[38;5;249mn[0m[38;5;249m_[0m[38;5;249mf[0m[38;5;249mu[0m[38;5;249mn[0m[38;5;249mc[0m[38;5;249mt[0m[38;5;249mi[0m[38;5;249mo[0m[38;5;249mn[0m[38;5;249m [0m[38;5;249m=[0m[38;5;249m [0meval[38;5;249m([0m[38;5;249m'[0m[38;5;249m[[0m[38;5;249mf[0m[38;5;249mu[0m[38;5;249mn[0m[38;5;249mc[0m[38;5;249mt[0m[38;5;249mi[0m[38;5;249mo[0m[38;5;249mn[0m[38;5;249m [0m[38;5;249m_[0m[38;5;249me[0m[38;5;249mx[0m[38;5;249mp[0m[38;5;249mr[0m[38;5;249me[0m[38;5;249ms[0m[38;5;249ms[0m[38;5;249mi[0m[38;5;249mo[0m[38;5;249mn[0m[38;5;249m_[0m[38;5;249mf[0m[38;5;249mu[0m[38;5;249mn[0m[38;5;249mc[0m[38;5;249mt[0m[38;5;249mi[0m[38;5;249mo[0m[38;5;249mn[0m[38;5;249m([0m[38;5;249m)[0m[38;5;249m{[0m[38;5;249m'[0m[38;5;249m [0m[38;5;249m+[0m[38;5;249m [0m[38;5;249mv[0m[38;5;249ma[0m[38;5;249ml[0m[38;5;249m [0m[38;5;249m+[0m[38;5;249m [0m[38;5;249m'[0m[38;5;249m;[0m[38;5;249ms[0m[38;5;249mc[0m[38;5;249mo[0m[38;5;249mp[0m[38;5;249me[0m[38;5;249md[0m[38;5;249m_[0m[38;5;249mb[0m[38;5;249mm[0m[38;5;249m_[0m[38;5;249mr[0m[38;5;249mt[0m[38;5;249m=[0m[38;5;249m$[0m[38;5;249mb[0m[38;5;249mm[0m[38;5;249m_[0m[38;5;249mr[0m[38;5;249mt[0m[38;5;249m}[0m[38;5;249m][0m[38;5;249m'[0m[38;5;249m)[0m[38;5;249m[[0m[38;5;249m0[0m[38;5;249m][0m[38;5;249m;[0m[38;5;249m [0m[38;5;249m/[0m[38;5;249m/[0m[38;5;249m [0m[38;5;249me[0m[38;5;249ms[0m[38;5;249ml[0m[38;5;249mi[0m[38;5;249mn[0m[38;5;249mt[0m[38;5;249m-[0m[38;5;249md[0m[38;5;249mi[0m[38;5;249ms[0m[38;5;249ma[0m[38;5;249mb[0m[38;5;249ml[0m[38;5;249me[0m[38;5;249m-[0m[38;5;249ml[0m[38;5;249mi[0m[38;5;249mn[0m[38;5;249me[0m[38;5;249m [0m[38;5;249mn[0m[38;5;249mo[0m[38;5;249m-[0m[38;5;249me[0m[38;5;249mv[0m[38;5;249ma[0m[38;5;249ml[0m
 [38;5;240m      │[0m                                 ──┬─  
 [38;5;240m      │[0m                                   ╰─── Use of direct `eval` here.
 [38;5;240m      │[0m 
 [38;5;240m      │[0m [38;5;115mHelp[0m: Consider using indirect eval. For more information, check the documentation: https://rolldown.rs/guide/troubleshooting#avoiding-direct-eval
[38;5;246m───────╯[0m

[plugin builtin:vite-reporter] 
(!) Some chunks are larger than 1500 kB after minification. Consider:
- Using dynamic import() to code-split the application
- Use build.rolldownOptions.output.codeSplitting to improve chunking: https://rolldown.rs/reference/OutputOptions.codeSplitting
- Adjust chunk size limit for this warning via build.chunkSizeWarningLimit.
[33m[PLUGIN_TIMINGS] [0mYour build spent significant time in plugins. Here is a breakdown:
  - vite-plugin-svgr (60%)
  - mdx-headings (10%)
  - reanimated-jsx (8%)
  - oxy-so-reanimated-worklets (8%)
  - vite:asset (7%)
See https://rolldown.rs/reference/InputOptions.checks#plugintimings for more details.

✓ built in 32.77s

✨ [36m[vite-plugin-image-optimizer][39m - optimized images successfully: 
[2mdist[22m/[94massets/v4/avatar-athina-Brd15tWy.jpg[39m                [90m[32m-1%[39m[90m     [39m [2m6.35 kB ⭢  6.31 kB[22m
[2mdist[22m/[94massets/v4/avatar-joan-CVN4q6Bq.jpg[39m                  [90m[32m0%[39m[90m      [39m [33m[1mskipped[22m[39m [2moriginal: 6.35 kB <= optimized: 6.40 kB[22m
[2mdist[22m/[94massets/v4/avatar-vecna-l-NtTSw-.png[39m                 [90m[32m-20%[39m[90m    [39m [2m20.34 kB ⭢  16.30 kB[22m
[2mdist[22m/[94massets/v4/avatar-nate-BwACWFCq.jpg[39m                  [90m[32m-11%[39m[90m    [39m [2m14.47 kB ⭢  12.96 kB[22m
[2mdist[22m/[94massets/v4/avatar-oxy-ChTp2w1l.jpg[39m                   [90m[32m-24%[39m[90m    [39m [2m22.88 kB ⭢  17.58 kB[22m
[2mdist[22m/[94massets/v4/gaudi-Bpjw_vC0.jpg[39m                        [90m[32m-2%[39m[90m     [39m [2m78.57 kB ⭢  77.25 kB[22m
[2mdist[22m/[94massets/v4/industria-BF1uFaoH.jpg[39m                    [90m[32m-1%[39m[90m     [39m [2m53.90 kB ⭢  53.64 kB[22m
[2mdist[22m/[94massets/v4/post-nate-CiYl2_TQ.jpg[39m                    [90m[31m+7%[39m[90m      [39m [33m[1mskipped[22m[39m [2moriginal: 63.76 kB <= optimized: 68.66 kB[22m
[2mdist[22m/[94massets/v4/phone-BiPhKU3t.png[39m                        [90m[31m+18%[39m[90m     [39m [33m[1mskipped[22m[39m [2moriginal: 8.51 kB <= optimized: 10.06 kB[22m
[2mdist[22m/[94massets/v4/post-oxy-CFUwzdXc.jpg[39m                     [90m[31m+7%[39m[90m      [39m [33m[1mskipped[22m[39m [2moriginal: 36.06 kB <= optimized: 38.79 kB[22m
[2mdist[22m/[94massets/v4/manso-BCEtQk0T.jpeg[39m                       [90m[31m+18%[39m[90m     [39m [33m[1mskipped[22m[39m [2moriginal: 139.34 kB <= optimized: 165.08 kB[22m
[2mdist[22m/[94massets/v4/logo-CyYZ9L_6.png[39m                         [90m[31m+3%[39m[90m      [39m [33m[1mskipped[22m[39m [2moriginal: 114.67 kB <= optimized: 118.68 kB[22m
[2mdist[22m/[94massets/v4/sandra-s0C3-Ttm.jpg[39m                       [90m[32m-27%[39m[90m    [39m [2m37.96 kB ⭢  27.99 kB[22m
[2mdist[22m/[94massets/v4/post-oxy2-CzlTSj4H.jpg[39m                    [90m[32m-2%[39m[90m     [39m [2m57.37 kB ⭢  56.76 kB[22m
[2mdist[22m/[94massets/v4/sant-antoni-CQ2MD0ah.jpg[39m                  [90m[32m-1%[39m[90m     [39m [2m62.74 kB ⭢  62.74 kB[22m
[2mdist[22m/[94massets/v4/slide-1-CPYeLD4l.jpg[39m                      [90m[31m+8%[39m[90m      [39m [33m[1mskipped[22m[39m [2moriginal: 99.78 kB <= optimized: 108.25 kB[22m
[2mdist[22m/[94massets/v4/roger-lluria-DwBrgsOi.jpg[39m                 [90m[31m+4%[39m[90m      [39m [33m[1mskipped[22m[39m [2moriginal: 152.41 kB <= optimized: 158.55 kB[22m
[2mdist[22m/[94massets/v4/sky-BnlV55XI.jpg[39m                          [90m[32m-1%[39m[90m     [39m [2m65.74 kB ⭢  65.24 kB[22m
[2mdist[22m/[94massets/v4/slide-2-BAN8I4Iy.jpg[39m                      [90m[31m+10%[39m[90m     [39m [33m[1mskipped[22m[39m [2moriginal: 85.85 kB <= optimized: 95.09 kB[22m
[2mdist[22m/[94massets/v4/slide-3-Bp5gr1Be.jpg[39m                      [90m[31m+12%[39m[90m     [39m [33m[1mskipped[22m[39m [2moriginal: 57.80 kB <= optimized: 65.26 kB[22m
[2mdist[22m/[94massets/v4/slide-4-DSNFt0xP.jpg[39m                      [90m[31m+15%[39m[90m     [39m [33m[1mskipped[22m[39m [2moriginal: 45.54 kB <= optimized: 52.61 kB[22m
[2mdist[22m/[94massets/v4/torrent-olla-B9mvHBHf.jpg[39m                 [90m[32m0%[39m[90m      [39m [33m[1mskipped[22m[39m [2moriginal: 41.89 kB <= optimized: 42.11 kB[22m
[2mdist[22m/[94massets/v4/teresa-pamies-26MCy0Ju.jpg[39m                [90m[32m0%[39m[90m      [39m [33m[1mskipped[22m[39m [2moriginal: 52.13 kB <= optimized: 52.16 kB[22m
[2mdist[22m/[94massets/v4/post-upsidedown-DTiUV5oV.webp[39m             [90m[32m-10%[39m[90m    [39m [2m39.39 kB ⭢  35.53 kB[22m
[2mdist[22m/[94mfavicon-faircoin.svg[39m                                [90m[32m-9%[39m[90m     [39m [2m0.21 kB ⭢  0.19 kB[22m
[2mdist[22m/[94mfavicon.svg[39m                                         [90m[32m-75%[39m[90m    [39m [2m23.48 kB ⭢  6.06 kB[22m
[2mdist[22m/[94micons/arrow-left.svg[39m                                [90m[32m-6%[39m[90m     [39m [2m0.20 kB ⭢  0.19 kB[22m
[2mdist[22m/[94micons/arrow-right-top-alt.svg[39m                       [90m[32m-7%[39m[90m     [39m [2m0.19 kB ⭢  0.18 kB[22m
[2mdist[22m/[94micons/arrow-right.svg[39m                               [90m[32m-7%[39m[90m     [39m [2m0.20 kB ⭢  0.18 kB[22m
[2mdist[22m/[94micons/check.svg[39m                                     [90m[32m-1%[39m[90m     [39m [2m0.18 kB ⭢  0.18 kB[22m
[2mdist[22m/[94micons/chevron-down.svg[39m                              [90m[32m-1%[39m[90m     [39m [2m0.18 kB ⭢  0.18 kB[22m
[2mdist[22m/[94micons/download.svg[39m                                  [90m[32m-12%[39m[90m    [39m [2m0.22 kB ⭢  0.19 kB[22m
[2mdist[22m/[94micons/minus.svg[39m                                     [90m[32m-1%[39m[90m     [39m [2m0.15 kB ⭢  0.15 kB[22m
[2mdist[22m/[94micons/arrow-top.svg[39m                                 [90m[32m-7%[39m[90m     [39m [2m0.20 kB ⭢  0.18 kB[22m
[2mdist[22m/[94micons.svg[39m                                           [90m[32m-100%[39m[90m   [39m [2m4.91 kB ⭢  0.04 kB[22m
[2mdist[22m/[94mimages/apps/alia-corner.svg[39m                         [90m[32m-47%[39m[90m    [39m [2m2.48 kB ⭢  1.33 kB[22m
[2mdist[22m/[94mimages/apps/academy.svg[39m                             [90m[32m-29%[39m[90m    [39m [2m1.20 kB ⭢  0.86 kB[22m
[2mdist[22m/[94mimages/apps/alia-dropdown.svg[39m                       [90m[32m-39%[39m[90m    [39m [2m2.31 kB ⭢  1.42 kB[22m
[2mdist[22m/[94mimages/apps/alia-mark.svg[39m                           [90m[32m-43%[39m[90m    [39m [2m2.30 kB ⭢  1.31 kB[22m
[2mdist[22m/[94mimages/apps/alia.svg[39m                                [90m[32m-10%[39m[90m    [39m [2m2.41 kB ⭢  2.18 kB[22m
[2mdist[22m/[94mimages/apps/allo-corner.svg[39m                         [90m[32m-4%[39m[90m     [39m [2m0.52 kB ⭢  0.50 kB[22m
[2mdist[22m/[94mimages/apps/api-reference.svg[39m                       [90m[32m-28%[39m[90m    [39m [2m2.28 kB ⭢  1.67 kB[22m
[2mdist[22m/[94mimages/apps/astro.svg[39m                               [90m[32m-43%[39m[90m    [39m [2m0.81 kB ⭢  0.46 kB[22m
[2mdist[22m/[94mimages/apps/auth.svg[39m                                [90m[32m-21%[39m[90m    [39m [2m1.86 kB ⭢  1.48 kB[22m
[2mdist[22m/[94mimages/apps/business.svg[39m                            [90m[32m-32%[39m[90m    [39m [2m1.27 kB ⭢  0.87 kB[22m
[2mdist[22m/[94mimages/apps/console.svg[39m                             [90m[32m-44%[39m[90m    [39m [2m18.84 kB ⭢  10.65 kB[22m
[2mdist[22m/[94mimages/apps/developer-platform.svg[39m                  [90m[32m-50%[39m[90m    [39m [2m0.83 kB ⭢  0.42 kB[22m
[2mdist[22m/[94mimages/apps/faircoin-corner.svg[39m                     [90m[32m-45%[39m[90m    [39m [2m1.71 kB ⭢  0.95 kB[22m
[2mdist[22m/[94mimages/apps/faircoin-wallet.svg[39m                     [90m[32m-67%[39m[90m    [39m [2m13.65 kB ⭢  4.58 kB[22m
[2mdist[22m/[94mimages/apps/faircoin.svg[39m                            [90m[32m-41%[39m[90m    [39m [2m1.67 kB ⭢  1.00 kB[22m
[2mdist[22m/[94mimages/apps/founding-charter.svg[39m                    [90m[32m-30%[39m[90m    [39m [2m1.44 kB ⭢  1.02 kB[22m
[2mdist[22m/[94mimages/apps/help-center.svg[39m                         [90m[32m-38%[39m[90m    [39m [2m1.45 kB ⭢  0.90 kB[22m
[2mdist[22m/[94mimages/apps/initiative.svg[39m                          [90m[32m-51%[39m[90m    [39m [2m1.97 kB ⭢  0.98 kB[22m
[2mdist[22m/[94mimages/apps/inbox.svg[39m                               [90m[32m-13%[39m[90m    [39m [2m2.31 kB ⭢  2.02 kB[22m
[2mdist[22m/[94mimages/apps/mention-corner.svg[39m                      [90m[32m-7%[39m[90m     [39m [2m1.12 kB ⭢  1.05 kB[22m
[2mdist[22m/[94mimages/apps/manifesto.svg[39m                           [90m[32m-22%[39m[90m    [39m [2m1.91 kB ⭢  1.49 kB[22m
[2mdist[22m/[94mimages/apps/mention.svg[39m                             [90m[32m-4%[39m[90m     [39m [2m1.03 kB ⭢  0.99 kB[22m
[2mdist[22m/[94mimages/apps/mercaria-corner.svg[39m                     [90m[32m-17%[39m[90m    [39m [2m0.56 kB ⭢  0.46 kB[22m
[2mdist[22m/[94mimages/apps/mercaria.svg[39m                            [90m[32m-45%[39m[90m    [39m [2m0.83 kB ⭢  0.46 kB[22m
[2mdist[22m/[94mimages/apps/oxy-ai.svg[39m                              [90m[32m-50%[39m[90m    [39m [2m19.70 kB ⭢  9.93 kB[22m
[2mdist[22m/[94mimages/apps/partner-programs.svg[39m                    [90m[32m-24%[39m[90m    [39m [2m2.67 kB ⭢  2.04 kB[22m
[2mdist[22m/[94mimages/apps/status.svg[39m                              [90m[32m-50%[39m[90m    [39m [2m1.03 kB ⭢  0.52 kB[22m
[2mdist[22m/[94mimages/apps/transparency.svg[39m                        [90m[32m-52%[39m[90m    [39m [2m0.82 kB ⭢  0.40 kB[22m
[2mdist[22m/[94mimages/apps/wholesale.svg[39m                           [90m[32m-21%[39m[90m    [39m [2m5.13 kB ⭢  4.05 kB[22m
[2mdist[22m/[94mimages/astro/agent-eyebrow.svg[39m                      [90m[32m-57%[39m[90m    [39m [2m29.67 kB ⭢  12.97 kB[22m
[2mdist[22m/[94mimages/astro/cursor-eyebrow.svg[39m                     [90m[32m-43%[39m[90m    [39m [2m3.44 kB ⭢  1.99 kB[22m
[2mdist[22m/[94mimages/astro/memories-eyebrow.svg[39m                   [90m[32m-36%[39m[90m    [39m [2m1.18 kB ⭢  0.76 kB[22m
[2mdist[22m/[94mimages/astro/privacy.svg[39m                            [90m[32m-56%[39m[90m    [39m [2m87.82 kB ⭢  39.38 kB[22m
[2mdist[22m/[94mimages/astro/sidechat-eyebrow.svg[39m                   [90m[32m-54%[39m[90m    [39m [2m11.64 kB ⭢  5.45 kB[22m
[2mdist[22m/[94mimages/badges/app-store.svg[39m                         [90m[32m-61%[39m[90m    [39m [2m14.85 kB ⭢  5.88 kB[22m
[2mdist[22m/[94mimages/badges/google-play.svg[39m                       [90m[32m-66%[39m[90m    [39m [2m15.20 kB ⭢  5.25 kB[22m
[2mdist[22m/[94mimages/landing/agents-features-icons.svg[39m            [90m[32m-40%[39m[90m    [39m [2m60.21 kB ⭢  36.13 kB[22m
[2mdist[22m/[94mimages/landing/agents-security-icons-01.svg[39m         [90m[32m-58%[39m[90m    [39m [2m2.63 kB ⭢  1.13 kB[22m
[2mdist[22m/[94mimages/landing/agents-security-icons-02.svg[39m         [90m[32m-53%[39m[90m    [39m [2m1.14 kB ⭢  0.54 kB[22m
[2mdist[22m/[94mimages/landing/agents-security-icons-03.svg[39m         [90m[32m-57%[39m[90m    [39m [2m2.41 kB ⭢  1.04 kB[22m
[2mdist[22m/[94mimages/landing/agents-security-icons-04.svg[39m         [90m[32m-55%[39m[90m    [39m [2m3.15 kB ⭢  1.42 kB[22m
[2mdist[22m/[94mimages/landing/agents-security-icons-05.svg[39m         [90m[32m-61%[39m[90m    [39m [2m5.23 kB ⭢  2.08 kB[22m
[2mdist[22m/[94mimages/landing/agents-security-icons-06.svg[39m         [90m[32m-44%[39m[90m    [39m [2m3.89 kB ⭢  2.19 kB[22m
[2mdist[22m/[94mimages/landing/agents-security-icons-07.svg[39m         [90m[32m-48%[39m[90m    [39m [2m5.71 kB ⭢  2.97 kB[22m
[2mdist[22m/[94mimages/landing/agents-security-icons-08.svg[39m         [90m[32m-57%[39m[90m    [39m [2m3.77 kB ⭢  1.64 kB[22m
[2mdist[22m/[94mimages/landing/agents-security-icons-09.svg[39m         [90m[32m-56%[39m[90m    [39m [2m3.75 kB ⭢  1.68 kB[22m
[2mdist[22m/[94mimages/landing/agents-security-icons-10.svg[39m         [90m[32m-58%[39m[90m    [39m [2m3.35 kB ⭢  1.42 kB[22m
[2mdist[22m/[94mimages/landing/agents-security-icons-11.svg[39m         [90m[32m-54%[39m[90m    [39m [2m1.62 kB ⭢  0.76 kB[22m
[2mdist[22m/[94mimages/landing/agents-security-icons-12.svg[39m         [90m[32m-61%[39m[90m    [39m [2m4.30 kB ⭢  1.70 kB[22m
[2mdist[22m/[94mimages/landing/browser-frame.svg[39m                    [90m[32m-43%[39m[90m    [39m [2m26.12 kB ⭢  15.06 kB[22m
[2mdist[22m/[94mimages/landing/model-agnostic-popover.svg[39m           [90m[32m-57%[39m[90m    [39m [2m164.34 kB ⭢  72.17 kB[22m
[2mdist[22m/[94mlogo-mark.svg[39m                                       [90m[32m-37%[39m[90m    [39m [2m7.46 kB ⭢  4.73 kB[22m
[2mdist[22m/[94mai/cta-mobile-bg.png[39m                                [90m[32m-64%[39m[90m    [39m [2m134.62 kB ⭢  48.91 kB[22m
[2mdist[22m/[94mai/feature-otg.png[39m                                  [90m[32m-67%[39m[90m    [39m [2m251.33 kB ⭢  83.15 kB[22m
[2mdist[22m/[94mai/feature-integrations.png[39m                         [90m[32m-70%[39m[90m    [39m [2m210.31 kB ⭢  65.15 kB[22m
[2mdist[22m/[94mai/cta-desktop-bg.png[39m                               [90m[32m-26%[39m[90m    [39m [2m88.89 kB ⭢  66.01 kB[22m
[2mdist[22m/[94mai/research/06.webp[39m                                 [90m[32m-37%[39m[90m    [39m [2m93.74 kB ⭢  59.83 kB[22m
[2mdist[22m/[94mai/research/oxy-ai-models.webp[39m                      [90m[32m-11%[39m[90m    [39m [2m59.35 kB ⭢  52.86 kB[22m
[2mdist[22m/[94mai/research/oxy-ecosystem.webp[39m                      [90m[32m-9%[39m[90m     [39m [2m57.01 kB ⭢  52.29 kB[22m
[2mdist[22m/[94mai/hero-bg.png[39m                                      [90m[31m+136%[39m[90m    [39m [33m[1mskipped[22m[39m [2moriginal: 141.47 kB <= optimized: 334.89 kB[22m
[2mdist[22m/[94mai/research/oxy-logo.jpg[39m                            [90m[32m-31%[39m[90m    [39m [2m19.75 kB ⭢  13.74 kB[22m
[2mdist[22m/[94mai/research/oxy-open-ethical.webp[39m                   [90m[32m-3%[39m[90m     [39m [2m32.03 kB ⭢  31.34 kB[22m
[2mdist[22m/[94mai/research/oxy-human.webp[39m                          [90m[32m-15%[39m[90m    [39m [2m42.88 kB ⭢  36.56 kB[22m
[2mdist[22m/[94mfavicon-faircoin.png[39m                                [90m[32m-69%[39m[90m    [39m [2m18.86 kB ⭢  5.94 kB[22m
[2mdist[22m/[94mai/research/oxy-open-source.webp[39m                    [90m[32m-14%[39m[90m    [39m [2m81.87 kB ⭢  71.00 kB[22m
[2mdist[22m/[94mcompany/hero-bg.jpg[39m                                 [90m[32m-8%[39m[90m     [39m [2m266.13 kB ⭢  244.93 kB[22m
[2mdist[22m/[94mimages/apps/accounts.png[39m                            [90m[32m-81%[39m[90m    [39m [2m24.34 kB ⭢  4.80 kB[22m
[2mdist[22m/[94mai/shadow-bg.png[39m                                    [90m[31m+9%[39m[90m      [39m [33m[1mskipped[22m[39m [2moriginal: 103.81 kB <= optimized: 113.79 kB[22m
[2mdist[22m/[94mimages/apps/allo.png[39m                                [90m[32m-77%[39m[90m    [39m [2m34.81 kB ⭢  8.35 kB[22m
[2mdist[22m/[94mimages/apps/bloom.png[39m                               [90m[32m-76%[39m[90m    [39m [2m11.85 kB ⭢  2.90 kB[22m
[2mdist[22m/[94mimages/apps/clarity.png[39m                             [90m[32m-70%[39m[90m    [39m [2m5.25 kB ⭢  1.61 kB[22m
[2mdist[22m/[94mimages/404.png[39m                                      [90m[32m-66%[39m[90m    [39m [2m153.22 kB ⭢  53.23 kB[22m
[2mdist[22m/[94mimages/apps/codea.png[39m                               [90m[32m-75%[39m[90m    [39m [2m63.23 kB ⭢  16.08 kB[22m
[2mdist[22m/[94mimages/apps/faircoin-explorer.png[39m                   [90m[32m-73%[39m[90m    [39m [2m9.76 kB ⭢  2.69 kB[22m
[2mdist[22m/[94mimages/apps/commons-app.png[39m                         [90m[32m-76%[39m[90m    [39m [2m28.12 kB ⭢  6.80 kB[22m
[2mdist[22m/[94mimages/apps/faircoin.jpg[39m                            [90m[32m-23%[39m[90m    [39m [2m14.53 kB ⭢  11.33 kB[22m
[2mdist[22m/[94mimages/apps/faircoin-wallet.png[39m                     [90m[32m-75%[39m[90m    [39m [2m34.40 kB ⭢  8.79 kB[22m
[2mdist[22m/[94mimages/apps/homiio.png[39m                              [90m[32m-10%[39m[90m    [39m [2m21.86 kB ⭢  19.83 kB[22m
[2mdist[22m/[94mimages/apps/inbox.png[39m                               [90m[32m-78%[39m[90m    [39m [2m22.67 kB ⭢  5.20 kB[22m
[2mdist[22m/[94mimages/apps/kaana.png[39m                               [90m[32m-58%[39m[90m    [39m [2m49.60 kB ⭢  21.30 kB[22m
[2mdist[22m/[94mimages/apps/mercaria.png[39m                            [90m[32m-76%[39m[90m    [39m [2m20.38 kB ⭢  4.92 kB[22m
[2mdist[22m/[94mimages/apps/moovo.png[39m                               [90m[32m-59%[39m[90m    [39m [2m6.49 kB ⭢  2.68 kB[22m
[2mdist[22m/[94mimages/apps/mention.png[39m                             [90m[32m-65%[39m[90m    [39m [2m267.39 kB ⭢  95.24 kB[22m
[2mdist[22m/[94mimages/apps/peable.png[39m                              [90m[32m-83%[39m[90m    [39m [2m47.15 kB ⭢  8.43 kB[22m
[2mdist[22m/[94mimages/apps/tnp.png[39m                                 [90m[32m-77%[39m[90m    [39m [2m18.08 kB ⭢  4.31 kB[22m
[2mdist[22m/[94mimages/apps/wholesale.png[39m                           [90m[32m-66%[39m[90m    [39m [2m68.86 kB ⭢  23.74 kB[22m
[2mdist[22m/[94mimages/apps/oxyos.png[39m                               [90m[32m-73%[39m[90m    [39m [2m85.85 kB ⭢  23.34 kB[22m
[2mdist[22m/[94mimages/astro/astro-alia-capture.png[39m                 [90m[32m-63%[39m[90m    [39m [2m45.41 kB ⭢  16.92 kB[22m
[2mdist[22m/[94mimages/astro/astro-newtab-capture.png[39m               [90m[32m-37%[39m[90m    [39m [2m90.82 kB ⭢  57.38 kB[22m
[2mdist[22m/[94mimages/astro/astro-browser.webp[39m                     [90m[32m-6%[39m[90m     [39m [2m33.24 kB ⭢  31.56 kB[22m
[2mdist[22m/[94mimages/astro/astro-settings-capture.png[39m             [90m[32m-68%[39m[90m    [39m [2m82.70 kB ⭢  26.55 kB[22m
[2mdist[22m/[94mimages/astro/astro-newtab-window.png[39m                [90m[32m-59%[39m[90m    [39m [2m91.23 kB ⭢  37.52 kB[22m
[2mdist[22m/[94mimages/astro/cursor.png[39m                             [90m[31m+5%[39m[90m      [39m [33m[1mskipped[22m[39m [2moriginal: 34.07 kB <= optimized: 35.92 kB[22m
[2mdist[22m/[94mimages/astro/easy-to-use.png[39m                        [90m[31m+35%[39m[90m     [39m [33m[1mskipped[22m[39m [2moriginal: 15.17 kB <= optimized: 20.48 kB[22m
[2mdist[22m/[94mimages/astro/hero-bg.jpg[39m                            [90m[31m+26%[39m[90m     [39m [33m[1mskipped[22m[39m [2moriginal: 31.01 kB <= optimized: 39.25 kB[22m
[2mdist[22m/[94mimages/astro/hero-shot.webp[39m                         [90m[32m-14%[39m[90m    [39m [2m27.37 kB ⭢  23.59 kB[22m
[2mdist[22m/[94mai/pro-right.avif[39m                                   [90m[31m+22%[39m[90m     [39m [33m[1mskipped[22m[39m [2moriginal: 21.47 kB <= optimized: 26.35 kB[22m
[2mdist[22m/[94mimages/astro/icon.png[39m                               [90m[32m-67%[39m[90m    [39m [2m67.31 kB ⭢  22.56 kB[22m
[2mdist[22m/[94mai/pro-left.avif[39m                                    [90m[31m+14%[39m[90m     [39m [33m[1mskipped[22m[39m [2moriginal: 28.63 kB <= optimized: 32.82 kB[22m
[2mdist[22m/[94mimages/astro/make-it-custom.png[39m                     [90m[31m+666%[39m[90m    [39m [33m[1mskipped[22m[39m [2moriginal: 3.96 kB <= optimized: 30.37 kB[22m
[2mdist[22m/[94mimages/astro/smart-searches.png[39m                     [90m[31m+28%[39m[90m     [39m [33m[1mskipped[22m[39m [2moriginal: 3.55 kB <= optimized: 4.56 kB[22m
[2mdist[22m/[94mimages/cities/amsterdam.jpg[39m                         [90m[32m-13%[39m[90m    [39m [2m77.95 kB ⭢  68.58 kB[22m
[2mdist[22m/[94mimages/cities/athens.jpg[39m                            [90m[32m-12%[39m[90m    [39m [2m89.57 kB ⭢  79.67 kB[22m
[2mdist[22m/[94mimages/cities/barcelona.jpg[39m                         [90m[32m-12%[39m[90m    [39m [2m77.49 kB ⭢  68.93 kB[22m
[2mdist[22m/[94mimages/cities/berlin.jpg[39m                            [90m[32m-11%[39m[90m    [39m [2m72.69 kB ⭢  64.72 kB[22m
[2mdist[22m/[94mimages/cities/london.jpg[39m                            [90m[32m-12%[39m[90m    [39m [2m94.58 kB ⭢  83.80 kB[22m
[2mdist[22m/[94mimages/cities/paris.jpg[39m                             [90m[32m-12%[39m[90m    [39m [2m81.77 kB ⭢  72.00 kB[22m
[2mdist[22m/[94mimages/cities/rome.jpg[39m                              [90m[32m-12%[39m[90m    [39m [2m82.38 kB ⭢  73.30 kB[22m
[2mdist[22m/[94mimages/commons/crowd-poster.jpg[39m                     [90m[31m+12%[39m[90m     [39m [33m[1mskipped[22m[39m [2moriginal: 106.81 kB <= optimized: 119.78 kB[22m
[2mdist[22m/[94mimages/astro/agent.png[39m                              [90m[31m+148%[39m[90m    [39m [33m[1mskipped[22m[39m [2moriginal: 278.08 kB <= optimized: 691.59 kB[22m
[2mdist[22m/[94mimages/commons/hero-poster.jpg[39m                      [90m[31m+10%[39m[90m     [39m [33m[1mskipped[22m[39m [2moriginal: 75.99 kB <= optimized: 84.20 kB[22m
[2mdist[22m/[94mimages/dashboard/earth-night.jpg[39m                    [90m[32m-62%[39m[90m    [39m [2m249.30 kB ⭢  95.48 kB[22m
[2mdist[22m/[94mimages/dashboard/earth-day.jpg[39m                      [90m[32m-60%[39m[90m    [39m [2m452.23 kB ⭢  181.54 kB[22m
[2mdist[22m/[94mimages/astro/memories.png[39m                           [90m[31m+20%[39m[90m     [39m [33m[1mskipped[22m[39m [2moriginal: 94.25 kB <= optimized: 113.69 kB[22m
[2mdist[22m/[94mimages/help-og/account/add-recovery-email.png[39m       [90m[31m+111%[39m[90m    [39m [33m[1mskipped[22m[39m [2moriginal: 34.34 kB <= optimized: 72.59 kB[22m
[2mdist[22m/[94mimages/help-og/account/change-password.png[39m          [90m[31m+72%[39m[90m     [39m [33m[1mskipped[22m[39m [2moriginal: 35.61 kB <= optimized: 61.60 kB[22m
[2mdist[22m/[94mimages/faircoin/wallet-hero.jpg[39m                     [90m[31m+9%[39m[90m      [39m [33m[1mskipped[22m[39m [2moriginal: 107.00 kB <= optimized: 117.56 kB[22m
[2mdist[22m/[94mimages/dashboard/stars-milky-way.jpg[39m                [90m[32m-68%[39m[90m    [39m [2m245.56 kB ⭢  80.80 kB[22m
[2mdist[22m/[94mimages/help-og/account/delete-account.png[39m           [90m[31m+73%[39m[90m     [39m [33m[1mskipped[22m[39m [2moriginal: 37.45 kB <= optimized: 64.98 kB[22m
[2mdist[22m/[94mimages/help-og/auth/2fa-setup.png[39m                   [90m[31m+117%[39m[90m    [39m [33m[1mskipped[22m[39m [2moriginal: 36.33 kB <= optimized: 79.05 kB[22m
[2mdist[22m/[94mimages/help-og/auth/fedcm-overview.png[39m              [90m[31m+93%[39m[90m     [39m [33m[1mskipped[22m[39m [2moriginal: 38.67 kB <= optimized: 74.89 kB[22m
[2mdist[22m/[94mimages/help-og/auth/sign-in-flow.png[39m                [90m[31m+111%[39m[90m    [39m [33m[1mskipped[22m[39m [2moriginal: 37.55 kB <= optimized: 79.30 kB[22m
[2mdist[22m/[94mimages/help-og/console/api-keys.png[39m                 [90m[31m+129%[39m[90m    [39m [33m[1mskipped[22m[39m [2moriginal: 35.17 kB <= optimized: 80.63 kB[22m
[2mdist[22m/[94mimages/help-og/console/create-app.png[39m               [90m[31m+41%[39m[90m     [39m [33m[1mskipped[22m[39m [2moriginal: 40.91 kB <= optimized: 57.88 kB[22m
[2mdist[22m/[94mimages/astro/sidechat.png[39m                           [90m[31m+69%[39m[90m     [39m [33m[1mskipped[22m[39m [2moriginal: 185.85 kB <= optimized: 314.32 kB[22m
[2mdist[22m/[94mimages/help-og/console/usage-metrics.png[39m            [90m[31m+48%[39m[90m     [39m [33m[1mskipped[22m[39m [2moriginal: 39.61 kB <= optimized: 58.75 kB[22m
[2mdist[22m/[94mimages/help-og/es/account/add-recovery-email.png[39m    [90m[31m+70%[39m[90m     [39m [33m[1mskipped[22m[39m [2moriginal: 44.97 kB <= optimized: 76.86 kB[22m
[2mdist[22m/[94mimages/help-og/es/getting-started/welcome.png[39m       [90m[31m+123%[39m[90m    [39m [33m[1mskipped[22m[39m [2moriginal: 35.66 kB <= optimized: 79.75 kB[22m
[2mdist[22m/[94mimages/help-og/es/inbox/encryption.png[39m              [90m[31m+34%[39m[90m     [39m [33m[1mskipped[22m[39m [2moriginal: 39.56 kB <= optimized: 53.29 kB[22m
[2mdist[22m/[94mimages/help-og/getting-started/install-apps.png[39m     [90m[31m+58%[39m[90m     [39m [33m[1mskipped[22m[39m [2moriginal: 42.60 kB <= optimized: 67.72 kB[22m
[2mdist[22m/[94mimages/help-og/inbox/compose-message.png[39m            [90m[31m+49%[39m[90m     [39m [33m[1mskipped[22m[39m [2moriginal: 33.41 kB <= optimized: 49.94 kB[22m
[2mdist[22m/[94mimages/help-og/getting-started/welcome.png[39m          [90m[31m+121%[39m[90m    [39m [33m[1mskipped[22m[39m [2moriginal: 37.35 kB <= optimized: 82.80 kB[22m
[2mdist[22m/[94mimages/hero/emoji-handshake.png[39m                     [90m[32m-70%[39m[90m    [39m [2m17.35 kB ⭢  5.21 kB[22m
[2mdist[22m/[94mimages/help-og/inbox/encryption.png[39m                 [90m[31m+65%[39m[90m     [39m [33m[1mskipped[22m[39m [2moriginal: 43.34 kB <= optimized: 71.52 kB[22m
[2mdist[22m/[94mimages/hero/emoji-seedling.png[39m                      [90m[32m-55%[39m[90m    [39m [2m15.03 kB ⭢  6.86 kB[22m
[2mdist[22m/[94mimages/hero/emoji-globe.png[39m                         [90m[32m-65%[39m[90m    [39m [2m36.34 kB ⭢  13.05 kB[22m
[2mdist[22m/[94mimages/help-og/inbox/manage-labels.png[39m              [90m[31m+95%[39m[90m     [39m [33m[1mskipped[22m[39m [2moriginal: 36.02 kB <= optimized: 70.29 kB[22m
[2mdist[22m/[94mimages/hero/hero-1.webp[39m                             [90m[31m+12%[39m[90m     [39m [33m[1mskipped[22m[39m [2moriginal: 69.92 kB <= optimized: 78.42 kB[22m
[2mdist[22m/[94mimages/hero/hero-4.webp[39m                             [90m[31m+10%[39m[90m     [39m [33m[1mskipped[22m[39m [2moriginal: 46.58 kB <= optimized: 51.27 kB[22m
[2mdist[22m/[94mimages/hero/hero-2.jpg[39m                              [90m[32m-26%[39m[90m    [39m [2m44.92 kB ⭢  33.41 kB[22m
[2mdist[22m/[94mimages/hero/hero-5.jpg[39m                              [90m[32m-28%[39m[90m    [39m [2m243.09 kB ⭢  176.38 kB[22m
[2mdist[22m/[94mimages/hero/hero-3.webp[39m                             [90m[32m-9%[39m[90m     [39m [2m155.46 kB ⭢  142.51 kB[22m
[2mdist[22m/[94mimages/landing/agents-model-agnostic.webp[39m           [90m[32m-26%[39m[90m    [39m [2m187.02 kB ⭢  139.94 kB[22m
[2mdist[22m/[94mimages/hero/hero-6.avif[39m                             [90m[32m-50%[39m[90m    [39m [2m24.21 kB ⭢  12.21 kB[22m
[2mdist[22m/[94mimages/landing/company-band.jpg[39m                     [90m[31m+1%[39m[90m      [39m [33m[1mskipped[22m[39m [2moriginal: 225.92 kB <= optimized: 228.22 kB[22m
[2mdist[22m/[94mimages/landing/commons-night.webp[39m                   [90m[32m-13%[39m[90m    [39m [2m207.03 kB ⭢  181.90 kB[22m
[2mdist[22m/[94mimages/landing/agents-features-bg.webp[39m              [90m[32m-2%[39m[90m     [39m [2m453.31 kB ⭢  445.69 kB[22m
[2mdist[22m/[94mimages/landing/4lffisf9oaY443RqgB8sCKLHJc.avif[39m      [90m[32m0%[39m[90m      [39m [33m[1mskipped[22m[39m [2moriginal: 35.91 kB <= optimized: 36.19 kB[22m
[2mdist[22m/[94mimages/landing/faircoin-store.avif[39m                  [90m[31m+13%[39m[90m     [39m [33m[1mskipped[22m[39m [2moriginal: 16.99 kB <= optimized: 19.36 kB[22m
[2mdist[22m/[94mimages/landing/hero-panel-14953520-poster.webp[39m      [90m[32m-18%[39m[90m    [39m [2m31.48 kB ⭢  26.01 kB[22m
[2mdist[22m/[94mimages/landing/hero-bg-800.avif[39m                     [90m[31m+25%[39m[90m     [39m [33m[1mskipped[22m[39m [2moriginal: 12.74 kB <= optimized: 16.03 kB[22m
[2mdist[22m/[94mimages/landing/founder-quote.jpg[39m                    [90m[32m-15%[39m[90m    [39m [2m306.36 kB ⭢  263.41 kB[22m
[2mdist[22m/[94mimages/landing/faircoin-store.png[39m                   [90m[31m+7%[39m[90m      [39m [33m[1mskipped[22m[39m [2moriginal: 346.76 kB <= optimized: 372.00 kB[22m
[2mdist[22m/[94mimages/landing/hero-photo-03.avif[39m                   [90m[32m0%[39m[90m      [39m [33m[1mskipped[22m[39m [2moriginal: 12.50 kB <= optimized: 12.62 kB[22m
[2mdist[22m/[94mimages/landing/hero-panel-poster.webp[39m               [90m[31m+4%[39m[90m      [39m [33m[1mskipped[22m[39m [2moriginal: 117.47 kB <= optimized: 122.79 kB[22m
[2mdist[22m/[94mimages/landing/hero-bg-1200.avif[39m                    [90m[31m+26%[39m[90m     [39m [33m[1mskipped[22m[39m [2moriginal: 23.33 kB <= optimized: 29.59 kB[22m
[2mdist[22m/[94mimages/landing/identity-app.webp[39m                    [90m[32m-28%[39m[90m    [39m [2m26.89 kB ⭢  19.48 kB[22m
[2mdist[22m/[94mimages/landing/hero-photo-01.avif[39m                   [90m[32m0%[39m[90m      [39m [33m[1mskipped[22m[39m [2moriginal: 35.91 kB <= optimized: 36.19 kB[22m
[2mdist[22m/[94mimages/landing/oxy-logo.jpg[39m                         [90m[32m-31%[39m[90m    [39m [2m19.75 kB ⭢  13.74 kB[22m
[2mdist[22m/[94mimages/landing/hero-photo-02.avif[39m                   [90m[32m-1%[39m[90m     [39m [2m50.00 kB ⭢  49.90 kB[22m
[2mdist[22m/[94mimages/landing/video-thumb-act.webp[39m                 [90m[32m-8%[39m[90m     [39m [2m15.19 kB ⭢  14.03 kB[22m
[2mdist[22m/[94mimages/landing/video-thumb-analyze.webp[39m             [90m[32m-8%[39m[90m     [39m [2m30.81 kB ⭢  28.38 kB[22m
[2mdist[22m/[94mimages/landing/hero-photo-04.avif[39m                   [90m[31m+3%[39m[90m      [39m [33m[1mskipped[22m[39m [2moriginal: 106.27 kB <= optimized: 109.86 kB[22m
[2mdist[22m/[94mimages/landing/video-thumb-financial-services.webp[39m  [90m[32m-21%[39m[90m    [39m [2m66.19 kB ⭢  52.68 kB[22m
[2mdist[22m/[94mimages/landing/video-thumb-customer-support.webp[39m    [90m[32m-23%[39m[90m    [39m [2m118.60 kB ⭢  91.72 kB[22m
[2mdist[22m/[94mimages/landing/video-thumb-in-house-ops.webp[39m        [90m[32m-25%[39m[90m    [39m [2m92.09 kB ⭢  69.86 kB[22m
[2mdist[22m/[94mimages/mercaria/icon.png[39m                            [90m[32m-76%[39m[90m    [39m [2m20.38 kB ⭢  4.92 kB[22m
[2mdist[22m/[94mimages/landing/video-thumb-sales-teams.webp[39m         [90m[32m-24%[39m[90m    [39m [2m95.82 kB ⭢  73.75 kB[22m
[2mdist[22m/[94mimages/nav-bloom-ui.webp[39m                            [90m[32m-16%[39m[90m    [39m [2m73.19 kB ⭢  62.09 kB[22m
[2mdist[22m/[94mimages/landing/hero-bg.avif[39m                         [90m[32m-3%[39m[90m     [39m [2m72.13 kB ⭢  70.64 kB[22m
[2mdist[22m/[94mimages/nav-careers-card.webp[39m                        [90m[32m-6%[39m[90m     [39m [2m31.16 kB ⭢  29.34 kB[22m
[2mdist[22m/[94mimages/landing/team-banner.jpg[39m                      [90m[31m+13%[39m[90m     [39m [33m[1mskipped[22m[39m [2moriginal: 370.30 kB <= optimized: 419.84 kB[22m
[2mdist[22m/[94mimages/nav-resources-card.jpg[39m                       [90m[31m+17%[39m[90m     [39m [33m[1mskipped[22m[39m [2moriginal: 39.15 kB <= optimized: 45.81 kB[22m
[2mdist[22m/[94mimages/nav-build-with-us.jpg[39m                        [90m[32m0%[39m[90m      [39m [33m[1mskipped[22m[39m [2moriginal: 220.99 kB <= optimized: 221.15 kB[22m
[2mdist[22m/[94mimages/nav-ecosystem-card.webp[39m                      [90m[32m-41%[39m[90m    [39m [2m28.91 kB ⭢  17.18 kB[22m
[2mdist[22m/[94mimages/oxyos/control-center.jpg[39m                     [90m[32m-24%[39m[90m    [39m [2m128.75 kB ⭢  98.02 kB[22m
[2mdist[22m/[94mimages/nav-demo-card.jpg[39m                            [90m[32m-49%[39m[90m    [39m [2m218.79 kB ⭢  112.63 kB[22m
[2mdist[22m/[94mimages/oxyos/notifications.jpg[39m                      [90m[32m-24%[39m[90m    [39m [2m126.42 kB ⭢  96.83 kB[22m
[2mdist[22m/[94mimages/oxyos/screenshot-1.png[39m                       [90m[32m-61%[39m[90m    [39m [2m112.74 kB ⭢  44.52 kB[22m
[2mdist[22m/[94mimages/oxyos/os-desktop.jpg[39m                         [90m[32m-28%[39m[90m    [39m [2m206.88 kB ⭢  150.22 kB[22m
[2mdist[22m/[94mimages/oxyos/screenshot-2.png[39m                       [90m[32m-64%[39m[90m    [39m [2m134.46 kB ⭢  49.69 kB[22m
[2mdist[22m/[94mimages/oxyos/screenshot-4.png[39m                       [90m[32m-64%[39m[90m    [39m [2m120.18 kB ⭢  44.04 kB[22m
[2mdist[22m/[94mlogo.jpg[39m                                            [90m[32m-21%[39m[90m    [39m [2m14.18 kB ⭢  11.22 kB[22m
[2mdist[22m/[94mimages/oxyos/screenshot-3.png[39m                       [90m[32m-56%[39m[90m    [39m [2m134.95 kB ⭢  59.66 kB[22m
[2mdist[22m/[94mimages/screenshots/inbox-app.png[39m                    [90m[31m+3%[39m[90m      [39m [33m[1mskipped[22m[39m [2moriginal: 206.70 kB <= optimized: 213.65 kB[22m
[2mdist[22m/[94mimages/screenshots/alia-app.png[39m                     [90m[32m-67%[39m[90m    [39m [2m155.53 kB ⭢  51.93 kB[22m
[2mdist[22m/[94mimages/screenshots/mention-app.png[39m                  [90m[32m-2%[39m[90m     [39m [2m161.63 kB ⭢  159.58 kB[22m
[2mdist[22m/[94mimages/landing/value-people.avif[39m                    [90m[32m-37%[39m[90m    [39m [2m67.15 kB ⭢  42.53 kB[22m
[2mdist[22m/[94mog-default.png[39m                                      [90m[32m-2%[39m[90m     [39m [2m145.15 kB ⭢  142.41 kB[22m
[2mdist[22m/[94mpartners/alejandra.avif[39m                             [90m[32m-31%[39m[90m    [39m [2m18.20 kB ⭢  12.68 kB[22m
[2mdist[22m/[94mpartners/ton.avif[39m                                   [90m[32m-20%[39m[90m    [39m [2m16.79 kB ⭢  13.58 kB[22m
[2mdist[22m/[94mog-faircoin.png[39m                                     [90m[32m-45%[39m[90m    [39m [2m122.84 kB ⭢  67.59 kB[22m
[2mdist[22m/[94mai/research/ai-research-bg.png[39m                      [90m[32m-3%[39m[90m     [39m [2m558.44 kB ⭢  543.10 kB[22m
[2mdist[22m/[94mpartners/desiree.avif[39m                               [90m[32m-37%[39m[90m    [39m [2m20.87 kB ⭢  13.25 kB[22m
[2mdist[22m/[94mai/research/faircoin-stage.png[39m                      [90m[32m-6%[39m[90m     [39m [2m568.25 kB ⭢  538.49 kB[22m
[2mdist[22m/[94mai/research/mention-people.png[39m                      [90m[32m-10%[39m[90m    [39m [2m665.44 kB ⭢  601.60 kB[22m
[2mdist[22m/[94mai/research/oxy-ai-models.png[39m                       [90m[31m+3%[39m[90m      [39m [33m[1mskipped[22m[39m [2moriginal: 554.85 kB <= optimized: 571.92 kB[22m
[2mdist[22m/[94mimages/dashboard/moon.jpg[39m                           [90m[32m-52%[39m[90m    [39m [2m1029.17 kB ⭢  500.88 kB[22m
[2mdist[22m/[94mai/research/oxy-open-design.png[39m                     [90m[31m+2%[39m[90m      [39m [33m[1mskipped[22m[39m [2moriginal: 659.53 kB <= optimized: 677.74 kB[22m
[2mdist[22m/[94mimages/landing/spacex-launch.jpg[39m                    [90m[32m-15%[39m[90m    [39m [2m599.15 kB ⭢  511.05 kB[22m
[2mdist[22m/[94mimages/landing/partnerships-banner.avif[39m             [90m[32m-3%[39m[90m     [39m [2m72.13 kB ⭢  70.64 kB[22m
[2mdist[22m/[94mimages/landing/alia-card.png[39m                        [90m[32m-69%[39m[90m    [39m [2m1454.08 kB ⭢  459.78 kB[22m
[2mdist[22m/[94mimages/landing/astro-desktop.png[39m                    [90m[32m-68%[39m[90m    [39m [2m1436.92 kB ⭢  464.15 kB[22m
[2mdist[22m/[94mimages/landing/faircoin-phone.png[39m                   [90m[32m-66%[39m[90m    [39m [2m2005.56 kB ⭢  686.13 kB[22m
[2mdist[22m/[94mimages/landing/homiio-phone.png[39m                     [90m[32m-55%[39m[90m    [39m [2m1974.77 kB ⭢  908.14 kB[22m
[2mdist[22m/[94mimages/landing/inbox-phone.png[39m                      [90m[32m-71%[39m[90m    [39m [2m1931.45 kB ⭢  570.87 kB[22m
[2mdist[22m/[94mimages/landing/mercaria-card.png[39m                    [90m[32m-63%[39m[90m    [39m [2m1613.16 kB ⭢  608.16 kB[22m
[2mdist[22m/[94mimages/landing/mention-laptop.png[39m                   [90m[32m-69%[39m[90m    [39m [2m1929.68 kB ⭢  600.13 kB[22m
[2mdist[22m/[94mimages/landing/oxyos-laptop.png[39m                     [90m[32m-65%[39m[90m    [39m [2m2014.86 kB ⭢  713.09 kB[22m

💰 total savings = [32m13628.89kB[39m/[32m27576.34kB[39m ≈ [32m49%[39m


$ bun scripts/build-docs-search-index.ts && NODE_ENV=production bun scripts/prerender.ts && bun scripts/build-csp-headers.ts && bun run test:ai:dist && bun run test:routing && bun run test:link-audit && bun scripts/run-pagefind.ts && bun run test:theme:browser && bun run test:docs:browser && bun run test:bloom-demos:browser && bun run test:bloom-landing:browser
[build-docs-search-index] wrote 14 Help pages to dist/help-content/.
[build-docs-search-index] wrote 6 Academy pages to dist/academy-content/.
[build-docs-search-index] wrote 5 Company pages to dist/company-content/.
[build-docs-search-index] newsroom API returned 503 — skipping blog.
[build-docs-search-index] wrote 0 Newsroom posts to dist/newsroom-content/.
[build-docs-search-index] wrote 2992 pages total (3036 entries under /home/nate/Oxy/website/.worktrees/1519-final-sdk-adoption-20261003/dist/docs-content).
[prerender] building SSR bundle…
[prerender] locales API returned 503 — no locale-prefixed pages.
[prerender] features API returned 503 for sort=votes
[prerender] newsroom API returned 503
[prerender] features API returned 503 for sort=newest
[prerender] no translation-ready locales — emitting default-locale routes only. This is expected until a locale crosses the server-side readiness threshold.
[prerender] file budget: 9928 assets + 3275 routes = ~13203 (budget 18000, Cloudflare limit 20000)
[prerender] wrote app-shell.html + 404.html
[prerender] wrote _redirects (38 rules)
[prerender] wrote sitemap.xml (3131 urls, 0 alternate locales)
[prerender] wrote newsroom.xml (0 articles)
[prerender] rendering 3275 routes…
[prerender] 100/3275[prerender] 200/3275[prerender] 300/3275[prerender] 400/3275[prerender] 500/3275[prerender] 600/3275[prerender] 700/3275[prerender] 800/3275[prerender] 900/3275[prerender] 1000/3275[prerender] 1100/3275[prerender] 1200/3275[prerender] 1300/3275[prerender] 1400/3275[prerender] 1500/3275[prerender] 1600/3275[prerender] 1700/3275[prerender] 1800/3275[prerender] 1900/3275[prerender] 2000/3275[prerender] 2100/3275[prerender] 2200/3275[prerender] 2300/3275[prerender] 2400/3275[prerender] 2500/3275[prerender] 2600/3275[prerender] 2700/3275[prerender] 2800/3275[prerender] 2900/3275[prerender] 3000/3275[prerender] 3100/3275[prerender] 3200/3275[prerender] 3275/3275
[prerender] wrote 3275 routes (0 failed) in 62.2s
[prerender] prose capped at 40000 chars on 25 route(s); largest was /developers/docs/core/main/api/classes/OxyServices at 244443
[csp] wrote 3 inline-script hashes into dist/_headers
$ bun scripts/ai-dist-guard.ts
[ai-dist-guard] ok — 12885 files scanned, nothing internal-only in dist
$ bun scripts/routing-contract.test.ts
[routing-contract] ok — 94 declared routes, 3297 documents, 38 redirect rules
$ bun scripts/link-audit.ts
[link-audit] ok — 3198 internal URLs, every one resolves to a document
[run-pagefind] running Pagefind on dist/ ...

Running Pagefind v1.5.2 (Extended)
Running from: "/home/nate/Oxy/website/.worktrees/1519-final-sdk-adoption-20261003"
Source:       "dist"
Output:       "dist/pagefind"

[Walking source directory]
Found 6271 files matching **/*.{html}

[Parsing files]
Found a data-pagefind-body element on the site.
↳ Ignoring pages without this tag.

[Reading languages]
Discovered 1 language: en

[Building search indexes]
Total: 
  Indexed 1 language
  Indexed 2992 pages
  Indexed 47894 words
  Indexed 0 filters
  Indexed 0 sorts

Finished in 1.627 seconds
[run-pagefind] removed build-only stubs: dist/docs-content/
[run-pagefind] removed build-only stubs: dist/help-content/
[run-pagefind] removed build-only stubs: dist/company-content/
[run-pagefind] removed build-only stubs: dist/academy-content/
$ bun scripts/theme-prepaint.browser.test.ts
[theme-prepaint] cobalt prepaint matches React; the isolated demo route restores light mode
$ bun scripts/docs-special-routes.browser.test.ts
[docs-special-routes] global chrome, playgrounds, catalog previews/search, example tabs, install commands, mobile navigation, light/dark prepaint and responsive overflow passed
$ bun scripts/bloom-demos.browser.test.ts
[bloom-demos] 17 demos rendered with no errors
$ bun scripts/bloom-landing.browser.test.ts
[bloom-landing] light/dark prepaint, desktop/tablet/mobile layout, previews, table, FAQ and Spanish route passed
